{"timestamp":"2025-09-01T17:35:44.973Z","level":"WARN","message":"DigitalOcean Spaces configuration incomplete. Some environment variables are missing.","data":null}
{"timestamp":"2025-09-01T17:37:05.749Z","level":"WARN","message":"DigitalOcean Spaces configuration incomplete. Some environment variables are missing.","data":null}
{"timestamp":"2025-09-01T17:37:05.765Z","level":"INFO","message":"Server started successfully","data":{"host":"192.168.1.146","port":"8003","environment":"development","timestamp":"2025-09-01T17:37:05.765Z"}}
{"timestamp":"2025-09-01T17:38:04.343Z","level":"ERROR","message":"JWT verification failed","data":{"error":"invalid signature","path":"/all-user"}}
{"timestamp":"2025-09-01T17:38:04.345Z","level":"ERROR","message":"Request Error","data":{"method":"GET","url":"/all-user","statusCode":400,"duration":"6ms","headers":{"authorization":"Bearer ***"},"body":null,"files":null}}
{"timestamp":"2025-09-01T17:38:04.349Z","level":"ERROR","message":"JWT verification failed","data":{"error":"invalid signature","path":"/all-user"}}
{"timestamp":"2025-09-01T17:38:04.351Z","level":"ERROR","message":"Request Error","data":{"method":"GET","url":"/all-user","statusCode":400,"duration":"4ms","headers":{"authorization":"Bearer ***"},"body":null,"files":null}}
{"timestamp":"2025-09-01T17:38:16.952Z","level":"INFO","message":"User account status","data":{"activationMode":null,"_id":"6893398fedbebc3fbf926004","firstname":"Aremu","lastname":"Olakunle","email":"colprince31@gmail.com","password":"$2b$10$JWs.jQvK6M98mBafm5aPfubdF7lAN5PXcRhvPVa56f3g34s441aNm","status":"active","role":"admin","emailVerificationOTP":"2078","emailVerificationExpires":"2025-08-06T11:31:31.018Z","isEmailVerified":true,"isPro":true,"profileUpdateCount":0,"createdAt":"2025-08-06T11:16:31.021Z","updatedAt":"2025-08-11T16:14:38.859Z","__v":0,"proExpiresAt":"2026-08-11T16:14:38.596Z"}}
{"timestamp":"2025-09-01T17:38:17.425Z","level":"INFO","message":"User account status","data":{"activationMode":null,"_id":"6893398fedbebc3fbf926004","firstname":"Aremu","lastname":"Olakunle","email":"colprince31@gmail.com","password":"$2b$10$JWs.jQvK6M98mBafm5aPfubdF7lAN5PXcRhvPVa56f3g34s441aNm","status":"active","role":"admin","emailVerificationOTP":"2078","emailVerificationExpires":"2025-08-06T11:31:31.018Z","isEmailVerified":true,"isPro":true,"profileUpdateCount":0,"createdAt":"2025-08-06T11:16:31.021Z","updatedAt":"2025-08-11T16:14:38.859Z","__v":0,"proExpiresAt":"2026-08-11T16:14:38.596Z"}}
{"timestamp":"2025-09-01T17:38:17.429Z","level":"INFO","message":"User account status","data":{"activationMode":null,"_id":"6893398fedbebc3fbf926004","firstname":"Aremu","lastname":"Olakunle","email":"colprince31@gmail.com","password":"$2b$10$JWs.jQvK6M98mBafm5aPfubdF7lAN5PXcRhvPVa56f3g34s441aNm","status":"active","role":"admin","emailVerificationOTP":"2078","emailVerificationExpires":"2025-08-06T11:31:31.018Z","isEmailVerified":true,"isPro":true,"profileUpdateCount":0,"createdAt":"2025-08-06T11:16:31.021Z","updatedAt":"2025-08-11T16:14:38.859Z","__v":0,"proExpiresAt":"2026-08-11T16:14:38.596Z"}}
{"timestamp":"2025-09-01T17:38:17.656Z","level":"ERROR","message":"Request Error","data":{"method":"GET","url":"/admin/all-subscriptions","statusCode":404,"duration":"462ms","headers":{"authorization":"Bearer ***"},"body":null,"files":null}}
{"timestamp":"2025-09-01T17:38:17.904Z","level":"INFO","message":"User account status","data":{"activationMode":null,"_id":"6893398fedbebc3fbf926004","firstname":"Aremu","lastname":"Olakunle","email":"colprince31@gmail.com","password":"$2b$10$JWs.jQvK6M98mBafm5aPfubdF7lAN5PXcRhvPVa56f3g34s441aNm","status":"active","role":"admin","emailVerificationOTP":"2078","emailVerificationExpires":"2025-08-06T11:31:31.018Z","isEmailVerified":true,"isPro":true,"profileUpdateCount":0,"createdAt":"2025-08-06T11:16:31.021Z","updatedAt":"2025-08-11T16:14:38.859Z","__v":0,"proExpiresAt":"2026-08-11T16:14:38.596Z"}}
{"timestamp":"2025-09-01T17:38:18.140Z","level":"ERROR","message":"Request Error","data":{"method":"GET","url":"/admin/all-subscriptions","statusCode":404,"duration":"482ms","headers":{"authorization":"Bearer ***"},"body":null,"files":null}}
{"timestamp":"2025-09-01T17:38:20.034Z","level":"INFO","message":"User account status","data":{"activationMode":null,"_id":"6893398fedbebc3fbf926004","firstname":"Aremu","lastname":"Olakunle","email":"colprince31@gmail.com","password":"$2b$10$JWs.jQvK6M98mBafm5aPfubdF7lAN5PXcRhvPVa56f3g34s441aNm","status":"active","role":"admin","emailVerificationOTP":"2078","emailVerificationExpires":"2025-08-06T11:31:31.018Z","isEmailVerified":true,"isPro":true,"profileUpdateCount":0,"createdAt":"2025-08-06T11:16:31.021Z","updatedAt":"2025-08-11T16:14:38.859Z","__v":0,"proExpiresAt":"2026-08-11T16:14:38.596Z"}}
{"timestamp":"2025-09-01T17:38:20.510Z","level":"INFO","message":"User account status","data":{"activationMode":null,"_id":"6893398fedbebc3fbf926004","firstname":"Aremu","lastname":"Olakunle","email":"colprince31@gmail.com","password":"$2b$10$JWs.jQvK6M98mBafm5aPfubdF7lAN5PXcRhvPVa56f3g34s441aNm","status":"active","role":"admin","emailVerificationOTP":"2078","emailVerificationExpires":"2025-08-06T11:31:31.018Z","isEmailVerified":true,"isPro":true,"profileUpdateCount":0,"createdAt":"2025-08-06T11:16:31.021Z","updatedAt":"2025-08-11T16:14:38.859Z","__v":0,"proExpiresAt":"2026-08-11T16:14:38.596Z"}}
{"timestamp":"2025-09-01T17:38:20.979Z","level":"INFO","message":"User account status","data":{"activationMode":null,"_id":"6893398fedbebc3fbf926004","firstname":"Aremu","lastname":"Olakunle","email":"colprince31@gmail.com","password":"$2b$10$JWs.jQvK6M98mBafm5aPfubdF7lAN5PXcRhvPVa56f3g34s441aNm","status":"active","role":"admin","emailVerificationOTP":"2078","emailVerificationExpires":"2025-08-06T11:31:31.018Z","isEmailVerified":true,"isPro":true,"profileUpdateCount":0,"createdAt":"2025-08-06T11:16:31.021Z","updatedAt":"2025-08-11T16:14:38.859Z","__v":0,"proExpiresAt":"2026-08-11T16:14:38.596Z"}}
{"timestamp":"2025-09-01T17:38:26.253Z","level":"INFO","message":"User account status","data":{"activationMode":null,"_id":"6893398fedbebc3fbf926004","firstname":"Aremu","lastname":"Olakunle","email":"colprince31@gmail.com","password":"$2b$10$JWs.jQvK6M98mBafm5aPfubdF7lAN5PXcRhvPVa56f3g34s441aNm","status":"active","role":"admin","emailVerificationOTP":"2078","emailVerificationExpires":"2025-08-06T11:31:31.018Z","isEmailVerified":true,"isPro":true,"profileUpdateCount":0,"createdAt":"2025-08-06T11:16:31.021Z","updatedAt":"2025-08-11T16:14:38.859Z","__v":0,"proExpiresAt":"2026-08-11T16:14:38.596Z"}}
{"timestamp":"2025-09-01T17:38:27.028Z","level":"INFO","message":"User account status","data":{"activationMode":null,"_id":"6893398fedbebc3fbf926004","firstname":"Aremu","lastname":"Olakunle","email":"colprince31@gmail.com","password":"$2b$10$JWs.jQvK6M98mBafm5aPfubdF7lAN5PXcRhvPVa56f3g34s441aNm","status":"active","role":"admin","emailVerificationOTP":"2078","emailVerificationExpires":"2025-08-06T11:31:31.018Z","isEmailVerified":true,"isPro":true,"profileUpdateCount":0,"createdAt":"2025-08-06T11:16:31.021Z","updatedAt":"2025-08-11T16:14:38.859Z","__v":0,"proExpiresAt":"2026-08-11T16:14:38.596Z"}}
{"timestamp":"2025-09-01T17:38:31.638Z","level":"INFO","message":"User account status","data":{"activationMode":null,"_id":"6893398fedbebc3fbf926004","firstname":"Aremu","lastname":"Olakunle","email":"colprince31@gmail.com","password":"$2b$10$JWs.jQvK6M98mBafm5aPfubdF7lAN5PXcRhvPVa56f3g34s441aNm","status":"active","role":"admin","emailVerificationOTP":"2078","emailVerificationExpires":"2025-08-06T11:31:31.018Z","isEmailVerified":true,"isPro":true,"profileUpdateCount":0,"createdAt":"2025-08-06T11:16:31.021Z","updatedAt":"2025-08-11T16:14:38.859Z","__v":0,"proExpiresAt":"2026-08-11T16:14:38.596Z"}}
{"timestamp":"2025-09-01T17:39:01.466Z","level":"INFO","message":"User account status","data":{"activationMode":null,"_id":"6893398fedbebc3fbf926004","firstname":"Aremu","lastname":"Olakunle","email":"colprince31@gmail.com","password":"$2b$10$JWs.jQvK6M98mBafm5aPfubdF7lAN5PXcRhvPVa56f3g34s441aNm","status":"active","role":"admin","emailVerificationOTP":"2078","emailVerificationExpires":"2025-08-06T11:31:31.018Z","isEmailVerified":true,"isPro":true,"profileUpdateCount":0,"createdAt":"2025-08-06T11:16:31.021Z","updatedAt":"2025-08-11T16:14:38.859Z","__v":0,"proExpiresAt":"2026-08-11T16:14:38.596Z"}}
{"timestamp":"2025-09-01T17:39:01.615Z","level":"DEBUG","message":"Multer upload successful","data":{"files":["soundFile","thumbnail"],"body":{"title":"test","description":"tester","status":"Standard","categories":"[]"}}}
{"timestamp":"2025-09-01T17:39:01.615Z","level":"INFO","message":"Creating new sound","data":{"body":{"title":"test","description":"tester","status":"Standard","categories":"[]"},"files":["soundFile","thumbnail"],"userId":"6893398fedbebc3fbf926004"}}
{"timestamp":"2025-09-01T17:39:01.844Z","level":"DEBUG","message":"Local file paths","data":{"soundFilePath":"uploads/sounds/1756748341469-frequency-of-sleep-meditation-113050.mp3","thumbnailPath":"uploads/thumbnails/1756748341613-61QP2ZVqu6L._SL500_.jpg"}}
{"timestamp":"2025-09-01T17:39:01.844Z","level":"DEBUG","message":"Extracting audio metadata from local file","data":null}
{"timestamp":"2025-09-01T17:39:01.853Z","level":"DEBUG","message":"Audio metadata extracted","data":{"duration":1800.792}}
{"timestamp":"2025-09-01T17:39:01.853Z","level":"DEBUG","message":"Categories parsed successfully","data":{"categories":[]}}
{"timestamp":"2025-09-01T17:39:01.855Z","level":"INFO","message":"New sound object created","data":{"title":"test","status":"Standard","duration":1800.792,"soundId":"68b5da35a66c29d75ad5d541"}}
{"timestamp":"2025-09-01T17:39:02.091Z","level":"INFO","message":"Sound saved successfully","data":{"soundId":"68b5da35a66c29d75ad5d541"}}
{"timestamp":"2025-09-01T17:39:02.094Z","level":"INFO","message":"Starting asynchronous file uploads","data":{"soundId":"68b5da35a66c29d75ad5d541"}}
{"timestamp":"2025-09-01T17:39:02.095Z","level":"WARN","message":"DigitalOcean Spaces not configured, using local storage","data":{"soundId":"68b5da35a66c29d75ad5d541"}}
{"timestamp":"2025-09-01T17:39:02.393Z","level":"INFO","message":"User account status","data":{"activationMode":null,"_id":"6893398fedbebc3fbf926004","firstname":"Aremu","lastname":"Olakunle","email":"colprince31@gmail.com","password":"$2b$10$JWs.jQvK6M98mBafm5aPfubdF7lAN5PXcRhvPVa56f3g34s441aNm","status":"active","role":"admin","emailVerificationOTP":"2078","emailVerificationExpires":"2025-08-06T11:31:31.018Z","isEmailVerified":true,"isPro":true,"profileUpdateCount":0,"createdAt":"2025-08-06T11:16:31.021Z","updatedAt":"2025-08-11T16:14:38.859Z","__v":0,"proExpiresAt":"2026-08-11T16:14:38.596Z"}}
{"timestamp":"2025-09-01T17:39:02.395Z","level":"INFO","message":"Sound record updated with file URLs","data":{"soundId":"68b5da35a66c29d75ad5d541","soundFileUrl":"uploads/sounds/1756748341469-frequency-of-sleep-meditation-113050.mp3","thumbnailUrl":"uploads/thumbnails/1756748341613-61QP2ZVqu6L._SL500_.jpg"}}
{"timestamp":"2025-09-01T17:39:03.114Z","level":"INFO","message":"User account status","data":{"activationMode":null,"_id":"6893398fedbebc3fbf926004","firstname":"Aremu","lastname":"Olakunle","email":"colprince31@gmail.com","password":"$2b$10$JWs.jQvK6M98mBafm5aPfubdF7lAN5PXcRhvPVa56f3g34s441aNm","status":"active","role":"admin","emailVerificationOTP":"2078","emailVerificationExpires":"2025-08-06T11:31:31.018Z","isEmailVerified":true,"isPro":true,"profileUpdateCount":0,"createdAt":"2025-08-06T11:16:31.021Z","updatedAt":"2025-08-11T16:14:38.859Z","__v":0,"proExpiresAt":"2026-08-11T16:14:38.596Z"}}
{"timestamp":"2025-09-01T17:39:09.132Z","level":"INFO","message":"User account status","data":{"activationMode":null,"_id":"6893398fedbebc3fbf926004","firstname":"Aremu","lastname":"Olakunle","email":"colprince31@gmail.com","password":"$2b$10$JWs.jQvK6M98mBafm5aPfubdF7lAN5PXcRhvPVa56f3g34s441aNm","status":"active","role":"admin","emailVerificationOTP":"2078","emailVerificationExpires":"2025-08-06T11:31:31.018Z","isEmailVerified":true,"isPro":true,"profileUpdateCount":0,"createdAt":"2025-08-06T11:16:31.021Z","updatedAt":"2025-08-11T16:14:38.859Z","__v":0,"proExpiresAt":"2026-08-11T16:14:38.596Z"}}
{"timestamp":"2025-09-01T17:39:09.929Z","level":"INFO","message":"User account status","data":{"activationMode":null,"_id":"6893398fedbebc3fbf926004","firstname":"Aremu","lastname":"Olakunle","email":"colprince31@gmail.com","password":"$2b$10$JWs.jQvK6M98mBafm5aPfubdF7lAN5PXcRhvPVa56f3g34s441aNm","status":"active","role":"admin","emailVerificationOTP":"2078","emailVerificationExpires":"2025-08-06T11:31:31.018Z","isEmailVerified":true,"isPro":true,"profileUpdateCount":0,"createdAt":"2025-08-06T11:16:31.021Z","updatedAt":"2025-08-11T16:14:38.859Z","__v":0,"proExpiresAt":"2026-08-11T16:14:38.596Z"}}
{"timestamp":"2025-09-01T17:39:09.945Z","level":"INFO","message":"User account status","data":{"activationMode":null,"_id":"6893398fedbebc3fbf926004","firstname":"Aremu","lastname":"Olakunle","email":"colprince31@gmail.com","password":"$2b$10$JWs.jQvK6M98mBafm5aPfubdF7lAN5PXcRhvPVa56f3g34s441aNm","status":"active","role":"admin","emailVerificationOTP":"2078","emailVerificationExpires":"2025-08-06T11:31:31.018Z","isEmailVerified":true,"isPro":true,"profileUpdateCount":0,"createdAt":"2025-08-06T11:16:31.021Z","updatedAt":"2025-08-11T16:14:38.859Z","__v":0,"proExpiresAt":"2026-08-11T16:14:38.596Z"}}
{"timestamp":"2025-09-01T17:39:10.187Z","level":"ERROR","message":"Request Error","data":{"method":"GET","url":"/admin/all-subscriptions","statusCode":404,"duration":"494ms","headers":{"authorization":"Bearer ***"},"body":null,"files":null}}
{"timestamp":"2025-09-01T17:39:10.408Z","level":"INFO","message":"User account status","data":{"activationMode":null,"_id":"6893398fedbebc3fbf926004","firstname":"Aremu","lastname":"Olakunle","email":"colprince31@gmail.com","password":"$2b$10$JWs.jQvK6M98mBafm5aPfubdF7lAN5PXcRhvPVa56f3g34s441aNm","status":"active","role":"admin","emailVerificationOTP":"2078","emailVerificationExpires":"2025-08-06T11:31:31.018Z","isEmailVerified":true,"isPro":true,"profileUpdateCount":0,"createdAt":"2025-08-06T11:16:31.021Z","updatedAt":"2025-08-11T16:14:38.859Z","__v":0,"proExpiresAt":"2026-08-11T16:14:38.596Z"}}
{"timestamp":"2025-09-01T17:39:10.638Z","level":"ERROR","message":"Request Error","data":{"method":"GET","url":"/admin/all-subscriptions","statusCode":404,"duration":"449ms","headers":{"authorization":"Bearer ***"},"body":null,"files":null}}
{"timestamp":"2025-09-01T17:39:10.889Z","level":"INFO","message":"User account status","data":{"activationMode":null,"_id":"6893398fedbebc3fbf926004","firstname":"Aremu","lastname":"Olakunle","email":"colprince31@gmail.com","password":"$2b$10$JWs.jQvK6M98mBafm5aPfubdF7lAN5PXcRhvPVa56f3g34s441aNm","status":"active","role":"admin","emailVerificationOTP":"2078","emailVerificationExpires":"2025-08-06T11:31:31.018Z","isEmailVerified":true,"isPro":true,"profileUpdateCount":0,"createdAt":"2025-08-06T11:16:31.021Z","updatedAt":"2025-08-11T16:14:38.859Z","__v":0,"proExpiresAt":"2026-08-11T16:14:38.596Z"}}
{"timestamp":"2025-09-01T17:39:11.584Z","level":"INFO","message":"User account status","data":{"activationMode":null,"_id":"6893398fedbebc3fbf926004","firstname":"Aremu","lastname":"Olakunle","email":"colprince31@gmail.com","password":"$2b$10$JWs.jQvK6M98mBafm5aPfubdF7lAN5PXcRhvPVa56f3g34s441aNm","status":"active","role":"admin","emailVerificationOTP":"2078","emailVerificationExpires":"2025-08-06T11:31:31.018Z","isEmailVerified":true,"isPro":true,"profileUpdateCount":0,"createdAt":"2025-08-06T11:16:31.021Z","updatedAt":"2025-08-11T16:14:38.859Z","__v":0,"proExpiresAt":"2026-08-11T16:14:38.596Z"}}
{"timestamp":"2025-09-01T17:39:33.852Z","level":"INFO","message":"User account status","data":{"activationMode":null,"_id":"6893398fedbebc3fbf926004","firstname":"Aremu","lastname":"Olakunle","email":"colprince31@gmail.com","password":"$2b$10$JWs.jQvK6M98mBafm5aPfubdF7lAN5PXcRhvPVa56f3g34s441aNm","status":"active","role":"admin","emailVerificationOTP":"2078","emailVerificationExpires":"2025-08-06T11:31:31.018Z","isEmailVerified":true,"isPro":true,"profileUpdateCount":0,"createdAt":"2025-08-06T11:16:31.021Z","updatedAt":"2025-08-11T16:14:38.859Z","__v":0,"proExpiresAt":"2026-08-11T16:14:38.596Z"}}
{"timestamp":"2025-09-01T17:39:50.117Z","level":"INFO","message":"User account status","data":{"activationMode":null,"_id":"6893398fedbebc3fbf926004","firstname":"Aremu","lastname":"Olakunle","email":"colprince31@gmail.com","password":"$2b$10$JWs.jQvK6M98mBafm5aPfubdF7lAN5PXcRhvPVa56f3g34s441aNm","status":"active","role":"admin","emailVerificationOTP":"2078","emailVerificationExpires":"2025-08-06T11:31:31.018Z","isEmailVerified":true,"isPro":true,"profileUpdateCount":0,"createdAt":"2025-08-06T11:16:31.021Z","updatedAt":"2025-08-11T16:14:38.859Z","__v":0,"proExpiresAt":"2026-08-11T16:14:38.596Z"}}
{"timestamp":"2025-09-01T17:39:50.639Z","level":"INFO","message":"User account status","data":{"activationMode":null,"_id":"6893398fedbebc3fbf926004","firstname":"Aremu","lastname":"Olakunle","email":"colprince31@gmail.com","password":"$2b$10$JWs.jQvK6M98mBafm5aPfubdF7lAN5PXcRhvPVa56f3g34s441aNm","status":"active","role":"admin","emailVerificationOTP":"2078","emailVerificationExpires":"2025-08-06T11:31:31.018Z","isEmailVerified":true,"isPro":true,"profileUpdateCount":0,"createdAt":"2025-08-06T11:16:31.021Z","updatedAt":"2025-08-11T16:14:38.859Z","__v":0,"proExpiresAt":"2026-08-11T16:14:38.596Z"}}
{"timestamp":"2025-09-01T17:39:50.642Z","level":"INFO","message":"User account status","data":{"activationMode":null,"_id":"6893398fedbebc3fbf926004","firstname":"Aremu","lastname":"Olakunle","email":"colprince31@gmail.com","password":"$2b$10$JWs.jQvK6M98mBafm5aPfubdF7lAN5PXcRhvPVa56f3g34s441aNm","status":"active","role":"admin","emailVerificationOTP":"2078","emailVerificationExpires":"2025-08-06T11:31:31.018Z","isEmailVerified":true,"isPro":true,"profileUpdateCount":0,"createdAt":"2025-08-06T11:16:31.021Z","updatedAt":"2025-08-11T16:14:38.859Z","__v":0,"proExpiresAt":"2026-08-11T16:14:38.596Z"}}
{"timestamp":"2025-09-01T17:39:50.871Z","level":"ERROR","message":"Request Error","data":{"method":"GET","url":"/admin/all-subscriptions","statusCode":404,"duration":"482ms","headers":{"authorization":"Bearer ***"},"body":null,"files":null}}
{"timestamp":"2025-09-01T17:39:51.253Z","level":"INFO","message":"User account status","data":{"activationMode":null,"_id":"6893398fedbebc3fbf926004","firstname":"Aremu","lastname":"Olakunle","email":"colprince31@gmail.com","password":"$2b$10$JWs.jQvK6M98mBafm5aPfubdF7lAN5PXcRhvPVa56f3g34s441aNm","status":"active","role":"admin","emailVerificationOTP":"2078","emailVerificationExpires":"2025-08-06T11:31:31.018Z","isEmailVerified":true,"isPro":true,"profileUpdateCount":0,"createdAt":"2025-08-06T11:16:31.021Z","updatedAt":"2025-08-11T16:14:38.859Z","__v":0,"proExpiresAt":"2026-08-11T16:14:38.596Z"}}
{"timestamp":"2025-09-01T17:39:51.473Z","level":"ERROR","message":"Request Error","data":{"method":"GET","url":"/admin/all-subscriptions","statusCode":404,"duration":"589ms","headers":{"authorization":"Bearer ***"},"body":null,"files":null}}
{"timestamp":"2025-09-01T17:39:51.958Z","level":"INFO","message":"User account status","data":{"activationMode":null,"_id":"6893398fedbebc3fbf926004","firstname":"Aremu","lastname":"Olakunle","email":"colprince31@gmail.com","password":"$2b$10$JWs.jQvK6M98mBafm5aPfubdF7lAN5PXcRhvPVa56f3g34s441aNm","status":"active","role":"admin","emailVerificationOTP":"2078","emailVerificationExpires":"2025-08-06T11:31:31.018Z","isEmailVerified":true,"isPro":true,"profileUpdateCount":0,"createdAt":"2025-08-06T11:16:31.021Z","updatedAt":"2025-08-11T16:14:38.859Z","__v":0,"proExpiresAt":"2026-08-11T16:14:38.596Z"}}
{"timestamp":"2025-09-01T17:39:52.659Z","level":"INFO","message":"User account status","data":{"activationMode":null,"_id":"6893398fedbebc3fbf926004","firstname":"Aremu","lastname":"Olakunle","email":"colprince31@gmail.com","password":"$2b$10$JWs.jQvK6M98mBafm5aPfubdF7lAN5PXcRhvPVa56f3g34s441aNm","status":"active","role":"admin","emailVerificationOTP":"2078","emailVerificationExpires":"2025-08-06T11:31:31.018Z","isEmailVerified":true,"isPro":true,"profileUpdateCount":0,"createdAt":"2025-08-06T11:16:31.021Z","updatedAt":"2025-08-11T16:14:38.859Z","__v":0,"proExpiresAt":"2026-08-11T16:14:38.596Z"}}
{"timestamp":"2025-09-01T17:39:59.092Z","level":"INFO","message":"User account status","data":{"activationMode":null,"_id":"6893398fedbebc3fbf926004","firstname":"Aremu","lastname":"Olakunle","email":"colprince31@gmail.com","password":"$2b$10$JWs.jQvK6M98mBafm5aPfubdF7lAN5PXcRhvPVa56f3g34s441aNm","status":"active","role":"admin","emailVerificationOTP":"2078","emailVerificationExpires":"2025-08-06T11:31:31.018Z","isEmailVerified":true,"isPro":true,"profileUpdateCount":0,"createdAt":"2025-08-06T11:16:31.021Z","updatedAt":"2025-08-11T16:14:38.859Z","__v":0,"proExpiresAt":"2026-08-11T16:14:38.596Z"}}
{"timestamp":"2025-09-01T17:42:51.114Z","level":"INFO","message":"Server started successfully","data":{"host":"192.168.1.146","port":"8003","environment":"development","timestamp":"2025-09-01T17:42:51.114Z"}}
{"timestamp":"2025-09-01T17:43:00.808Z","level":"INFO","message":"User account status","data":{"activationMode":null,"_id":"6893398fedbebc3fbf926004","firstname":"Aremu","lastname":"Olakunle","email":"colprince31@gmail.com","password":"$2b$10$JWs.jQvK6M98mBafm5aPfubdF7lAN5PXcRhvPVa56f3g34s441aNm","status":"active","role":"admin","emailVerificationOTP":"2078","emailVerificationExpires":"2025-08-06T11:31:31.018Z","isEmailVerified":true,"isPro":true,"profileUpdateCount":0,"createdAt":"2025-08-06T11:16:31.021Z","updatedAt":"2025-08-11T16:14:38.859Z","__v":0,"proExpiresAt":"2026-08-11T16:14:38.596Z"}}
{"timestamp":"2025-09-01T17:43:00.945Z","level":"DEBUG","message":"Multer upload successful","data":{"files":["soundFile","thumbnail"],"body":{"title":"test22","description":"test","status":"Standard","categories":"[]"}}}
{"timestamp":"2025-09-01T17:43:00.945Z","level":"INFO","message":"Creating new sound","data":{"body":{"title":"test22","description":"test","status":"Standard","categories":"[]"},"files":["soundFile","thumbnail"],"userId":"6893398fedbebc3fbf926004"}}
{"timestamp":"2025-09-01T17:43:01.163Z","level":"DEBUG","message":"Local file paths","data":{"soundFilePath":"uploads/sounds/1756748580817-frequency-of-sleep-meditation-113050.mp3","thumbnailPath":"uploads/thumbnails/1756748580944-bd982ea0d9628183a2b138e65531ee45.jpg"}}
{"timestamp":"2025-09-01T17:43:01.164Z","level":"DEBUG","message":"Extracting audio metadata from local file","data":null}
{"timestamp":"2025-09-01T17:43:01.174Z","level":"DEBUG","message":"Audio metadata extracted","data":{"duration":1800.792}}
{"timestamp":"2025-09-01T17:43:01.175Z","level":"DEBUG","message":"Categories parsed successfully","data":{"categories":[]}}
{"timestamp":"2025-09-01T17:43:01.181Z","level":"INFO","message":"New sound object created","data":{"title":"test22","status":"Standard","duration":1800.792,"soundId":"68b5db250d70606e23385da5"}}
{"timestamp":"2025-09-01T17:43:01.404Z","level":"INFO","message":"Sound saved successfully","data":{"soundId":"68b5db250d70606e23385da5"}}
{"timestamp":"2025-09-01T17:43:01.407Z","level":"INFO","message":"Starting asynchronous file uploads","data":{"soundId":"68b5db250d70606e23385da5"}}
{"timestamp":"2025-09-01T17:43:01.495Z","level":"INFO","message":"Uploading file to DigitalOcean Spaces using streaming","data":{"objectKey":"dev/sounds/sound-1756748581407.mp3","fileSize":57625344,"bucket":"comeaway-audio","region":"nyc3"}}
{"timestamp":"2025-09-01T17:43:01.502Z","level":"INFO","message":"Sound file upload progress: 0%","data":{"soundId":"68b5db250d70606e23385da5"}}
{"timestamp":"2025-09-01T17:43:01.503Z","level":"INFO","message":"Sound file upload progress: 0%","data":{"soundId":"68b5db250d70606e23385da5"}}
{"timestamp":"2025-09-01T17:43:01.504Z","level":"INFO","message":"Sound file upload progress: 0%","data":{"soundId":"68b5db250d70606e23385da5"}}
{"timestamp":"2025-09-01T17:43:01.504Z","level":"INFO","message":"Sound file upload progress: 0%","data":{"soundId":"68b5db250d70606e23385da5"}}
{"timestamp":"2025-09-01T17:43:01.504Z","level":"INFO","message":"Sound file upload progress: 0%","data":{"soundId":"68b5db250d70606e23385da5"}}
{"timestamp":"2025-09-01T17:43:01.504Z","level":"INFO","message":"Sound file upload progress: 1%","data":{"soundId":"68b5db250d70606e23385da5"}}
{"timestamp":"2025-09-01T17:43:01.504Z","level":"INFO","message":"Sound file upload progress: 1%","data":{"soundId":"68b5db250d70606e23385da5"}}
{"timestamp":"2025-09-01T17:43:01.504Z","level":"INFO","message":"Sound file upload progress: 1%","data":{"soundId":"68b5db250d70606e23385da5"}}
{"timestamp":"2025-09-01T17:43:01.504Z","level":"INFO","message":"Sound file upload progress: 1%","data":{"soundId":"68b5db250d70606e23385da5"}}
{"timestamp":"2025-09-01T17:43:01.504Z","level":"INFO","message":"Sound file upload progress: 1%","data":{"soundId":"68b5db250d70606e23385da5"}}
{"timestamp":"2025-09-01T17:43:01.505Z","level":"INFO","message":"Sound file upload progress: 1%","data":{"soundId":"68b5db250d70606e23385da5"}}
{"timestamp":"2025-09-01T17:43:01.505Z","level":"INFO","message":"Sound file upload progress: 1%","data":{"soundId":"68b5db250d70606e23385da5"}}
{"timestamp":"2025-09-01T17:43:01.505Z","level":"INFO","message":"Sound file upload progress: 1%","data":{"soundId":"68b5db250d70606e23385da5"}}
{"timestamp":"2025-09-01T17:43:01.505Z","level":"INFO","message":"Sound file upload progress: 1%","data":{"soundId":"68b5db250d70606e23385da5"}}
{"timestamp":"2025-09-01T17:43:01.505Z","level":"INFO","message":"Sound file upload progress: 2%","data":{"soundId":"68b5db250d70606e23385da5"}}
{"timestamp":"2025-09-01T17:43:01.505Z","level":"INFO","message":"Sound file upload progress: 2%","data":{"soundId":"68b5db250d70606e23385da5"}}
{"timestamp":"2025-09-01T17:43:01.505Z","level":"INFO","message":"Sound file upload progress: 2%","data":{"soundId":"68b5db250d70606e23385da5"}}
{"timestamp":"2025-09-01T17:43:01.505Z","level":"INFO","message":"Sound file upload progress: 2%","data":{"soundId":"68b5db250d70606e23385da5"}}
{"timestamp":"2025-09-01T17:43:01.505Z","level":"INFO","message":"Sound file upload progress: 2%","data":{"soundId":"68b5db250d70606e23385da5"}}
{"timestamp":"2025-09-01T17:43:01.505Z","level":"INFO","message":"Sound file upload progress: 2%","data":{"soundId":"68b5db250d70606e23385da5"}}
{"timestamp":"2025-09-01T17:43:01.506Z","level":"INFO","message":"Sound file upload progress: 2%","data":{"soundId":"68b5db250d70606e23385da5"}}
{"timestamp":"2025-09-01T17:43:01.506Z","level":"INFO","message":"Sound file upload progress: 2%","data":{"soundId":"68b5db250d70606e23385da5"}}
{"timestamp":"2025-09-01T17:43:01.506Z","level":"INFO","message":"Sound file upload progress: 3%","data":{"soundId":"68b5db250d70606e23385da5"}}
{"timestamp":"2025-09-01T17:43:01.506Z","level":"INFO","message":"Sound file upload progress: 3%","data":{"soundId":"68b5db250d70606e23385da5"}}
{"timestamp":"2025-09-01T17:43:01.506Z","level":"INFO","message":"Sound file upload progress: 3%","data":{"soundId":"68b5db250d70606e23385da5"}}
{"timestamp":"2025-09-01T17:43:01.506Z","level":"INFO","message":"Sound file upload progress: 3%","data":{"soundId":"68b5db250d70606e23385da5"}}
{"timestamp":"2025-09-01T17:43:01.506Z","level":"INFO","message":"Sound file upload progress: 3%","data":{"soundId":"68b5db250d70606e23385da5"}}
{"timestamp":"2025-09-01T17:43:01.506Z","level":"INFO","message":"Sound file upload progress: 3%","data":{"soundId":"68b5db250d70606e23385da5"}}
{"timestamp":"2025-09-01T17:43:01.506Z","level":"INFO","message":"Sound file upload progress: 3%","data":{"soundId":"68b5db250d70606e23385da5"}}
{"timestamp":"2025-09-01T17:43:01.506Z","level":"INFO","message":"Sound file upload progress: 3%","data":{"soundId":"68b5db250d70606e23385da5"}}
{"timestamp":"2025-09-01T17:43:01.506Z","level":"INFO","message":"Sound file upload progress: 3%","data":{"soundId":"68b5db250d70606e23385da5"}}
{"timestamp":"2025-09-01T17:43:01.506Z","level":"INFO","message":"Sound file upload progress: 4%","data":{"soundId":"68b5db250d70606e23385da5"}}
{"timestamp":"2025-09-01T17:43:01.507Z","level":"INFO","message":"Sound file upload progress: 4%","data":{"soundId":"68b5db250d70606e23385da5"}}
{"timestamp":"2025-09-01T17:43:01.507Z","level":"INFO","message":"Sound file upload progress: 4%","data":{"soundId":"68b5db250d70606e23385da5"}}
{"timestamp":"2025-09-01T17:43:01.507Z","level":"INFO","message":"Sound file upload progress: 4%","data":{"soundId":"68b5db250d70606e23385da5"}}
{"timestamp":"2025-09-01T17:43:01.507Z","level":"INFO","message":"Sound file upload progress: 4%","data":{"soundId":"68b5db250d70606e23385da5"}}
{"timestamp":"2025-09-01T17:43:01.507Z","level":"INFO","message":"Sound file upload progress: 4%","data":{"soundId":"68b5db250d70606e23385da5"}}
{"timestamp":"2025-09-01T17:43:01.507Z","level":"INFO","message":"Sound file upload progress: 4%","data":{"soundId":"68b5db250d70606e23385da5"}}
{"timestamp":"2025-09-01T17:43:01.508Z","level":"INFO","message":"Sound file upload progress: 4%","data":{"soundId":"68b5db250d70606e23385da5"}}
{"timestamp":"2025-09-01T17:43:01.508Z","level":"INFO","message":"Sound file upload progress: 4%","data":{"soundId":"68b5db250d70606e23385da5"}}
{"timestamp":"2025-09-01T17:43:01.508Z","level":"INFO","message":"Sound file upload progress: 5%","data":{"soundId":"68b5db250d70606e23385da5"}}
{"timestamp":"2025-09-01T17:43:01.508Z","level":"INFO","message":"Sound file upload progress: 5%","data":{"soundId":"68b5db250d70606e23385da5"}}
{"timestamp":"2025-09-01T17:43:01.508Z","level":"INFO","message":"Sound file upload progress: 5%","data":{"soundId":"68b5db250d70606e23385da5"}}
{"timestamp":"2025-09-01T17:43:01.508Z","level":"INFO","message":"Sound file upload progress: 5%","data":{"soundId":"68b5db250d70606e23385da5"}}
{"timestamp":"2025-09-01T17:43:01.509Z","level":"INFO","message":"Sound file upload progress: 5%","data":{"soundId":"68b5db250d70606e23385da5"}}
{"timestamp":"2025-09-01T17:43:01.509Z","level":"INFO","message":"Sound file upload progress: 5%","data":{"soundId":"68b5db250d70606e23385da5"}}
{"timestamp":"2025-09-01T17:43:01.509Z","level":"INFO","message":"Sound file upload progress: 5%","data":{"soundId":"68b5db250d70606e23385da5"}}
{"timestamp":"2025-09-01T17:43:01.509Z","level":"INFO","message":"Sound file upload progress: 5%","data":{"soundId":"68b5db250d70606e23385da5"}}
{"timestamp":"2025-09-01T17:43:01.509Z","level":"INFO","message":"Sound file upload progress: 5%","data":{"soundId":"68b5db250d70606e23385da5"}}
{"timestamp":"2025-09-01T17:43:01.509Z","level":"INFO","message":"Sound file upload progress: 6%","data":{"soundId":"68b5db250d70606e23385da5"}}
{"timestamp":"2025-09-01T17:43:01.509Z","level":"INFO","message":"Sound file upload progress: 6%","data":{"soundId":"68b5db250d70606e23385da5"}}
{"timestamp":"2025-09-01T17:43:01.509Z","level":"INFO","message":"Sound file upload progress: 6%","data":{"soundId":"68b5db250d70606e23385da5"}}
{"timestamp":"2025-09-01T17:43:01.509Z","level":"INFO","message":"Sound file upload progress: 6%","data":{"soundId":"68b5db250d70606e23385da5"}}
{"timestamp":"2025-09-01T17:43:01.509Z","level":"INFO","message":"Sound file upload progress: 6%","data":{"soundId":"68b5db250d70606e23385da5"}}
{"timestamp":"2025-09-01T17:43:01.510Z","level":"INFO","message":"Sound file upload progress: 6%","data":{"soundId":"68b5db250d70606e23385da5"}}
{"timestamp":"2025-09-01T17:43:01.510Z","level":"INFO","message":"Sound file upload progress: 6%","data":{"soundId":"68b5db250d70606e23385da5"}}
{"timestamp":"2025-09-01T17:43:01.510Z","level":"INFO","message":"Sound file upload progress: 6%","data":{"soundId":"68b5db250d70606e23385da5"}}
{"timestamp":"2025-09-01T17:43:01.510Z","level":"INFO","message":"Sound file upload progress: 6%","data":{"soundId":"68b5db250d70606e23385da5"}}
{"timestamp":"2025-09-01T17:43:01.510Z","level":"INFO","message":"Sound file upload progress: 7%","data":{"soundId":"68b5db250d70606e23385da5"}}
{"timestamp":"2025-09-01T17:43:01.510Z","level":"INFO","message":"Sound file upload progress: 7%","data":{"soundId":"68b5db250d70606e23385da5"}}
{"timestamp":"2025-09-01T17:43:01.510Z","level":"INFO","message":"Sound file upload progress: 7%","data":{"soundId":"68b5db250d70606e23385da5"}}
{"timestamp":"2025-09-01T17:43:01.510Z","level":"INFO","message":"Sound file upload progress: 7%","data":{"soundId":"68b5db250d70606e23385da5"}}
{"timestamp":"2025-09-01T17:43:01.510Z","level":"INFO","message":"Sound file upload progress: 7%","data":{"soundId":"68b5db250d70606e23385da5"}}
{"timestamp":"2025-09-01T17:43:01.510Z","level":"INFO","message":"Sound file upload progress: 7%","data":{"soundId":"68b5db250d70606e23385da5"}}
{"timestamp":"2025-09-01T17:43:01.510Z","level":"INFO","message":"Sound file upload progress: 7%","data":{"soundId":"68b5db250d70606e23385da5"}}
{"timestamp":"2025-09-01T17:43:01.510Z","level":"INFO","message":"Sound file upload progress: 7%","data":{"soundId":"68b5db250d70606e23385da5"}}
{"timestamp":"2025-09-01T17:43:01.510Z","level":"INFO","message":"Sound file upload progress: 8%","data":{"soundId":"68b5db250d70606e23385da5"}}
{"timestamp":"2025-09-01T17:43:01.511Z","level":"INFO","message":"Sound file upload progress: 8%","data":{"soundId":"68b5db250d70606e23385da5"}}
{"timestamp":"2025-09-01T17:43:01.511Z","level":"INFO","message":"Sound file upload progress: 8%","data":{"soundId":"68b5db250d70606e23385da5"}}
{"timestamp":"2025-09-01T17:43:01.511Z","level":"INFO","message":"Sound file upload progress: 8%","data":{"soundId":"68b5db250d70606e23385da5"}}
{"timestamp":"2025-09-01T17:43:01.511Z","level":"INFO","message":"Sound file upload progress: 8%","data":{"soundId":"68b5db250d70606e23385da5"}}
{"timestamp":"2025-09-01T17:43:01.511Z","level":"INFO","message":"Sound file upload progress: 8%","data":{"soundId":"68b5db250d70606e23385da5"}}
{"timestamp":"2025-09-01T17:43:01.511Z","level":"INFO","message":"Sound file upload progress: 8%","data":{"soundId":"68b5db250d70606e23385da5"}}
{"timestamp":"2025-09-01T17:43:01.511Z","level":"INFO","message":"Sound file upload progress: 8%","data":{"soundId":"68b5db250d70606e23385da5"}}
{"timestamp":"2025-09-01T17:43:01.511Z","level":"INFO","message":"Sound file upload progress: 8%","data":{"soundId":"68b5db250d70606e23385da5"}}
{"timestamp":"2025-09-01T17:43:01.511Z","level":"INFO","message":"Sound file upload progress: 9%","data":{"soundId":"68b5db250d70606e23385da5"}}
{"timestamp":"2025-09-01T17:43:01.511Z","level":"INFO","message":"Sound file upload progress: 9%","data":{"soundId":"68b5db250d70606e23385da5"}}
{"timestamp":"2025-09-01T17:43:01.511Z","level":"INFO","message":"Sound file upload progress: 9%","data":{"soundId":"68b5db250d70606e23385da5"}}
{"timestamp":"2025-09-01T17:43:01.511Z","level":"INFO","message":"Sound file upload progress: 9%","data":{"soundId":"68b5db250d70606e23385da5"}}
{"timestamp":"2025-09-01T17:43:01.511Z","level":"INFO","message":"Sound file upload progress: 9%","data":{"soundId":"68b5db250d70606e23385da5"}}
{"timestamp":"2025-09-01T17:43:01.512Z","level":"INFO","message":"Sound file upload progress: 9%","data":{"soundId":"68b5db250d70606e23385da5"}}
{"timestamp":"2025-09-01T17:43:01.512Z","level":"INFO","message":"Sound file upload progress: 9%","data":{"soundId":"68b5db250d70606e23385da5"}}
{"timestamp":"2025-09-01T17:43:01.512Z","level":"INFO","message":"Sound file upload progress: 9%","data":{"soundId":"68b5db250d70606e23385da5"}}
{"timestamp":"2025-09-01T17:43:01.512Z","level":"INFO","message":"Sound file upload progress: 9%","data":{"soundId":"68b5db250d70606e23385da5"}}
{"timestamp":"2025-09-01T17:43:01.512Z","level":"INFO","message":"Sound file upload progress: 10%","data":{"soundId":"68b5db250d70606e23385da5"}}
{"timestamp":"2025-09-01T17:43:01.512Z","level":"INFO","message":"Sound file upload progress: 10%","data":{"soundId":"68b5db250d70606e23385da5"}}
{"timestamp":"2025-09-01T17:43:01.512Z","level":"INFO","message":"Sound file upload progress: 10%","data":{"soundId":"68b5db250d70606e23385da5"}}
{"timestamp":"2025-09-01T17:43:01.512Z","level":"INFO","message":"Sound file upload progress: 10%","data":{"soundId":"68b5db250d70606e23385da5"}}
{"timestamp":"2025-09-01T17:43:01.512Z","level":"INFO","message":"Sound file upload progress: 10%","data":{"soundId":"68b5db250d70606e23385da5"}}
{"timestamp":"2025-09-01T17:43:01.512Z","level":"INFO","message":"Sound file upload progress: 10%","data":{"soundId":"68b5db250d70606e23385da5"}}
{"timestamp":"2025-09-01T17:43:01.512Z","level":"INFO","message":"Sound file upload progress: 10%","data":{"soundId":"68b5db250d70606e23385da5"}}
{"timestamp":"2025-09-01T17:43:01.512Z","level":"INFO","message":"Sound file upload progress: 10%","data":{"soundId":"68b5db250d70606e23385da5"}}
{"timestamp":"2025-09-01T17:43:01.512Z","level":"INFO","message":"Sound file upload progress: 10%","data":{"soundId":"68b5db250d70606e23385da5"}}
{"timestamp":"2025-09-01T17:43:01.512Z","level":"INFO","message":"Sound file upload progress: 11%","data":{"soundId":"68b5db250d70606e23385da5"}}
{"timestamp":"2025-09-01T17:43:01.513Z","level":"INFO","message":"Sound file upload progress: 11%","data":{"soundId":"68b5db250d70606e23385da5"}}
{"timestamp":"2025-09-01T17:43:01.513Z","level":"INFO","message":"Sound file upload progress: 11%","data":{"soundId":"68b5db250d70606e23385da5"}}
{"timestamp":"2025-09-01T17:43:01.513Z","level":"INFO","message":"Sound file upload progress: 11%","data":{"soundId":"68b5db250d70606e23385da5"}}
{"timestamp":"2025-09-01T17:43:01.513Z","level":"INFO","message":"Sound file upload progress: 11%","data":{"soundId":"68b5db250d70606e23385da5"}}
{"timestamp":"2025-09-01T17:43:01.513Z","level":"INFO","message":"Sound file upload progress: 11%","data":{"soundId":"68b5db250d70606e23385da5"}}
{"timestamp":"2025-09-01T17:43:01.514Z","level":"INFO","message":"Sound file upload progress: 11%","data":{"soundId":"68b5db250d70606e23385da5"}}
{"timestamp":"2025-09-01T17:43:01.514Z","level":"INFO","message":"Sound file upload progress: 11%","data":{"soundId":"68b5db250d70606e23385da5"}}
{"timestamp":"2025-09-01T17:43:01.514Z","level":"INFO","message":"Sound file upload progress: 11%","data":{"soundId":"68b5db250d70606e23385da5"}}
{"timestamp":"2025-09-01T17:43:01.514Z","level":"INFO","message":"Sound file upload progress: 12%","data":{"soundId":"68b5db250d70606e23385da5"}}
{"timestamp":"2025-09-01T17:43:01.514Z","level":"INFO","message":"Sound file upload progress: 12%","data":{"soundId":"68b5db250d70606e23385da5"}}
{"timestamp":"2025-09-01T17:43:01.514Z","level":"INFO","message":"Sound file upload progress: 12%","data":{"soundId":"68b5db250d70606e23385da5"}}
{"timestamp":"2025-09-01T17:43:01.514Z","level":"INFO","message":"Sound file upload progress: 12%","data":{"soundId":"68b5db250d70606e23385da5"}}
{"timestamp":"2025-09-01T17:43:01.514Z","level":"INFO","message":"Sound file upload progress: 12%","data":{"soundId":"68b5db250d70606e23385da5"}}
{"timestamp":"2025-09-01T17:43:01.514Z","level":"INFO","message":"Sound file upload progress: 12%","data":{"soundId":"68b5db250d70606e23385da5"}}
{"timestamp":"2025-09-01T17:43:01.514Z","level":"INFO","message":"Sound file upload progress: 12%","data":{"soundId":"68b5db250d70606e23385da5"}}
{"timestamp":"2025-09-01T17:43:01.514Z","level":"INFO","message":"Sound file upload progress: 12%","data":{"soundId":"68b5db250d70606e23385da5"}}
{"timestamp":"2025-09-01T17:43:01.515Z","level":"INFO","message":"Sound file upload progress: 13%","data":{"soundId":"68b5db250d70606e23385da5"}}
{"timestamp":"2025-09-01T17:43:01.515Z","level":"INFO","message":"Sound file upload progress: 13%","data":{"soundId":"68b5db250d70606e23385da5"}}
{"timestamp":"2025-09-01T17:43:01.515Z","level":"INFO","message":"Sound file upload progress: 13%","data":{"soundId":"68b5db250d70606e23385da5"}}
{"timestamp":"2025-09-01T17:43:01.515Z","level":"INFO","message":"Sound file upload progress: 13%","data":{"soundId":"68b5db250d70606e23385da5"}}
{"timestamp":"2025-09-01T17:43:01.515Z","level":"INFO","message":"Sound file upload progress: 13%","data":{"soundId":"68b5db250d70606e23385da5"}}
{"timestamp":"2025-09-01T17:43:01.515Z","level":"INFO","message":"Sound file upload progress: 13%","data":{"soundId":"68b5db250d70606e23385da5"}}
{"timestamp":"2025-09-01T17:43:01.515Z","level":"INFO","message":"Sound file upload progress: 13%","data":{"soundId":"68b5db250d70606e23385da5"}}
{"timestamp":"2025-09-01T17:43:01.515Z","level":"INFO","message":"Sound file upload progress: 13%","data":{"soundId":"68b5db250d70606e23385da5"}}
{"timestamp":"2025-09-01T17:43:01.515Z","level":"INFO","message":"Sound file upload progress: 13%","data":{"soundId":"68b5db250d70606e23385da5"}}
{"timestamp":"2025-09-01T17:43:01.515Z","level":"INFO","message":"Sound file upload progress: 14%","data":{"soundId":"68b5db250d70606e23385da5"}}
{"timestamp":"2025-09-01T17:43:01.515Z","level":"INFO","message":"Sound file upload progress: 14%","data":{"soundId":"68b5db250d70606e23385da5"}}
{"timestamp":"2025-09-01T17:43:01.515Z","level":"INFO","message":"Sound file upload progress: 14%","data":{"soundId":"68b5db250d70606e23385da5"}}
{"timestamp":"2025-09-01T17:43:01.515Z","level":"INFO","message":"Sound file upload progress: 14%","data":{"soundId":"68b5db250d70606e23385da5"}}
{"timestamp":"2025-09-01T17:43:01.515Z","level":"INFO","message":"Sound file upload progress: 14%","data":{"soundId":"68b5db250d70606e23385da5"}}
{"timestamp":"2025-09-01T17:43:01.516Z","level":"INFO","message":"Sound file upload progress: 14%","data":{"soundId":"68b5db250d70606e23385da5"}}
{"timestamp":"2025-09-01T17:43:01.516Z","level":"INFO","message":"Sound file upload progress: 14%","data":{"soundId":"68b5db250d70606e23385da5"}}
{"timestamp":"2025-09-01T17:43:01.516Z","level":"INFO","message":"Sound file upload progress: 14%","data":{"soundId":"68b5db250d70606e23385da5"}}
{"timestamp":"2025-09-01T17:43:01.516Z","level":"INFO","message":"Sound file upload progress: 14%","data":{"soundId":"68b5db250d70606e23385da5"}}
{"timestamp":"2025-09-01T17:43:01.516Z","level":"INFO","message":"Sound file upload progress: 15%","data":{"soundId":"68b5db250d70606e23385da5"}}
{"timestamp":"2025-09-01T17:43:01.516Z","level":"INFO","message":"Sound file upload progress: 15%","data":{"soundId":"68b5db250d70606e23385da5"}}
{"timestamp":"2025-09-01T17:43:01.516Z","level":"INFO","message":"Sound file upload progress: 15%","data":{"soundId":"68b5db250d70606e23385da5"}}
{"timestamp":"2025-09-01T17:43:01.516Z","level":"INFO","message":"Sound file upload progress: 15%","data":{"soundId":"68b5db250d70606e23385da5"}}
{"timestamp":"2025-09-01T17:43:01.516Z","level":"INFO","message":"Sound file upload progress: 15%","data":{"soundId":"68b5db250d70606e23385da5"}}
{"timestamp":"2025-09-01T17:43:01.516Z","level":"INFO","message":"Sound file upload progress: 15%","data":{"soundId":"68b5db250d70606e23385da5"}}
{"timestamp":"2025-09-01T17:43:01.516Z","level":"INFO","message":"Sound file upload progress: 15%","data":{"soundId":"68b5db250d70606e23385da5"}}
{"timestamp":"2025-09-01T17:43:01.517Z","level":"INFO","message":"Sound file upload progress: 15%","data":{"soundId":"68b5db250d70606e23385da5"}}
{"timestamp":"2025-09-01T17:43:01.517Z","level":"INFO","message":"Sound file upload progress: 15%","data":{"soundId":"68b5db250d70606e23385da5"}}
{"timestamp":"2025-09-01T17:43:01.520Z","level":"INFO","message":"Sound file upload progress: 16%","data":{"soundId":"68b5db250d70606e23385da5"}}
{"timestamp":"2025-09-01T17:43:01.521Z","level":"INFO","message":"Sound file upload progress: 16%","data":{"soundId":"68b5db250d70606e23385da5"}}
{"timestamp":"2025-09-01T17:43:01.522Z","level":"INFO","message":"Sound file upload progress: 16%","data":{"soundId":"68b5db250d70606e23385da5"}}
{"timestamp":"2025-09-01T17:43:01.523Z","level":"INFO","message":"Sound file upload progress: 16%","data":{"soundId":"68b5db250d70606e23385da5"}}
{"timestamp":"2025-09-01T17:43:01.523Z","level":"INFO","message":"Sound file upload progress: 16%","data":{"soundId":"68b5db250d70606e23385da5"}}
{"timestamp":"2025-09-01T17:43:01.523Z","level":"INFO","message":"Sound file upload progress: 16%","data":{"soundId":"68b5db250d70606e23385da5"}}
{"timestamp":"2025-09-01T17:43:01.524Z","level":"INFO","message":"Sound file upload progress: 16%","data":{"soundId":"68b5db250d70606e23385da5"}}
{"timestamp":"2025-09-01T17:43:01.524Z","level":"INFO","message":"Sound file upload progress: 16%","data":{"soundId":"68b5db250d70606e23385da5"}}
{"timestamp":"2025-09-01T17:43:01.524Z","level":"INFO","message":"Sound file upload progress: 16%","data":{"soundId":"68b5db250d70606e23385da5"}}
{"timestamp":"2025-09-01T17:43:01.524Z","level":"INFO","message":"Sound file upload progress: 17%","data":{"soundId":"68b5db250d70606e23385da5"}}
{"timestamp":"2025-09-01T17:43:01.525Z","level":"INFO","message":"Sound file upload progress: 17%","data":{"soundId":"68b5db250d70606e23385da5"}}
{"timestamp":"2025-09-01T17:43:01.527Z","level":"INFO","message":"Sound file upload progress: 17%","data":{"soundId":"68b5db250d70606e23385da5"}}
{"timestamp":"2025-09-01T17:43:01.527Z","level":"INFO","message":"Sound file upload progress: 17%","data":{"soundId":"68b5db250d70606e23385da5"}}
{"timestamp":"2025-09-01T17:43:01.527Z","level":"INFO","message":"Sound file upload progress: 17%","data":{"soundId":"68b5db250d70606e23385da5"}}
{"timestamp":"2025-09-01T17:43:01.527Z","level":"INFO","message":"Sound file upload progress: 17%","data":{"soundId":"68b5db250d70606e23385da5"}}
{"timestamp":"2025-09-01T17:43:01.528Z","level":"INFO","message":"Sound file upload progress: 17%","data":{"soundId":"68b5db250d70606e23385da5"}}
{"timestamp":"2025-09-01T17:43:01.528Z","level":"INFO","message":"Sound file upload progress: 17%","data":{"soundId":"68b5db250d70606e23385da5"}}
{"timestamp":"2025-09-01T17:43:01.528Z","level":"INFO","message":"Sound file upload progress: 18%","data":{"soundId":"68b5db250d70606e23385da5"}}
{"timestamp":"2025-09-01T17:43:01.528Z","level":"INFO","message":"Sound file upload progress: 18%","data":{"soundId":"68b5db250d70606e23385da5"}}
{"timestamp":"2025-09-01T17:43:01.528Z","level":"INFO","message":"Sound file upload progress: 18%","data":{"soundId":"68b5db250d70606e23385da5"}}
{"timestamp":"2025-09-01T17:43:01.528Z","level":"INFO","message":"Sound file upload progress: 18%","data":{"soundId":"68b5db250d70606e23385da5"}}
{"timestamp":"2025-09-01T17:43:01.528Z","level":"INFO","message":"Sound file upload progress: 18%","data":{"soundId":"68b5db250d70606e23385da5"}}
{"timestamp":"2025-09-01T17:43:01.528Z","level":"INFO","message":"Sound file upload progress: 18%","data":{"soundId":"68b5db250d70606e23385da5"}}
{"timestamp":"2025-09-01T17:43:01.528Z","level":"INFO","message":"Sound file upload progress: 18%","data":{"soundId":"68b5db250d70606e23385da5"}}
{"timestamp":"2025-09-01T17:43:01.528Z","level":"INFO","message":"Sound file upload progress: 18%","data":{"soundId":"68b5db250d70606e23385da5"}}
{"timestamp":"2025-09-01T17:43:01.529Z","level":"INFO","message":"Sound file upload progress: 18%","data":{"soundId":"68b5db250d70606e23385da5"}}
{"timestamp":"2025-09-01T17:43:01.529Z","level":"INFO","message":"Sound file upload progress: 19%","data":{"soundId":"68b5db250d70606e23385da5"}}
{"timestamp":"2025-09-01T17:43:01.529Z","level":"INFO","message":"Sound file upload progress: 19%","data":{"soundId":"68b5db250d70606e23385da5"}}
{"timestamp":"2025-09-01T17:43:01.529Z","level":"INFO","message":"Sound file upload progress: 19%","data":{"soundId":"68b5db250d70606e23385da5"}}
{"timestamp":"2025-09-01T17:43:01.529Z","level":"INFO","message":"Sound file upload progress: 19%","data":{"soundId":"68b5db250d70606e23385da5"}}
{"timestamp":"2025-09-01T17:43:01.529Z","level":"INFO","message":"Sound file upload progress: 19%","data":{"soundId":"68b5db250d70606e23385da5"}}
{"timestamp":"2025-09-01T17:43:01.529Z","level":"INFO","message":"Sound file upload progress: 19%","data":{"soundId":"68b5db250d70606e23385da5"}}
{"timestamp":"2025-09-01T17:43:01.529Z","level":"INFO","message":"Sound file upload progress: 19%","data":{"soundId":"68b5db250d70606e23385da5"}}
{"timestamp":"2025-09-01T17:43:01.529Z","level":"INFO","message":"Sound file upload progress: 19%","data":{"soundId":"68b5db250d70606e23385da5"}}
{"timestamp":"2025-09-01T17:43:01.529Z","level":"INFO","message":"Sound file upload progress: 19%","data":{"soundId":"68b5db250d70606e23385da5"}}
{"timestamp":"2025-09-01T17:43:01.529Z","level":"INFO","message":"Sound file upload progress: 20%","data":{"soundId":"68b5db250d70606e23385da5"}}
{"timestamp":"2025-09-01T17:43:01.529Z","level":"INFO","message":"Sound file upload progress: 20%","data":{"soundId":"68b5db250d70606e23385da5"}}
{"timestamp":"2025-09-01T17:43:01.529Z","level":"INFO","message":"Sound file upload progress: 20%","data":{"soundId":"68b5db250d70606e23385da5"}}
{"timestamp":"2025-09-01T17:43:01.530Z","level":"INFO","message":"Sound file upload progress: 20%","data":{"soundId":"68b5db250d70606e23385da5"}}
{"timestamp":"2025-09-01T17:43:01.530Z","level":"INFO","message":"Sound file upload progress: 20%","data":{"soundId":"68b5db250d70606e23385da5"}}
{"timestamp":"2025-09-01T17:43:01.530Z","level":"INFO","message":"Sound file upload progress: 20%","data":{"soundId":"68b5db250d70606e23385da5"}}
{"timestamp":"2025-09-01T17:43:01.530Z","level":"INFO","message":"Sound file upload progress: 20%","data":{"soundId":"68b5db250d70606e23385da5"}}
{"timestamp":"2025-09-01T17:43:01.530Z","level":"INFO","message":"Sound file upload progress: 20%","data":{"soundId":"68b5db250d70606e23385da5"}}
{"timestamp":"2025-09-01T17:43:01.530Z","level":"INFO","message":"Sound file upload progress: 20%","data":{"soundId":"68b5db250d70606e23385da5"}}
{"timestamp":"2025-09-01T17:43:01.530Z","level":"INFO","message":"Sound file upload progress: 21%","data":{"soundId":"68b5db250d70606e23385da5"}}
{"timestamp":"2025-09-01T17:43:01.530Z","level":"INFO","message":"Sound file upload progress: 21%","data":{"soundId":"68b5db250d70606e23385da5"}}
{"timestamp":"2025-09-01T17:43:01.530Z","level":"INFO","message":"Sound file upload progress: 21%","data":{"soundId":"68b5db250d70606e23385da5"}}
{"timestamp":"2025-09-01T17:43:01.530Z","level":"INFO","message":"Sound file upload progress: 21%","data":{"soundId":"68b5db250d70606e23385da5"}}
{"timestamp":"2025-09-01T17:43:01.530Z","level":"INFO","message":"Sound file upload progress: 21%","data":{"soundId":"68b5db250d70606e23385da5"}}
{"timestamp":"2025-09-01T17:43:01.530Z","level":"INFO","message":"Sound file upload progress: 21%","data":{"soundId":"68b5db250d70606e23385da5"}}
{"timestamp":"2025-09-01T17:43:01.530Z","level":"INFO","message":"Sound file upload progress: 21%","data":{"soundId":"68b5db250d70606e23385da5"}}
{"timestamp":"2025-09-01T17:43:01.530Z","level":"INFO","message":"Sound file upload progress: 21%","data":{"soundId":"68b5db250d70606e23385da5"}}
{"timestamp":"2025-09-01T17:43:01.530Z","level":"INFO","message":"Sound file upload progress: 21%","data":{"soundId":"68b5db250d70606e23385da5"}}
{"timestamp":"2025-09-01T17:43:01.531Z","level":"INFO","message":"Sound file upload progress: 22%","data":{"soundId":"68b5db250d70606e23385da5"}}
{"timestamp":"2025-09-01T17:43:01.531Z","level":"INFO","message":"Sound file upload progress: 22%","data":{"soundId":"68b5db250d70606e23385da5"}}
{"timestamp":"2025-09-01T17:43:01.531Z","level":"INFO","message":"Sound file upload progress: 22%","data":{"soundId":"68b5db250d70606e23385da5"}}
{"timestamp":"2025-09-01T17:43:01.531Z","level":"INFO","message":"Sound file upload progress: 22%","data":{"soundId":"68b5db250d70606e23385da5"}}
{"timestamp":"2025-09-01T17:43:01.531Z","level":"INFO","message":"Sound file upload progress: 22%","data":{"soundId":"68b5db250d70606e23385da5"}}
{"timestamp":"2025-09-01T17:43:01.531Z","level":"INFO","message":"Sound file upload progress: 22%","data":{"soundId":"68b5db250d70606e23385da5"}}
{"timestamp":"2025-09-01T17:43:01.531Z","level":"INFO","message":"Sound file upload progress: 22%","data":{"soundId":"68b5db250d70606e23385da5"}}
{"timestamp":"2025-09-01T17:43:01.531Z","level":"INFO","message":"Sound file upload progress: 22%","data":{"soundId":"68b5db250d70606e23385da5"}}
{"timestamp":"2025-09-01T17:43:01.531Z","level":"INFO","message":"Sound file upload progress: 23%","data":{"soundId":"68b5db250d70606e23385da5"}}
{"timestamp":"2025-09-01T17:43:01.531Z","level":"INFO","message":"Sound file upload progress: 23%","data":{"soundId":"68b5db250d70606e23385da5"}}
{"timestamp":"2025-09-01T17:43:01.531Z","level":"INFO","message":"Sound file upload progress: 23%","data":{"soundId":"68b5db250d70606e23385da5"}}
{"timestamp":"2025-09-01T17:43:01.532Z","level":"INFO","message":"Sound file upload progress: 23%","data":{"soundId":"68b5db250d70606e23385da5"}}
{"timestamp":"2025-09-01T17:43:01.532Z","level":"INFO","message":"Sound file upload progress: 23%","data":{"soundId":"68b5db250d70606e23385da5"}}
{"timestamp":"2025-09-01T17:43:01.532Z","level":"INFO","message":"Sound file upload progress: 23%","data":{"soundId":"68b5db250d70606e23385da5"}}
{"timestamp":"2025-09-01T17:43:01.532Z","level":"INFO","message":"Sound file upload progress: 23%","data":{"soundId":"68b5db250d70606e23385da5"}}
{"timestamp":"2025-09-01T17:43:01.532Z","level":"INFO","message":"Sound file upload progress: 23%","data":{"soundId":"68b5db250d70606e23385da5"}}
{"timestamp":"2025-09-01T17:43:01.532Z","level":"INFO","message":"Sound file upload progress: 23%","data":{"soundId":"68b5db250d70606e23385da5"}}
{"timestamp":"2025-09-01T17:43:01.532Z","level":"INFO","message":"Sound file upload progress: 24%","data":{"soundId":"68b5db250d70606e23385da5"}}
{"timestamp":"2025-09-01T17:43:01.532Z","level":"INFO","message":"Sound file upload progress: 24%","data":{"soundId":"68b5db250d70606e23385da5"}}
{"timestamp":"2025-09-01T17:43:01.533Z","level":"INFO","message":"Sound file upload progress: 24%","data":{"soundId":"68b5db250d70606e23385da5"}}
{"timestamp":"2025-09-01T17:43:01.533Z","level":"INFO","message":"Sound file upload progress: 24%","data":{"soundId":"68b5db250d70606e23385da5"}}
{"timestamp":"2025-09-01T17:43:01.533Z","level":"INFO","message":"Sound file upload progress: 24%","data":{"soundId":"68b5db250d70606e23385da5"}}
{"timestamp":"2025-09-01T17:43:01.533Z","level":"INFO","message":"Sound file upload progress: 24%","data":{"soundId":"68b5db250d70606e23385da5"}}
{"timestamp":"2025-09-01T17:43:01.533Z","level":"INFO","message":"Sound file upload progress: 24%","data":{"soundId":"68b5db250d70606e23385da5"}}
{"timestamp":"2025-09-01T17:43:01.533Z","level":"INFO","message":"Sound file upload progress: 24%","data":{"soundId":"68b5db250d70606e23385da5"}}
{"timestamp":"2025-09-01T17:43:01.533Z","level":"INFO","message":"Sound file upload progress: 24%","data":{"soundId":"68b5db250d70606e23385da5"}}
{"timestamp":"2025-09-01T17:43:01.533Z","level":"INFO","message":"Sound file upload progress: 25%","data":{"soundId":"68b5db250d70606e23385da5"}}
{"timestamp":"2025-09-01T17:43:01.533Z","level":"INFO","message":"Sound file upload progress: 25%","data":{"soundId":"68b5db250d70606e23385da5"}}
{"timestamp":"2025-09-01T17:43:01.533Z","level":"INFO","message":"Sound file upload progress: 25%","data":{"soundId":"68b5db250d70606e23385da5"}}
{"timestamp":"2025-09-01T17:43:01.533Z","level":"INFO","message":"Sound file upload progress: 25%","data":{"soundId":"68b5db250d70606e23385da5"}}
{"timestamp":"2025-09-01T17:43:01.533Z","level":"INFO","message":"Sound file upload progress: 25%","data":{"soundId":"68b5db250d70606e23385da5"}}
{"timestamp":"2025-09-01T17:43:01.534Z","level":"INFO","message":"Sound file upload progress: 25%","data":{"soundId":"68b5db250d70606e23385da5"}}
{"timestamp":"2025-09-01T17:43:01.534Z","level":"INFO","message":"Sound file upload progress: 25%","data":{"soundId":"68b5db250d70606e23385da5"}}
{"timestamp":"2025-09-01T17:43:01.534Z","level":"INFO","message":"Sound file upload progress: 25%","data":{"soundId":"68b5db250d70606e23385da5"}}
{"timestamp":"2025-09-01T17:43:01.534Z","level":"INFO","message":"Sound file upload progress: 25%","data":{"soundId":"68b5db250d70606e23385da5"}}
{"timestamp":"2025-09-01T17:43:01.534Z","level":"INFO","message":"Sound file upload progress: 26%","data":{"soundId":"68b5db250d70606e23385da5"}}
{"timestamp":"2025-09-01T17:43:01.534Z","level":"INFO","message":"Sound file upload progress: 26%","data":{"soundId":"68b5db250d70606e23385da5"}}
{"timestamp":"2025-09-01T17:43:01.534Z","level":"INFO","message":"Sound file upload progress: 26%","data":{"soundId":"68b5db250d70606e23385da5"}}
{"timestamp":"2025-09-01T17:43:01.534Z","level":"INFO","message":"Sound file upload progress: 26%","data":{"soundId":"68b5db250d70606e23385da5"}}
{"timestamp":"2025-09-01T17:43:01.534Z","level":"INFO","message":"Sound file upload progress: 26%","data":{"soundId":"68b5db250d70606e23385da5"}}
{"timestamp":"2025-09-01T17:43:01.534Z","level":"INFO","message":"Sound file upload progress: 26%","data":{"soundId":"68b5db250d70606e23385da5"}}
{"timestamp":"2025-09-01T17:43:01.534Z","level":"INFO","message":"Sound file upload progress: 26%","data":{"soundId":"68b5db250d70606e23385da5"}}
{"timestamp":"2025-09-01T17:43:01.535Z","level":"INFO","message":"Sound file upload progress: 26%","data":{"soundId":"68b5db250d70606e23385da5"}}
{"timestamp":"2025-09-01T17:43:01.535Z","level":"INFO","message":"Sound file upload progress: 26%","data":{"soundId":"68b5db250d70606e23385da5"}}
{"timestamp":"2025-09-01T17:43:01.535Z","level":"INFO","message":"Sound file upload progress: 27%","data":{"soundId":"68b5db250d70606e23385da5"}}
{"timestamp":"2025-09-01T17:43:01.535Z","level":"INFO","message":"Sound file upload progress: 27%","data":{"soundId":"68b5db250d70606e23385da5"}}
{"timestamp":"2025-09-01T17:43:01.535Z","level":"INFO","message":"Sound file upload progress: 27%","data":{"soundId":"68b5db250d70606e23385da5"}}
{"timestamp":"2025-09-01T17:43:01.535Z","level":"INFO","message":"Sound file upload progress: 27%","data":{"soundId":"68b5db250d70606e23385da5"}}
{"timestamp":"2025-09-01T17:43:01.535Z","level":"INFO","message":"Sound file upload progress: 27%","data":{"soundId":"68b5db250d70606e23385da5"}}
{"timestamp":"2025-09-01T17:43:01.535Z","level":"INFO","message":"Sound file upload progress: 27%","data":{"soundId":"68b5db250d70606e23385da5"}}
{"timestamp":"2025-09-01T17:43:01.535Z","level":"INFO","message":"Sound file upload progress: 27%","data":{"soundId":"68b5db250d70606e23385da5"}}
{"timestamp":"2025-09-01T17:43:01.535Z","level":"INFO","message":"Sound file upload progress: 27%","data":{"soundId":"68b5db250d70606e23385da5"}}
{"timestamp":"2025-09-01T17:43:01.535Z","level":"INFO","message":"Sound file upload progress: 28%","data":{"soundId":"68b5db250d70606e23385da5"}}
{"timestamp":"2025-09-01T17:43:01.535Z","level":"INFO","message":"Sound file upload progress: 28%","data":{"soundId":"68b5db250d70606e23385da5"}}
{"timestamp":"2025-09-01T17:43:01.535Z","level":"INFO","message":"Sound file upload progress: 28%","data":{"soundId":"68b5db250d70606e23385da5"}}
{"timestamp":"2025-09-01T17:43:01.536Z","level":"INFO","message":"Sound file upload progress: 28%","data":{"soundId":"68b5db250d70606e23385da5"}}
{"timestamp":"2025-09-01T17:43:01.536Z","level":"INFO","message":"Sound file upload progress: 28%","data":{"soundId":"68b5db250d70606e23385da5"}}
{"timestamp":"2025-09-01T17:43:01.536Z","level":"INFO","message":"Sound file upload progress: 28%","data":{"soundId":"68b5db250d70606e23385da5"}}
{"timestamp":"2025-09-01T17:43:01.536Z","level":"INFO","message":"Sound file upload progress: 28%","data":{"soundId":"68b5db250d70606e23385da5"}}
{"timestamp":"2025-09-01T17:43:01.536Z","level":"INFO","message":"Sound file upload progress: 28%","data":{"soundId":"68b5db250d70606e23385da5"}}
{"timestamp":"2025-09-01T17:43:01.536Z","level":"INFO","message":"Sound file upload progress: 28%","data":{"soundId":"68b5db250d70606e23385da5"}}
{"timestamp":"2025-09-01T17:43:01.536Z","level":"INFO","message":"Sound file upload progress: 29%","data":{"soundId":"68b5db250d70606e23385da5"}}
{"timestamp":"2025-09-01T17:43:01.536Z","level":"INFO","message":"Sound file upload progress: 29%","data":{"soundId":"68b5db250d70606e23385da5"}}
{"timestamp":"2025-09-01T17:43:01.536Z","level":"INFO","message":"Sound file upload progress: 29%","data":{"soundId":"68b5db250d70606e23385da5"}}
{"timestamp":"2025-09-01T17:43:01.536Z","level":"INFO","message":"Sound file upload progress: 29%","data":{"soundId":"68b5db250d70606e23385da5"}}
{"timestamp":"2025-09-01T17:43:01.536Z","level":"INFO","message":"Sound file upload progress: 29%","data":{"soundId":"68b5db250d70606e23385da5"}}
{"timestamp":"2025-09-01T17:43:01.536Z","level":"INFO","message":"Sound file upload progress: 29%","data":{"soundId":"68b5db250d70606e23385da5"}}
{"timestamp":"2025-09-01T17:43:01.536Z","level":"INFO","message":"Sound file upload progress: 29%","data":{"soundId":"68b5db250d70606e23385da5"}}
{"timestamp":"2025-09-01T17:43:01.537Z","level":"INFO","message":"Sound file upload progress: 29%","data":{"soundId":"68b5db250d70606e23385da5"}}
{"timestamp":"2025-09-01T17:43:01.537Z","level":"INFO","message":"Sound file upload progress: 29%","data":{"soundId":"68b5db250d70606e23385da5"}}
{"timestamp":"2025-09-01T17:43:01.537Z","level":"INFO","message":"Sound file upload progress: 30%","data":{"soundId":"68b5db250d70606e23385da5"}}
{"timestamp":"2025-09-01T17:43:01.537Z","level":"INFO","message":"Sound file upload progress: 30%","data":{"soundId":"68b5db250d70606e23385da5"}}
{"timestamp":"2025-09-01T17:43:01.537Z","level":"INFO","message":"Sound file upload progress: 30%","data":{"soundId":"68b5db250d70606e23385da5"}}
{"timestamp":"2025-09-01T17:43:01.537Z","level":"INFO","message":"Sound file upload progress: 30%","data":{"soundId":"68b5db250d70606e23385da5"}}
{"timestamp":"2025-09-01T17:43:01.537Z","level":"INFO","message":"Sound file upload progress: 30%","data":{"soundId":"68b5db250d70606e23385da5"}}
{"timestamp":"2025-09-01T17:43:01.537Z","level":"INFO","message":"Sound file upload progress: 30%","data":{"soundId":"68b5db250d70606e23385da5"}}
{"timestamp":"2025-09-01T17:43:01.537Z","level":"INFO","message":"Sound file upload progress: 30%","data":{"soundId":"68b5db250d70606e23385da5"}}
{"timestamp":"2025-09-01T17:43:01.537Z","level":"INFO","message":"Sound file upload progress: 30%","data":{"soundId":"68b5db250d70606e23385da5"}}
{"timestamp":"2025-09-01T17:43:01.538Z","level":"INFO","message":"Sound file upload progress: 30%","data":{"soundId":"68b5db250d70606e23385da5"}}
{"timestamp":"2025-09-01T17:43:01.538Z","level":"INFO","message":"Sound file upload progress: 31%","data":{"soundId":"68b5db250d70606e23385da5"}}
{"timestamp":"2025-09-01T17:43:01.538Z","level":"INFO","message":"Sound file upload progress: 31%","data":{"soundId":"68b5db250d70606e23385da5"}}
{"timestamp":"2025-09-01T17:43:01.538Z","level":"INFO","message":"Sound file upload progress: 31%","data":{"soundId":"68b5db250d70606e23385da5"}}
{"timestamp":"2025-09-01T17:43:01.538Z","level":"INFO","message":"Sound file upload progress: 31%","data":{"soundId":"68b5db250d70606e23385da5"}}
{"timestamp":"2025-09-01T17:43:01.538Z","level":"INFO","message":"Sound file upload progress: 31%","data":{"soundId":"68b5db250d70606e23385da5"}}
{"timestamp":"2025-09-01T17:43:01.538Z","level":"INFO","message":"Sound file upload progress: 31%","data":{"soundId":"68b5db250d70606e23385da5"}}
{"timestamp":"2025-09-01T17:43:01.538Z","level":"INFO","message":"Sound file upload progress: 31%","data":{"soundId":"68b5db250d70606e23385da5"}}
{"timestamp":"2025-09-01T17:43:01.539Z","level":"INFO","message":"Sound file upload progress: 31%","data":{"soundId":"68b5db250d70606e23385da5"}}
{"timestamp":"2025-09-01T17:43:01.539Z","level":"INFO","message":"Sound file upload progress: 32%","data":{"soundId":"68b5db250d70606e23385da5"}}
{"timestamp":"2025-09-01T17:43:01.539Z","level":"INFO","message":"Sound file upload progress: 32%","data":{"soundId":"68b5db250d70606e23385da5"}}
{"timestamp":"2025-09-01T17:43:01.539Z","level":"INFO","message":"Sound file upload progress: 32%","data":{"soundId":"68b5db250d70606e23385da5"}}
{"timestamp":"2025-09-01T17:43:01.539Z","level":"INFO","message":"Sound file upload progress: 32%","data":{"soundId":"68b5db250d70606e23385da5"}}
{"timestamp":"2025-09-01T17:43:01.539Z","level":"INFO","message":"Sound file upload progress: 32%","data":{"soundId":"68b5db250d70606e23385da5"}}
{"timestamp":"2025-09-01T17:43:01.539Z","level":"INFO","message":"Sound file upload progress: 32%","data":{"soundId":"68b5db250d70606e23385da5"}}
{"timestamp":"2025-09-01T17:43:01.540Z","level":"INFO","message":"Sound file upload progress: 32%","data":{"soundId":"68b5db250d70606e23385da5"}}
{"timestamp":"2025-09-01T17:43:01.540Z","level":"INFO","message":"Sound file upload progress: 32%","data":{"soundId":"68b5db250d70606e23385da5"}}
{"timestamp":"2025-09-01T17:43:01.540Z","level":"INFO","message":"Sound file upload progress: 32%","data":{"soundId":"68b5db250d70606e23385da5"}}
{"timestamp":"2025-09-01T17:43:01.541Z","level":"INFO","message":"Sound file upload progress: 33%","data":{"soundId":"68b5db250d70606e23385da5"}}
{"timestamp":"2025-09-01T17:43:01.541Z","level":"INFO","message":"Sound file upload progress: 33%","data":{"soundId":"68b5db250d70606e23385da5"}}
{"timestamp":"2025-09-01T17:43:01.542Z","level":"INFO","message":"Sound file upload progress: 33%","data":{"soundId":"68b5db250d70606e23385da5"}}
{"timestamp":"2025-09-01T17:43:01.542Z","level":"INFO","message":"Sound file upload progress: 33%","data":{"soundId":"68b5db250d70606e23385da5"}}
{"timestamp":"2025-09-01T17:43:01.542Z","level":"INFO","message":"Sound file upload progress: 33%","data":{"soundId":"68b5db250d70606e23385da5"}}
{"timestamp":"2025-09-01T17:43:01.543Z","level":"INFO","message":"Sound file upload progress: 33%","data":{"soundId":"68b5db250d70606e23385da5"}}
{"timestamp":"2025-09-01T17:43:01.543Z","level":"INFO","message":"Sound file upload progress: 33%","data":{"soundId":"68b5db250d70606e23385da5"}}
{"timestamp":"2025-09-01T17:43:01.543Z","level":"INFO","message":"Sound file upload progress: 33%","data":{"soundId":"68b5db250d70606e23385da5"}}
{"timestamp":"2025-09-01T17:43:01.543Z","level":"INFO","message":"Sound file upload progress: 33%","data":{"soundId":"68b5db250d70606e23385da5"}}
{"timestamp":"2025-09-01T17:43:01.544Z","level":"INFO","message":"Sound file upload progress: 34%","data":{"soundId":"68b5db250d70606e23385da5"}}
{"timestamp":"2025-09-01T17:43:01.544Z","level":"INFO","message":"Sound file upload progress: 34%","data":{"soundId":"68b5db250d70606e23385da5"}}
{"timestamp":"2025-09-01T17:43:01.544Z","level":"INFO","message":"Sound file upload progress: 34%","data":{"soundId":"68b5db250d70606e23385da5"}}
{"timestamp":"2025-09-01T17:43:01.545Z","level":"INFO","message":"Sound file upload progress: 34%","data":{"soundId":"68b5db250d70606e23385da5"}}
{"timestamp":"2025-09-01T17:43:01.545Z","level":"INFO","message":"Sound file upload progress: 34%","data":{"soundId":"68b5db250d70606e23385da5"}}
{"timestamp":"2025-09-01T17:43:01.545Z","level":"INFO","message":"Sound file upload progress: 34%","data":{"soundId":"68b5db250d70606e23385da5"}}
{"timestamp":"2025-09-01T17:43:01.545Z","level":"INFO","message":"Sound file upload progress: 34%","data":{"soundId":"68b5db250d70606e23385da5"}}
{"timestamp":"2025-09-01T17:43:01.545Z","level":"INFO","message":"Sound file upload progress: 34%","data":{"soundId":"68b5db250d70606e23385da5"}}
{"timestamp":"2025-09-01T17:43:01.545Z","level":"INFO","message":"Sound file upload progress: 34%","data":{"soundId":"68b5db250d70606e23385da5"}}
{"timestamp":"2025-09-01T17:43:01.547Z","level":"INFO","message":"Sound file upload progress: 35%","data":{"soundId":"68b5db250d70606e23385da5"}}
{"timestamp":"2025-09-01T17:43:01.549Z","level":"INFO","message":"Sound file upload progress: 35%","data":{"soundId":"68b5db250d70606e23385da5"}}
{"timestamp":"2025-09-01T17:43:01.549Z","level":"INFO","message":"Sound file upload progress: 35%","data":{"soundId":"68b5db250d70606e23385da5"}}
{"timestamp":"2025-09-01T17:43:01.549Z","level":"INFO","message":"Sound file upload progress: 35%","data":{"soundId":"68b5db250d70606e23385da5"}}
{"timestamp":"2025-09-01T17:43:01.549Z","level":"INFO","message":"Sound file upload progress: 35%","data":{"soundId":"68b5db250d70606e23385da5"}}
{"timestamp":"2025-09-01T17:43:01.549Z","level":"INFO","message":"Sound file upload progress: 35%","data":{"soundId":"68b5db250d70606e23385da5"}}
{"timestamp":"2025-09-01T17:43:01.549Z","level":"INFO","message":"Sound file upload progress: 35%","data":{"soundId":"68b5db250d70606e23385da5"}}
{"timestamp":"2025-09-01T17:43:01.549Z","level":"INFO","message":"Sound file upload progress: 35%","data":{"soundId":"68b5db250d70606e23385da5"}}
{"timestamp":"2025-09-01T17:43:01.549Z","level":"INFO","message":"Sound file upload progress: 35%","data":{"soundId":"68b5db250d70606e23385da5"}}
{"timestamp":"2025-09-01T17:43:01.550Z","level":"INFO","message":"Sound file upload progress: 36%","data":{"soundId":"68b5db250d70606e23385da5"}}
{"timestamp":"2025-09-01T17:43:01.550Z","level":"INFO","message":"Sound file upload progress: 36%","data":{"soundId":"68b5db250d70606e23385da5"}}
{"timestamp":"2025-09-01T17:43:01.550Z","level":"INFO","message":"Sound file upload progress: 36%","data":{"soundId":"68b5db250d70606e23385da5"}}
{"timestamp":"2025-09-01T17:43:01.550Z","level":"INFO","message":"Sound file upload progress: 36%","data":{"soundId":"68b5db250d70606e23385da5"}}
{"timestamp":"2025-09-01T17:43:01.550Z","level":"INFO","message":"Sound file upload progress: 36%","data":{"soundId":"68b5db250d70606e23385da5"}}
{"timestamp":"2025-09-01T17:43:01.550Z","level":"INFO","message":"Sound file upload progress: 36%","data":{"soundId":"68b5db250d70606e23385da5"}}
{"timestamp":"2025-09-01T17:43:01.550Z","level":"INFO","message":"Sound file upload progress: 36%","data":{"soundId":"68b5db250d70606e23385da5"}}
{"timestamp":"2025-09-01T17:43:01.550Z","level":"INFO","message":"Sound file upload progress: 36%","data":{"soundId":"68b5db250d70606e23385da5"}}
{"timestamp":"2025-09-01T17:43:01.550Z","level":"INFO","message":"Sound file upload progress: 37%","data":{"soundId":"68b5db250d70606e23385da5"}}
{"timestamp":"2025-09-01T17:43:01.550Z","level":"INFO","message":"Sound file upload progress: 37%","data":{"soundId":"68b5db250d70606e23385da5"}}
{"timestamp":"2025-09-01T17:43:01.550Z","level":"INFO","message":"Sound file upload progress: 37%","data":{"soundId":"68b5db250d70606e23385da5"}}
{"timestamp":"2025-09-01T17:43:01.551Z","level":"INFO","message":"Sound file upload progress: 37%","data":{"soundId":"68b5db250d70606e23385da5"}}
{"timestamp":"2025-09-01T17:43:01.551Z","level":"INFO","message":"Sound file upload progress: 37%","data":{"soundId":"68b5db250d70606e23385da5"}}
{"timestamp":"2025-09-01T17:43:01.551Z","level":"INFO","message":"Sound file upload progress: 37%","data":{"soundId":"68b5db250d70606e23385da5"}}
{"timestamp":"2025-09-01T17:43:01.551Z","level":"INFO","message":"Sound file upload progress: 37%","data":{"soundId":"68b5db250d70606e23385da5"}}
{"timestamp":"2025-09-01T17:43:01.551Z","level":"INFO","message":"Sound file upload progress: 37%","data":{"soundId":"68b5db250d70606e23385da5"}}
{"timestamp":"2025-09-01T17:43:01.551Z","level":"INFO","message":"Sound file upload progress: 37%","data":{"soundId":"68b5db250d70606e23385da5"}}
{"timestamp":"2025-09-01T17:43:01.551Z","level":"INFO","message":"Sound file upload progress: 38%","data":{"soundId":"68b5db250d70606e23385da5"}}
{"timestamp":"2025-09-01T17:43:01.551Z","level":"INFO","message":"Sound file upload progress: 38%","data":{"soundId":"68b5db250d70606e23385da5"}}
{"timestamp":"2025-09-01T17:43:01.551Z","level":"INFO","message":"Sound file upload progress: 38%","data":{"soundId":"68b5db250d70606e23385da5"}}
{"timestamp":"2025-09-01T17:43:01.551Z","level":"INFO","message":"Sound file upload progress: 38%","data":{"soundId":"68b5db250d70606e23385da5"}}
{"timestamp":"2025-09-01T17:43:01.551Z","level":"INFO","message":"Sound file upload progress: 38%","data":{"soundId":"68b5db250d70606e23385da5"}}
{"timestamp":"2025-09-01T17:43:01.552Z","level":"INFO","message":"Sound file upload progress: 38%","data":{"soundId":"68b5db250d70606e23385da5"}}
{"timestamp":"2025-09-01T17:43:01.552Z","level":"INFO","message":"Sound file upload progress: 38%","data":{"soundId":"68b5db250d70606e23385da5"}}
{"timestamp":"2025-09-01T17:43:01.552Z","level":"INFO","message":"Sound file upload progress: 38%","data":{"soundId":"68b5db250d70606e23385da5"}}
{"timestamp":"2025-09-01T17:43:01.552Z","level":"INFO","message":"Sound file upload progress: 38%","data":{"soundId":"68b5db250d70606e23385da5"}}
{"timestamp":"2025-09-01T17:43:01.552Z","level":"INFO","message":"Sound file upload progress: 39%","data":{"soundId":"68b5db250d70606e23385da5"}}
{"timestamp":"2025-09-01T17:43:01.552Z","level":"INFO","message":"Sound file upload progress: 39%","data":{"soundId":"68b5db250d70606e23385da5"}}
{"timestamp":"2025-09-01T17:43:01.552Z","level":"INFO","message":"Sound file upload progress: 39%","data":{"soundId":"68b5db250d70606e23385da5"}}
{"timestamp":"2025-09-01T17:43:01.552Z","level":"INFO","message":"Sound file upload progress: 39%","data":{"soundId":"68b5db250d70606e23385da5"}}
{"timestamp":"2025-09-01T17:43:01.552Z","level":"INFO","message":"Sound file upload progress: 39%","data":{"soundId":"68b5db250d70606e23385da5"}}
{"timestamp":"2025-09-01T17:43:01.552Z","level":"INFO","message":"Sound file upload progress: 39%","data":{"soundId":"68b5db250d70606e23385da5"}}
{"timestamp":"2025-09-01T17:43:01.552Z","level":"INFO","message":"Sound file upload progress: 39%","data":{"soundId":"68b5db250d70606e23385da5"}}
{"timestamp":"2025-09-01T17:43:01.552Z","level":"INFO","message":"Sound file upload progress: 39%","data":{"soundId":"68b5db250d70606e23385da5"}}
{"timestamp":"2025-09-01T17:43:01.552Z","level":"INFO","message":"Sound file upload progress: 39%","data":{"soundId":"68b5db250d70606e23385da5"}}
{"timestamp":"2025-09-01T17:43:01.553Z","level":"INFO","message":"Sound file upload progress: 40%","data":{"soundId":"68b5db250d70606e23385da5"}}
{"timestamp":"2025-09-01T17:43:01.553Z","level":"INFO","message":"Sound file upload progress: 40%","data":{"soundId":"68b5db250d70606e23385da5"}}
{"timestamp":"2025-09-01T17:43:01.553Z","level":"INFO","message":"Sound file upload progress: 40%","data":{"soundId":"68b5db250d70606e23385da5"}}
{"timestamp":"2025-09-01T17:43:01.553Z","level":"INFO","message":"Sound file upload progress: 40%","data":{"soundId":"68b5db250d70606e23385da5"}}
{"timestamp":"2025-09-01T17:43:01.553Z","level":"INFO","message":"Sound file upload progress: 40%","data":{"soundId":"68b5db250d70606e23385da5"}}
{"timestamp":"2025-09-01T17:43:01.553Z","level":"INFO","message":"Sound file upload progress: 40%","data":{"soundId":"68b5db250d70606e23385da5"}}
{"timestamp":"2025-09-01T17:43:01.553Z","level":"INFO","message":"Sound file upload progress: 40%","data":{"soundId":"68b5db250d70606e23385da5"}}
{"timestamp":"2025-09-01T17:43:01.553Z","level":"INFO","message":"Sound file upload progress: 40%","data":{"soundId":"68b5db250d70606e23385da5"}}
{"timestamp":"2025-09-01T17:43:01.553Z","level":"INFO","message":"Sound file upload progress: 40%","data":{"soundId":"68b5db250d70606e23385da5"}}
{"timestamp":"2025-09-01T17:43:01.553Z","level":"INFO","message":"Sound file upload progress: 41%","data":{"soundId":"68b5db250d70606e23385da5"}}
{"timestamp":"2025-09-01T17:43:01.554Z","level":"INFO","message":"Sound file upload progress: 41%","data":{"soundId":"68b5db250d70606e23385da5"}}
{"timestamp":"2025-09-01T17:43:01.554Z","level":"INFO","message":"Sound file upload progress: 41%","data":{"soundId":"68b5db250d70606e23385da5"}}
{"timestamp":"2025-09-01T17:43:01.554Z","level":"INFO","message":"Sound file upload progress: 41%","data":{"soundId":"68b5db250d70606e23385da5"}}
{"timestamp":"2025-09-01T17:43:01.554Z","level":"INFO","message":"Sound file upload progress: 41%","data":{"soundId":"68b5db250d70606e23385da5"}}
{"timestamp":"2025-09-01T17:43:01.554Z","level":"INFO","message":"Sound file upload progress: 41%","data":{"soundId":"68b5db250d70606e23385da5"}}
{"timestamp":"2025-09-01T17:43:01.555Z","level":"INFO","message":"Sound file upload progress: 41%","data":{"soundId":"68b5db250d70606e23385da5"}}
{"timestamp":"2025-09-01T17:43:01.555Z","level":"INFO","message":"Sound file upload progress: 41%","data":{"soundId":"68b5db250d70606e23385da5"}}
{"timestamp":"2025-09-01T17:43:01.555Z","level":"INFO","message":"Sound file upload progress: 42%","data":{"soundId":"68b5db250d70606e23385da5"}}
{"timestamp":"2025-09-01T17:43:01.555Z","level":"INFO","message":"Sound file upload progress: 42%","data":{"soundId":"68b5db250d70606e23385da5"}}
{"timestamp":"2025-09-01T17:43:01.555Z","level":"INFO","message":"Sound file upload progress: 42%","data":{"soundId":"68b5db250d70606e23385da5"}}
{"timestamp":"2025-09-01T17:43:01.555Z","level":"INFO","message":"Sound file upload progress: 42%","data":{"soundId":"68b5db250d70606e23385da5"}}
{"timestamp":"2025-09-01T17:43:01.555Z","level":"INFO","message":"Sound file upload progress: 42%","data":{"soundId":"68b5db250d70606e23385da5"}}
{"timestamp":"2025-09-01T17:43:01.555Z","level":"INFO","message":"Sound file upload progress: 42%","data":{"soundId":"68b5db250d70606e23385da5"}}
{"timestamp":"2025-09-01T17:43:01.555Z","level":"INFO","message":"Sound file upload progress: 42%","data":{"soundId":"68b5db250d70606e23385da5"}}
{"timestamp":"2025-09-01T17:43:01.556Z","level":"INFO","message":"Sound file upload progress: 42%","data":{"soundId":"68b5db250d70606e23385da5"}}
{"timestamp":"2025-09-01T17:43:01.556Z","level":"INFO","message":"Sound file upload progress: 42%","data":{"soundId":"68b5db250d70606e23385da5"}}
{"timestamp":"2025-09-01T17:43:01.556Z","level":"INFO","message":"Sound file upload progress: 43%","data":{"soundId":"68b5db250d70606e23385da5"}}
{"timestamp":"2025-09-01T17:43:01.556Z","level":"INFO","message":"Sound file upload progress: 43%","data":{"soundId":"68b5db250d70606e23385da5"}}
{"timestamp":"2025-09-01T17:43:01.556Z","level":"INFO","message":"Sound file upload progress: 43%","data":{"soundId":"68b5db250d70606e23385da5"}}
{"timestamp":"2025-09-01T17:43:01.556Z","level":"INFO","message":"Sound file upload progress: 43%","data":{"soundId":"68b5db250d70606e23385da5"}}
{"timestamp":"2025-09-01T17:43:01.556Z","level":"INFO","message":"Sound file upload progress: 43%","data":{"soundId":"68b5db250d70606e23385da5"}}
{"timestamp":"2025-09-01T17:43:01.556Z","level":"INFO","message":"Sound file upload progress: 43%","data":{"soundId":"68b5db250d70606e23385da5"}}
{"timestamp":"2025-09-01T17:43:01.556Z","level":"INFO","message":"Sound file upload progress: 43%","data":{"soundId":"68b5db250d70606e23385da5"}}
{"timestamp":"2025-09-01T17:43:01.556Z","level":"INFO","message":"Sound file upload progress: 43%","data":{"soundId":"68b5db250d70606e23385da5"}}
{"timestamp":"2025-09-01T17:43:01.556Z","level":"INFO","message":"Sound file upload progress: 43%","data":{"soundId":"68b5db250d70606e23385da5"}}
{"timestamp":"2025-09-01T17:43:01.556Z","level":"INFO","message":"Sound file upload progress: 44%","data":{"soundId":"68b5db250d70606e23385da5"}}
{"timestamp":"2025-09-01T17:43:01.557Z","level":"INFO","message":"Sound file upload progress: 44%","data":{"soundId":"68b5db250d70606e23385da5"}}
{"timestamp":"2025-09-01T17:43:01.557Z","level":"INFO","message":"Sound file upload progress: 44%","data":{"soundId":"68b5db250d70606e23385da5"}}
{"timestamp":"2025-09-01T17:43:01.557Z","level":"INFO","message":"Sound file upload progress: 44%","data":{"soundId":"68b5db250d70606e23385da5"}}
{"timestamp":"2025-09-01T17:43:01.557Z","level":"INFO","message":"Sound file upload progress: 44%","data":{"soundId":"68b5db250d70606e23385da5"}}
{"timestamp":"2025-09-01T17:43:01.557Z","level":"INFO","message":"Sound file upload progress: 44%","data":{"soundId":"68b5db250d70606e23385da5"}}
{"timestamp":"2025-09-01T17:43:01.557Z","level":"INFO","message":"Sound file upload progress: 44%","data":{"soundId":"68b5db250d70606e23385da5"}}
{"timestamp":"2025-09-01T17:43:01.557Z","level":"INFO","message":"Sound file upload progress: 44%","data":{"soundId":"68b5db250d70606e23385da5"}}
{"timestamp":"2025-09-01T17:43:01.557Z","level":"INFO","message":"Sound file upload progress: 44%","data":{"soundId":"68b5db250d70606e23385da5"}}
{"timestamp":"2025-09-01T17:43:01.557Z","level":"INFO","message":"Sound file upload progress: 45%","data":{"soundId":"68b5db250d70606e23385da5"}}
{"timestamp":"2025-09-01T17:43:01.557Z","level":"INFO","message":"Sound file upload progress: 45%","data":{"soundId":"68b5db250d70606e23385da5"}}
{"timestamp":"2025-09-01T17:43:01.557Z","level":"INFO","message":"Sound file upload progress: 45%","data":{"soundId":"68b5db250d70606e23385da5"}}
{"timestamp":"2025-09-01T17:43:01.557Z","level":"INFO","message":"Sound file upload progress: 45%","data":{"soundId":"68b5db250d70606e23385da5"}}
{"timestamp":"2025-09-01T17:43:01.557Z","level":"INFO","message":"Sound file upload progress: 45%","data":{"soundId":"68b5db250d70606e23385da5"}}
{"timestamp":"2025-09-01T17:43:01.558Z","level":"INFO","message":"Sound file upload progress: 45%","data":{"soundId":"68b5db250d70606e23385da5"}}
{"timestamp":"2025-09-01T17:43:01.558Z","level":"INFO","message":"Sound file upload progress: 45%","data":{"soundId":"68b5db250d70606e23385da5"}}
{"timestamp":"2025-09-01T17:43:01.558Z","level":"INFO","message":"Sound file upload progress: 45%","data":{"soundId":"68b5db250d70606e23385da5"}}
{"timestamp":"2025-09-01T17:43:01.558Z","level":"INFO","message":"Sound file upload progress: 45%","data":{"soundId":"68b5db250d70606e23385da5"}}
{"timestamp":"2025-09-01T17:43:01.558Z","level":"INFO","message":"Sound file upload progress: 46%","data":{"soundId":"68b5db250d70606e23385da5"}}
{"timestamp":"2025-09-01T17:43:01.558Z","level":"INFO","message":"Sound file upload progress: 46%","data":{"soundId":"68b5db250d70606e23385da5"}}
{"timestamp":"2025-09-01T17:43:01.558Z","level":"INFO","message":"Sound file upload progress: 46%","data":{"soundId":"68b5db250d70606e23385da5"}}
{"timestamp":"2025-09-01T17:43:01.558Z","level":"INFO","message":"Sound file upload progress: 46%","data":{"soundId":"68b5db250d70606e23385da5"}}
{"timestamp":"2025-09-01T17:43:01.558Z","level":"INFO","message":"Sound file upload progress: 46%","data":{"soundId":"68b5db250d70606e23385da5"}}
{"timestamp":"2025-09-01T17:43:01.558Z","level":"INFO","message":"Sound file upload progress: 46%","data":{"soundId":"68b5db250d70606e23385da5"}}
{"timestamp":"2025-09-01T17:43:01.558Z","level":"INFO","message":"Sound file upload progress: 46%","data":{"soundId":"68b5db250d70606e23385da5"}}
{"timestamp":"2025-09-01T17:43:01.558Z","level":"INFO","message":"Sound file upload progress: 46%","data":{"soundId":"68b5db250d70606e23385da5"}}
{"timestamp":"2025-09-01T17:43:01.559Z","level":"INFO","message":"Sound file upload progress: 47%","data":{"soundId":"68b5db250d70606e23385da5"}}
{"timestamp":"2025-09-01T17:43:01.559Z","level":"INFO","message":"Sound file upload progress: 47%","data":{"soundId":"68b5db250d70606e23385da5"}}
{"timestamp":"2025-09-01T17:43:01.559Z","level":"INFO","message":"Sound file upload progress: 47%","data":{"soundId":"68b5db250d70606e23385da5"}}
{"timestamp":"2025-09-01T17:43:01.559Z","level":"INFO","message":"Sound file upload progress: 47%","data":{"soundId":"68b5db250d70606e23385da5"}}
{"timestamp":"2025-09-01T17:43:01.559Z","level":"INFO","message":"Sound file upload progress: 47%","data":{"soundId":"68b5db250d70606e23385da5"}}
{"timestamp":"2025-09-01T17:43:01.560Z","level":"INFO","message":"Sound file upload progress: 47%","data":{"soundId":"68b5db250d70606e23385da5"}}
{"timestamp":"2025-09-01T17:43:01.560Z","level":"INFO","message":"Sound file upload progress: 47%","data":{"soundId":"68b5db250d70606e23385da5"}}
{"timestamp":"2025-09-01T17:43:01.560Z","level":"INFO","message":"Sound file upload progress: 47%","data":{"soundId":"68b5db250d70606e23385da5"}}
{"timestamp":"2025-09-01T17:43:01.560Z","level":"INFO","message":"Sound file upload progress: 47%","data":{"soundId":"68b5db250d70606e23385da5"}}
{"timestamp":"2025-09-01T17:43:01.560Z","level":"INFO","message":"Sound file upload progress: 48%","data":{"soundId":"68b5db250d70606e23385da5"}}
{"timestamp":"2025-09-01T17:43:01.560Z","level":"INFO","message":"Sound file upload progress: 48%","data":{"soundId":"68b5db250d70606e23385da5"}}
{"timestamp":"2025-09-01T17:43:01.560Z","level":"INFO","message":"Sound file upload progress: 48%","data":{"soundId":"68b5db250d70606e23385da5"}}
{"timestamp":"2025-09-01T17:43:01.560Z","level":"INFO","message":"Sound file upload progress: 48%","data":{"soundId":"68b5db250d70606e23385da5"}}
{"timestamp":"2025-09-01T17:43:01.560Z","level":"INFO","message":"Sound file upload progress: 48%","data":{"soundId":"68b5db250d70606e23385da5"}}
{"timestamp":"2025-09-01T17:43:01.560Z","level":"INFO","message":"Sound file upload progress: 48%","data":{"soundId":"68b5db250d70606e23385da5"}}
{"timestamp":"2025-09-01T17:43:01.561Z","level":"INFO","message":"Sound file upload progress: 48%","data":{"soundId":"68b5db250d70606e23385da5"}}
{"timestamp":"2025-09-01T17:43:01.561Z","level":"INFO","message":"Sound file upload progress: 48%","data":{"soundId":"68b5db250d70606e23385da5"}}
{"timestamp":"2025-09-01T17:43:01.561Z","level":"INFO","message":"Sound file upload progress: 48%","data":{"soundId":"68b5db250d70606e23385da5"}}
{"timestamp":"2025-09-01T17:43:01.561Z","level":"INFO","message":"Sound file upload progress: 49%","data":{"soundId":"68b5db250d70606e23385da5"}}
{"timestamp":"2025-09-01T17:43:01.561Z","level":"INFO","message":"Sound file upload progress: 49%","data":{"soundId":"68b5db250d70606e23385da5"}}
{"timestamp":"2025-09-01T17:43:01.561Z","level":"INFO","message":"Sound file upload progress: 49%","data":{"soundId":"68b5db250d70606e23385da5"}}
{"timestamp":"2025-09-01T17:43:01.561Z","level":"INFO","message":"Sound file upload progress: 49%","data":{"soundId":"68b5db250d70606e23385da5"}}
{"timestamp":"2025-09-01T17:43:01.561Z","level":"INFO","message":"Sound file upload progress: 49%","data":{"soundId":"68b5db250d70606e23385da5"}}
{"timestamp":"2025-09-01T17:43:01.561Z","level":"INFO","message":"Sound file upload progress: 49%","data":{"soundId":"68b5db250d70606e23385da5"}}
{"timestamp":"2025-09-01T17:43:01.561Z","level":"INFO","message":"Sound file upload progress: 49%","data":{"soundId":"68b5db250d70606e23385da5"}}
{"timestamp":"2025-09-01T17:43:01.561Z","level":"INFO","message":"Sound file upload progress: 49%","data":{"soundId":"68b5db250d70606e23385da5"}}
{"timestamp":"2025-09-01T17:43:01.561Z","level":"INFO","message":"Sound file upload progress: 49%","data":{"soundId":"68b5db250d70606e23385da5"}}
{"timestamp":"2025-09-01T17:43:01.561Z","level":"INFO","message":"Sound file upload progress: 50%","data":{"soundId":"68b5db250d70606e23385da5"}}
{"timestamp":"2025-09-01T17:43:01.562Z","level":"INFO","message":"Sound file upload progress: 50%","data":{"soundId":"68b5db250d70606e23385da5"}}
{"timestamp":"2025-09-01T17:43:01.562Z","level":"INFO","message":"Sound file upload progress: 50%","data":{"soundId":"68b5db250d70606e23385da5"}}
{"timestamp":"2025-09-01T17:43:01.562Z","level":"INFO","message":"Sound file upload progress: 50%","data":{"soundId":"68b5db250d70606e23385da5"}}
{"timestamp":"2025-09-01T17:43:01.562Z","level":"INFO","message":"Sound file upload progress: 50%","data":{"soundId":"68b5db250d70606e23385da5"}}
{"timestamp":"2025-09-01T17:43:01.562Z","level":"INFO","message":"Sound file upload progress: 50%","data":{"soundId":"68b5db250d70606e23385da5"}}
{"timestamp":"2025-09-01T17:43:01.562Z","level":"INFO","message":"Sound file upload progress: 50%","data":{"soundId":"68b5db250d70606e23385da5"}}
{"timestamp":"2025-09-01T17:43:01.562Z","level":"INFO","message":"Sound file upload progress: 50%","data":{"soundId":"68b5db250d70606e23385da5"}}
{"timestamp":"2025-09-01T17:43:01.562Z","level":"INFO","message":"Sound file upload progress: 50%","data":{"soundId":"68b5db250d70606e23385da5"}}
{"timestamp":"2025-09-01T17:43:01.563Z","level":"INFO","message":"Sound file upload progress: 51%","data":{"soundId":"68b5db250d70606e23385da5"}}
{"timestamp":"2025-09-01T17:43:01.563Z","level":"INFO","message":"Sound file upload progress: 51%","data":{"soundId":"68b5db250d70606e23385da5"}}
{"timestamp":"2025-09-01T17:43:01.564Z","level":"INFO","message":"Sound file upload progress: 51%","data":{"soundId":"68b5db250d70606e23385da5"}}
{"timestamp":"2025-09-01T17:43:01.564Z","level":"INFO","message":"Sound file upload progress: 51%","data":{"soundId":"68b5db250d70606e23385da5"}}
{"timestamp":"2025-09-01T17:43:01.565Z","level":"INFO","message":"Sound file upload progress: 51%","data":{"soundId":"68b5db250d70606e23385da5"}}
{"timestamp":"2025-09-01T17:43:01.565Z","level":"INFO","message":"Sound file upload progress: 51%","data":{"soundId":"68b5db250d70606e23385da5"}}
{"timestamp":"2025-09-01T17:43:01.565Z","level":"INFO","message":"Sound file upload progress: 51%","data":{"soundId":"68b5db250d70606e23385da5"}}
{"timestamp":"2025-09-01T17:43:01.566Z","level":"INFO","message":"Sound file upload progress: 51%","data":{"soundId":"68b5db250d70606e23385da5"}}
{"timestamp":"2025-09-01T17:43:01.566Z","level":"INFO","message":"Sound file upload progress: 52%","data":{"soundId":"68b5db250d70606e23385da5"}}
{"timestamp":"2025-09-01T17:43:01.566Z","level":"INFO","message":"Sound file upload progress: 52%","data":{"soundId":"68b5db250d70606e23385da5"}}
{"timestamp":"2025-09-01T17:43:01.566Z","level":"INFO","message":"Sound file upload progress: 52%","data":{"soundId":"68b5db250d70606e23385da5"}}
{"timestamp":"2025-09-01T17:43:01.566Z","level":"INFO","message":"Sound file upload progress: 52%","data":{"soundId":"68b5db250d70606e23385da5"}}
{"timestamp":"2025-09-01T17:43:01.567Z","level":"INFO","message":"Sound file upload progress: 52%","data":{"soundId":"68b5db250d70606e23385da5"}}
{"timestamp":"2025-09-01T17:43:01.567Z","level":"INFO","message":"Sound file upload progress: 52%","data":{"soundId":"68b5db250d70606e23385da5"}}
{"timestamp":"2025-09-01T17:43:01.567Z","level":"INFO","message":"Sound file upload progress: 52%","data":{"soundId":"68b5db250d70606e23385da5"}}
{"timestamp":"2025-09-01T17:43:01.568Z","level":"INFO","message":"Sound file upload progress: 52%","data":{"soundId":"68b5db250d70606e23385da5"}}
{"timestamp":"2025-09-01T17:43:01.568Z","level":"INFO","message":"Sound file upload progress: 52%","data":{"soundId":"68b5db250d70606e23385da5"}}
{"timestamp":"2025-09-01T17:43:01.568Z","level":"INFO","message":"Sound file upload progress: 53%","data":{"soundId":"68b5db250d70606e23385da5"}}
{"timestamp":"2025-09-01T17:43:01.568Z","level":"INFO","message":"Sound file upload progress: 53%","data":{"soundId":"68b5db250d70606e23385da5"}}
{"timestamp":"2025-09-01T17:43:01.568Z","level":"INFO","message":"Sound file upload progress: 53%","data":{"soundId":"68b5db250d70606e23385da5"}}
{"timestamp":"2025-09-01T17:43:01.568Z","level":"INFO","message":"Sound file upload progress: 53%","data":{"soundId":"68b5db250d70606e23385da5"}}
{"timestamp":"2025-09-01T17:43:01.569Z","level":"INFO","message":"Sound file upload progress: 53%","data":{"soundId":"68b5db250d70606e23385da5"}}
{"timestamp":"2025-09-01T17:43:01.569Z","level":"INFO","message":"Sound file upload progress: 53%","data":{"soundId":"68b5db250d70606e23385da5"}}
{"timestamp":"2025-09-01T17:43:01.570Z","level":"INFO","message":"Sound file upload progress: 53%","data":{"soundId":"68b5db250d70606e23385da5"}}
{"timestamp":"2025-09-01T17:43:01.571Z","level":"INFO","message":"Sound file upload progress: 53%","data":{"soundId":"68b5db250d70606e23385da5"}}
{"timestamp":"2025-09-01T17:43:01.571Z","level":"INFO","message":"Sound file upload progress: 53%","data":{"soundId":"68b5db250d70606e23385da5"}}
{"timestamp":"2025-09-01T17:43:01.571Z","level":"INFO","message":"Sound file upload progress: 54%","data":{"soundId":"68b5db250d70606e23385da5"}}
{"timestamp":"2025-09-01T17:43:01.571Z","level":"INFO","message":"Sound file upload progress: 54%","data":{"soundId":"68b5db250d70606e23385da5"}}
{"timestamp":"2025-09-01T17:43:01.572Z","level":"INFO","message":"Sound file upload progress: 54%","data":{"soundId":"68b5db250d70606e23385da5"}}
{"timestamp":"2025-09-01T17:43:01.572Z","level":"INFO","message":"Sound file upload progress: 54%","data":{"soundId":"68b5db250d70606e23385da5"}}
{"timestamp":"2025-09-01T17:43:01.572Z","level":"INFO","message":"Sound file upload progress: 54%","data":{"soundId":"68b5db250d70606e23385da5"}}
{"timestamp":"2025-09-01T17:43:01.572Z","level":"INFO","message":"Sound file upload progress: 54%","data":{"soundId":"68b5db250d70606e23385da5"}}
{"timestamp":"2025-09-01T17:43:01.575Z","level":"INFO","message":"Sound file upload progress: 54%","data":{"soundId":"68b5db250d70606e23385da5"}}
{"timestamp":"2025-09-01T17:43:01.575Z","level":"INFO","message":"Sound file upload progress: 54%","data":{"soundId":"68b5db250d70606e23385da5"}}
{"timestamp":"2025-09-01T17:43:01.575Z","level":"INFO","message":"Sound file upload progress: 54%","data":{"soundId":"68b5db250d70606e23385da5"}}
{"timestamp":"2025-09-01T17:43:01.576Z","level":"INFO","message":"Sound file upload progress: 55%","data":{"soundId":"68b5db250d70606e23385da5"}}
{"timestamp":"2025-09-01T17:43:01.576Z","level":"INFO","message":"Sound file upload progress: 55%","data":{"soundId":"68b5db250d70606e23385da5"}}
{"timestamp":"2025-09-01T17:43:01.576Z","level":"INFO","message":"Sound file upload progress: 55%","data":{"soundId":"68b5db250d70606e23385da5"}}
{"timestamp":"2025-09-01T17:43:01.576Z","level":"INFO","message":"Sound file upload progress: 55%","data":{"soundId":"68b5db250d70606e23385da5"}}
{"timestamp":"2025-09-01T17:43:01.576Z","level":"INFO","message":"Sound file upload progress: 55%","data":{"soundId":"68b5db250d70606e23385da5"}}
{"timestamp":"2025-09-01T17:43:01.576Z","level":"INFO","message":"Sound file upload progress: 55%","data":{"soundId":"68b5db250d70606e23385da5"}}
{"timestamp":"2025-09-01T17:43:01.576Z","level":"INFO","message":"Sound file upload progress: 55%","data":{"soundId":"68b5db250d70606e23385da5"}}
{"timestamp":"2025-09-01T17:43:01.577Z","level":"INFO","message":"Sound file upload progress: 55%","data":{"soundId":"68b5db250d70606e23385da5"}}
{"timestamp":"2025-09-01T17:43:01.577Z","level":"INFO","message":"Sound file upload progress: 55%","data":{"soundId":"68b5db250d70606e23385da5"}}
{"timestamp":"2025-09-01T17:43:01.577Z","level":"INFO","message":"Sound file upload progress: 56%","data":{"soundId":"68b5db250d70606e23385da5"}}
{"timestamp":"2025-09-01T17:43:01.577Z","level":"INFO","message":"Sound file upload progress: 56%","data":{"soundId":"68b5db250d70606e23385da5"}}
{"timestamp":"2025-09-01T17:43:01.577Z","level":"INFO","message":"Sound file upload progress: 56%","data":{"soundId":"68b5db250d70606e23385da5"}}
{"timestamp":"2025-09-01T17:43:01.577Z","level":"INFO","message":"Sound file upload progress: 56%","data":{"soundId":"68b5db250d70606e23385da5"}}
{"timestamp":"2025-09-01T17:43:01.577Z","level":"INFO","message":"Sound file upload progress: 56%","data":{"soundId":"68b5db250d70606e23385da5"}}
{"timestamp":"2025-09-01T17:43:01.577Z","level":"INFO","message":"Sound file upload progress: 56%","data":{"soundId":"68b5db250d70606e23385da5"}}
{"timestamp":"2025-09-01T17:43:01.577Z","level":"INFO","message":"Sound file upload progress: 56%","data":{"soundId":"68b5db250d70606e23385da5"}}
{"timestamp":"2025-09-01T17:43:01.577Z","level":"INFO","message":"Sound file upload progress: 56%","data":{"soundId":"68b5db250d70606e23385da5"}}
{"timestamp":"2025-09-01T17:43:01.577Z","level":"INFO","message":"Sound file upload progress: 57%","data":{"soundId":"68b5db250d70606e23385da5"}}
{"timestamp":"2025-09-01T17:43:01.577Z","level":"INFO","message":"Sound file upload progress: 57%","data":{"soundId":"68b5db250d70606e23385da5"}}
{"timestamp":"2025-09-01T17:43:01.577Z","level":"INFO","message":"Sound file upload progress: 57%","data":{"soundId":"68b5db250d70606e23385da5"}}
{"timestamp":"2025-09-01T17:43:01.578Z","level":"INFO","message":"Sound file upload progress: 57%","data":{"soundId":"68b5db250d70606e23385da5"}}
{"timestamp":"2025-09-01T17:43:01.578Z","level":"INFO","message":"Sound file upload progress: 57%","data":{"soundId":"68b5db250d70606e23385da5"}}
{"timestamp":"2025-09-01T17:43:01.578Z","level":"INFO","message":"Sound file upload progress: 57%","data":{"soundId":"68b5db250d70606e23385da5"}}
{"timestamp":"2025-09-01T17:43:01.578Z","level":"INFO","message":"Sound file upload progress: 57%","data":{"soundId":"68b5db250d70606e23385da5"}}
{"timestamp":"2025-09-01T17:43:01.578Z","level":"INFO","message":"Sound file upload progress: 57%","data":{"soundId":"68b5db250d70606e23385da5"}}
{"timestamp":"2025-09-01T17:43:01.578Z","level":"INFO","message":"Sound file upload progress: 57%","data":{"soundId":"68b5db250d70606e23385da5"}}
{"timestamp":"2025-09-01T17:43:01.578Z","level":"INFO","message":"Sound file upload progress: 58%","data":{"soundId":"68b5db250d70606e23385da5"}}
{"timestamp":"2025-09-01T17:43:01.578Z","level":"INFO","message":"Sound file upload progress: 58%","data":{"soundId":"68b5db250d70606e23385da5"}}
{"timestamp":"2025-09-01T17:43:01.578Z","level":"INFO","message":"Sound file upload progress: 58%","data":{"soundId":"68b5db250d70606e23385da5"}}
{"timestamp":"2025-09-01T17:43:01.578Z","level":"INFO","message":"Sound file upload progress: 58%","data":{"soundId":"68b5db250d70606e23385da5"}}
{"timestamp":"2025-09-01T17:43:01.578Z","level":"INFO","message":"Sound file upload progress: 58%","data":{"soundId":"68b5db250d70606e23385da5"}}
{"timestamp":"2025-09-01T17:43:01.578Z","level":"INFO","message":"Sound file upload progress: 58%","data":{"soundId":"68b5db250d70606e23385da5"}}
{"timestamp":"2025-09-01T17:43:01.578Z","level":"INFO","message":"Sound file upload progress: 58%","data":{"soundId":"68b5db250d70606e23385da5"}}
{"timestamp":"2025-09-01T17:43:01.578Z","level":"INFO","message":"Sound file upload progress: 58%","data":{"soundId":"68b5db250d70606e23385da5"}}
{"timestamp":"2025-09-01T17:43:01.578Z","level":"INFO","message":"Sound file upload progress: 58%","data":{"soundId":"68b5db250d70606e23385da5"}}
{"timestamp":"2025-09-01T17:43:01.578Z","level":"INFO","message":"Sound file upload progress: 59%","data":{"soundId":"68b5db250d70606e23385da5"}}
{"timestamp":"2025-09-01T17:43:01.579Z","level":"INFO","message":"Sound file upload progress: 59%","data":{"soundId":"68b5db250d70606e23385da5"}}
{"timestamp":"2025-09-01T17:43:01.579Z","level":"INFO","message":"Sound file upload progress: 59%","data":{"soundId":"68b5db250d70606e23385da5"}}
{"timestamp":"2025-09-01T17:43:01.579Z","level":"INFO","message":"Sound file upload progress: 59%","data":{"soundId":"68b5db250d70606e23385da5"}}
{"timestamp":"2025-09-01T17:43:01.579Z","level":"INFO","message":"Sound file upload progress: 59%","data":{"soundId":"68b5db250d70606e23385da5"}}
{"timestamp":"2025-09-01T17:43:01.579Z","level":"INFO","message":"Sound file upload progress: 59%","data":{"soundId":"68b5db250d70606e23385da5"}}
{"timestamp":"2025-09-01T17:43:01.579Z","level":"INFO","message":"Sound file upload progress: 59%","data":{"soundId":"68b5db250d70606e23385da5"}}
{"timestamp":"2025-09-01T17:43:01.579Z","level":"INFO","message":"Sound file upload progress: 59%","data":{"soundId":"68b5db250d70606e23385da5"}}
{"timestamp":"2025-09-01T17:43:01.579Z","level":"INFO","message":"Sound file upload progress: 59%","data":{"soundId":"68b5db250d70606e23385da5"}}
{"timestamp":"2025-09-01T17:43:01.579Z","level":"INFO","message":"Sound file upload progress: 60%","data":{"soundId":"68b5db250d70606e23385da5"}}
{"timestamp":"2025-09-01T17:43:01.579Z","level":"INFO","message":"Sound file upload progress: 60%","data":{"soundId":"68b5db250d70606e23385da5"}}
{"timestamp":"2025-09-01T17:43:01.579Z","level":"INFO","message":"Sound file upload progress: 60%","data":{"soundId":"68b5db250d70606e23385da5"}}
{"timestamp":"2025-09-01T17:43:01.579Z","level":"INFO","message":"Sound file upload progress: 60%","data":{"soundId":"68b5db250d70606e23385da5"}}
{"timestamp":"2025-09-01T17:43:01.579Z","level":"INFO","message":"Sound file upload progress: 60%","data":{"soundId":"68b5db250d70606e23385da5"}}
{"timestamp":"2025-09-01T17:43:01.579Z","level":"INFO","message":"Sound file upload progress: 60%","data":{"soundId":"68b5db250d70606e23385da5"}}
{"timestamp":"2025-09-01T17:43:01.580Z","level":"INFO","message":"Sound file upload progress: 60%","data":{"soundId":"68b5db250d70606e23385da5"}}
{"timestamp":"2025-09-01T17:43:01.580Z","level":"INFO","message":"Sound file upload progress: 60%","data":{"soundId":"68b5db250d70606e23385da5"}}
{"timestamp":"2025-09-01T17:43:01.580Z","level":"INFO","message":"Sound file upload progress: 61%","data":{"soundId":"68b5db250d70606e23385da5"}}
{"timestamp":"2025-09-01T17:43:01.580Z","level":"INFO","message":"Sound file upload progress: 61%","data":{"soundId":"68b5db250d70606e23385da5"}}
{"timestamp":"2025-09-01T17:43:01.580Z","level":"INFO","message":"Sound file upload progress: 61%","data":{"soundId":"68b5db250d70606e23385da5"}}
{"timestamp":"2025-09-01T17:43:01.580Z","level":"INFO","message":"Sound file upload progress: 61%","data":{"soundId":"68b5db250d70606e23385da5"}}
{"timestamp":"2025-09-01T17:43:01.580Z","level":"INFO","message":"Sound file upload progress: 61%","data":{"soundId":"68b5db250d70606e23385da5"}}
{"timestamp":"2025-09-01T17:43:01.580Z","level":"INFO","message":"Sound file upload progress: 61%","data":{"soundId":"68b5db250d70606e23385da5"}}
{"timestamp":"2025-09-01T17:43:01.580Z","level":"INFO","message":"Sound file upload progress: 61%","data":{"soundId":"68b5db250d70606e23385da5"}}
{"timestamp":"2025-09-01T17:43:01.580Z","level":"INFO","message":"Sound file upload progress: 61%","data":{"soundId":"68b5db250d70606e23385da5"}}
{"timestamp":"2025-09-01T17:43:01.580Z","level":"INFO","message":"Sound file upload progress: 61%","data":{"soundId":"68b5db250d70606e23385da5"}}
{"timestamp":"2025-09-01T17:43:01.580Z","level":"INFO","message":"Sound file upload progress: 62%","data":{"soundId":"68b5db250d70606e23385da5"}}
{"timestamp":"2025-09-01T17:43:01.580Z","level":"INFO","message":"Sound file upload progress: 62%","data":{"soundId":"68b5db250d70606e23385da5"}}
{"timestamp":"2025-09-01T17:43:01.581Z","level":"INFO","message":"Sound file upload progress: 62%","data":{"soundId":"68b5db250d70606e23385da5"}}
{"timestamp":"2025-09-01T17:43:01.581Z","level":"INFO","message":"Sound file upload progress: 62%","data":{"soundId":"68b5db250d70606e23385da5"}}
{"timestamp":"2025-09-01T17:43:01.581Z","level":"INFO","message":"Sound file upload progress: 62%","data":{"soundId":"68b5db250d70606e23385da5"}}
{"timestamp":"2025-09-01T17:43:01.581Z","level":"INFO","message":"Sound file upload progress: 62%","data":{"soundId":"68b5db250d70606e23385da5"}}
{"timestamp":"2025-09-01T17:43:01.581Z","level":"INFO","message":"Sound file upload progress: 62%","data":{"soundId":"68b5db250d70606e23385da5"}}
{"timestamp":"2025-09-01T17:43:01.582Z","level":"INFO","message":"Sound file upload progress: 62%","data":{"soundId":"68b5db250d70606e23385da5"}}
{"timestamp":"2025-09-01T17:43:01.582Z","level":"INFO","message":"Sound file upload progress: 62%","data":{"soundId":"68b5db250d70606e23385da5"}}
{"timestamp":"2025-09-01T17:43:01.582Z","level":"INFO","message":"Sound file upload progress: 63%","data":{"soundId":"68b5db250d70606e23385da5"}}
{"timestamp":"2025-09-01T17:43:01.582Z","level":"INFO","message":"Sound file upload progress: 63%","data":{"soundId":"68b5db250d70606e23385da5"}}
{"timestamp":"2025-09-01T17:43:01.582Z","level":"INFO","message":"Sound file upload progress: 63%","data":{"soundId":"68b5db250d70606e23385da5"}}
{"timestamp":"2025-09-01T17:43:01.582Z","level":"INFO","message":"Sound file upload progress: 63%","data":{"soundId":"68b5db250d70606e23385da5"}}
{"timestamp":"2025-09-01T17:43:01.582Z","level":"INFO","message":"Sound file upload progress: 63%","data":{"soundId":"68b5db250d70606e23385da5"}}
{"timestamp":"2025-09-01T17:43:01.582Z","level":"INFO","message":"Sound file upload progress: 63%","data":{"soundId":"68b5db250d70606e23385da5"}}
{"timestamp":"2025-09-01T17:43:01.582Z","level":"INFO","message":"Sound file upload progress: 63%","data":{"soundId":"68b5db250d70606e23385da5"}}
{"timestamp":"2025-09-01T17:43:01.582Z","level":"INFO","message":"Sound file upload progress: 63%","data":{"soundId":"68b5db250d70606e23385da5"}}
{"timestamp":"2025-09-01T17:43:01.582Z","level":"INFO","message":"Sound file upload progress: 63%","data":{"soundId":"68b5db250d70606e23385da5"}}
{"timestamp":"2025-09-01T17:43:01.582Z","level":"INFO","message":"Sound file upload progress: 64%","data":{"soundId":"68b5db250d70606e23385da5"}}
{"timestamp":"2025-09-01T17:43:01.582Z","level":"INFO","message":"Sound file upload progress: 64%","data":{"soundId":"68b5db250d70606e23385da5"}}
{"timestamp":"2025-09-01T17:43:01.583Z","level":"INFO","message":"Sound file upload progress: 64%","data":{"soundId":"68b5db250d70606e23385da5"}}
{"timestamp":"2025-09-01T17:43:01.583Z","level":"INFO","message":"Sound file upload progress: 64%","data":{"soundId":"68b5db250d70606e23385da5"}}
{"timestamp":"2025-09-01T17:43:01.583Z","level":"INFO","message":"Sound file upload progress: 64%","data":{"soundId":"68b5db250d70606e23385da5"}}
{"timestamp":"2025-09-01T17:43:01.583Z","level":"INFO","message":"Sound file upload progress: 64%","data":{"soundId":"68b5db250d70606e23385da5"}}
{"timestamp":"2025-09-01T17:43:01.583Z","level":"INFO","message":"Sound file upload progress: 64%","data":{"soundId":"68b5db250d70606e23385da5"}}
{"timestamp":"2025-09-01T17:43:01.583Z","level":"INFO","message":"Sound file upload progress: 64%","data":{"soundId":"68b5db250d70606e23385da5"}}
{"timestamp":"2025-09-01T17:43:01.583Z","level":"INFO","message":"Sound file upload progress: 64%","data":{"soundId":"68b5db250d70606e23385da5"}}
{"timestamp":"2025-09-01T17:43:01.583Z","level":"INFO","message":"Sound file upload progress: 65%","data":{"soundId":"68b5db250d70606e23385da5"}}
{"timestamp":"2025-09-01T17:43:01.583Z","level":"INFO","message":"Sound file upload progress: 65%","data":{"soundId":"68b5db250d70606e23385da5"}}
{"timestamp":"2025-09-01T17:43:01.583Z","level":"INFO","message":"Sound file upload progress: 65%","data":{"soundId":"68b5db250d70606e23385da5"}}
{"timestamp":"2025-09-01T17:43:01.584Z","level":"INFO","message":"Sound file upload progress: 65%","data":{"soundId":"68b5db250d70606e23385da5"}}
{"timestamp":"2025-09-01T17:43:01.584Z","level":"INFO","message":"Sound file upload progress: 65%","data":{"soundId":"68b5db250d70606e23385da5"}}
{"timestamp":"2025-09-01T17:43:01.584Z","level":"INFO","message":"Sound file upload progress: 65%","data":{"soundId":"68b5db250d70606e23385da5"}}
{"timestamp":"2025-09-01T17:43:01.584Z","level":"INFO","message":"Sound file upload progress: 65%","data":{"soundId":"68b5db250d70606e23385da5"}}
{"timestamp":"2025-09-01T17:43:01.584Z","level":"INFO","message":"Sound file upload progress: 65%","data":{"soundId":"68b5db250d70606e23385da5"}}
{"timestamp":"2025-09-01T17:43:01.584Z","level":"INFO","message":"Sound file upload progress: 66%","data":{"soundId":"68b5db250d70606e23385da5"}}
{"timestamp":"2025-09-01T17:43:01.584Z","level":"INFO","message":"Sound file upload progress: 66%","data":{"soundId":"68b5db250d70606e23385da5"}}
{"timestamp":"2025-09-01T17:43:01.584Z","level":"INFO","message":"Sound file upload progress: 66%","data":{"soundId":"68b5db250d70606e23385da5"}}
{"timestamp":"2025-09-01T17:43:01.584Z","level":"INFO","message":"Sound file upload progress: 66%","data":{"soundId":"68b5db250d70606e23385da5"}}
{"timestamp":"2025-09-01T17:43:01.584Z","level":"INFO","message":"Sound file upload progress: 66%","data":{"soundId":"68b5db250d70606e23385da5"}}
{"timestamp":"2025-09-01T17:43:01.584Z","level":"INFO","message":"Sound file upload progress: 66%","data":{"soundId":"68b5db250d70606e23385da5"}}
{"timestamp":"2025-09-01T17:43:01.584Z","level":"INFO","message":"Sound file upload progress: 66%","data":{"soundId":"68b5db250d70606e23385da5"}}
{"timestamp":"2025-09-01T17:43:01.585Z","level":"INFO","message":"Sound file upload progress: 66%","data":{"soundId":"68b5db250d70606e23385da5"}}
{"timestamp":"2025-09-01T17:43:01.585Z","level":"INFO","message":"Sound file upload progress: 66%","data":{"soundId":"68b5db250d70606e23385da5"}}
{"timestamp":"2025-09-01T17:43:01.585Z","level":"INFO","message":"Sound file upload progress: 67%","data":{"soundId":"68b5db250d70606e23385da5"}}
{"timestamp":"2025-09-01T17:43:01.585Z","level":"INFO","message":"Sound file upload progress: 67%","data":{"soundId":"68b5db250d70606e23385da5"}}
{"timestamp":"2025-09-01T17:43:01.585Z","level":"INFO","message":"Sound file upload progress: 67%","data":{"soundId":"68b5db250d70606e23385da5"}}
{"timestamp":"2025-09-01T17:43:01.585Z","level":"INFO","message":"Sound file upload progress: 67%","data":{"soundId":"68b5db250d70606e23385da5"}}
{"timestamp":"2025-09-01T17:43:01.585Z","level":"INFO","message":"Sound file upload progress: 67%","data":{"soundId":"68b5db250d70606e23385da5"}}
{"timestamp":"2025-09-01T17:43:01.585Z","level":"INFO","message":"Sound file upload progress: 67%","data":{"soundId":"68b5db250d70606e23385da5"}}
{"timestamp":"2025-09-01T17:43:01.585Z","level":"INFO","message":"Sound file upload progress: 67%","data":{"soundId":"68b5db250d70606e23385da5"}}
{"timestamp":"2025-09-01T17:43:01.585Z","level":"INFO","message":"Sound file upload progress: 67%","data":{"soundId":"68b5db250d70606e23385da5"}}
{"timestamp":"2025-09-01T17:43:01.585Z","level":"INFO","message":"Sound file upload progress: 67%","data":{"soundId":"68b5db250d70606e23385da5"}}
{"timestamp":"2025-09-01T17:43:01.585Z","level":"INFO","message":"Sound file upload progress: 68%","data":{"soundId":"68b5db250d70606e23385da5"}}
{"timestamp":"2025-09-01T17:43:01.585Z","level":"INFO","message":"Sound file upload progress: 68%","data":{"soundId":"68b5db250d70606e23385da5"}}
{"timestamp":"2025-09-01T17:43:01.586Z","level":"INFO","message":"Sound file upload progress: 68%","data":{"soundId":"68b5db250d70606e23385da5"}}
{"timestamp":"2025-09-01T17:43:01.586Z","level":"INFO","message":"Sound file upload progress: 68%","data":{"soundId":"68b5db250d70606e23385da5"}}
{"timestamp":"2025-09-01T17:43:01.586Z","level":"INFO","message":"Sound file upload progress: 68%","data":{"soundId":"68b5db250d70606e23385da5"}}
{"timestamp":"2025-09-01T17:43:01.586Z","level":"INFO","message":"Sound file upload progress: 68%","data":{"soundId":"68b5db250d70606e23385da5"}}
{"timestamp":"2025-09-01T17:43:01.586Z","level":"INFO","message":"Sound file upload progress: 68%","data":{"soundId":"68b5db250d70606e23385da5"}}
{"timestamp":"2025-09-01T17:43:01.586Z","level":"INFO","message":"Sound file upload progress: 68%","data":{"soundId":"68b5db250d70606e23385da5"}}
{"timestamp":"2025-09-01T17:43:01.586Z","level":"INFO","message":"Sound file upload progress: 68%","data":{"soundId":"68b5db250d70606e23385da5"}}
{"timestamp":"2025-09-01T17:43:01.586Z","level":"INFO","message":"Sound file upload progress: 69%","data":{"soundId":"68b5db250d70606e23385da5"}}
{"timestamp":"2025-09-01T17:43:01.586Z","level":"INFO","message":"Sound file upload progress: 69%","data":{"soundId":"68b5db250d70606e23385da5"}}
{"timestamp":"2025-09-01T17:43:01.587Z","level":"INFO","message":"Sound file upload progress: 69%","data":{"soundId":"68b5db250d70606e23385da5"}}
{"timestamp":"2025-09-01T17:43:01.587Z","level":"INFO","message":"Sound file upload progress: 69%","data":{"soundId":"68b5db250d70606e23385da5"}}
{"timestamp":"2025-09-01T17:43:01.587Z","level":"INFO","message":"Sound file upload progress: 69%","data":{"soundId":"68b5db250d70606e23385da5"}}
{"timestamp":"2025-09-01T17:43:01.587Z","level":"INFO","message":"Sound file upload progress: 69%","data":{"soundId":"68b5db250d70606e23385da5"}}
{"timestamp":"2025-09-01T17:43:01.587Z","level":"INFO","message":"Sound file upload progress: 69%","data":{"soundId":"68b5db250d70606e23385da5"}}
{"timestamp":"2025-09-01T17:43:01.587Z","level":"INFO","message":"Sound file upload progress: 69%","data":{"soundId":"68b5db250d70606e23385da5"}}
{"timestamp":"2025-09-01T17:43:01.587Z","level":"INFO","message":"Sound file upload progress: 69%","data":{"soundId":"68b5db250d70606e23385da5"}}
{"timestamp":"2025-09-01T17:43:01.587Z","level":"INFO","message":"Sound file upload progress: 70%","data":{"soundId":"68b5db250d70606e23385da5"}}
{"timestamp":"2025-09-01T17:43:01.587Z","level":"INFO","message":"Sound file upload progress: 70%","data":{"soundId":"68b5db250d70606e23385da5"}}
{"timestamp":"2025-09-01T17:43:01.587Z","level":"INFO","message":"Sound file upload progress: 70%","data":{"soundId":"68b5db250d70606e23385da5"}}
{"timestamp":"2025-09-01T17:43:01.587Z","level":"INFO","message":"Sound file upload progress: 70%","data":{"soundId":"68b5db250d70606e23385da5"}}
{"timestamp":"2025-09-01T17:43:01.587Z","level":"INFO","message":"Sound file upload progress: 70%","data":{"soundId":"68b5db250d70606e23385da5"}}
{"timestamp":"2025-09-01T17:43:01.587Z","level":"INFO","message":"Sound file upload progress: 70%","data":{"soundId":"68b5db250d70606e23385da5"}}
{"timestamp":"2025-09-01T17:43:01.587Z","level":"INFO","message":"Sound file upload progress: 70%","data":{"soundId":"68b5db250d70606e23385da5"}}
{"timestamp":"2025-09-01T17:43:01.587Z","level":"INFO","message":"Sound file upload progress: 70%","data":{"soundId":"68b5db250d70606e23385da5"}}
{"timestamp":"2025-09-01T17:43:01.588Z","level":"INFO","message":"Sound file upload progress: 71%","data":{"soundId":"68b5db250d70606e23385da5"}}
{"timestamp":"2025-09-01T17:43:01.588Z","level":"INFO","message":"Sound file upload progress: 71%","data":{"soundId":"68b5db250d70606e23385da5"}}
{"timestamp":"2025-09-01T17:43:01.588Z","level":"INFO","message":"Sound file upload progress: 71%","data":{"soundId":"68b5db250d70606e23385da5"}}
{"timestamp":"2025-09-01T17:43:01.588Z","level":"INFO","message":"Sound file upload progress: 71%","data":{"soundId":"68b5db250d70606e23385da5"}}
{"timestamp":"2025-09-01T17:43:01.588Z","level":"INFO","message":"Sound file upload progress: 71%","data":{"soundId":"68b5db250d70606e23385da5"}}
{"timestamp":"2025-09-01T17:43:01.588Z","level":"INFO","message":"Sound file upload progress: 71%","data":{"soundId":"68b5db250d70606e23385da5"}}
{"timestamp":"2025-09-01T17:43:01.588Z","level":"INFO","message":"Sound file upload progress: 71%","data":{"soundId":"68b5db250d70606e23385da5"}}
{"timestamp":"2025-09-01T17:43:01.588Z","level":"INFO","message":"Sound file upload progress: 71%","data":{"soundId":"68b5db250d70606e23385da5"}}
{"timestamp":"2025-09-01T17:43:01.588Z","level":"INFO","message":"Sound file upload progress: 71%","data":{"soundId":"68b5db250d70606e23385da5"}}
{"timestamp":"2025-09-01T17:43:01.588Z","level":"INFO","message":"Sound file upload progress: 72%","data":{"soundId":"68b5db250d70606e23385da5"}}
{"timestamp":"2025-09-01T17:43:01.588Z","level":"INFO","message":"Sound file upload progress: 72%","data":{"soundId":"68b5db250d70606e23385da5"}}
{"timestamp":"2025-09-01T17:43:01.588Z","level":"INFO","message":"Sound file upload progress: 72%","data":{"soundId":"68b5db250d70606e23385da5"}}
{"timestamp":"2025-09-01T17:43:01.589Z","level":"INFO","message":"Sound file upload progress: 72%","data":{"soundId":"68b5db250d70606e23385da5"}}
{"timestamp":"2025-09-01T17:43:01.589Z","level":"INFO","message":"Sound file upload progress: 72%","data":{"soundId":"68b5db250d70606e23385da5"}}
{"timestamp":"2025-09-01T17:43:01.589Z","level":"INFO","message":"Sound file upload progress: 72%","data":{"soundId":"68b5db250d70606e23385da5"}}
{"timestamp":"2025-09-01T17:43:01.589Z","level":"INFO","message":"Sound file upload progress: 72%","data":{"soundId":"68b5db250d70606e23385da5"}}
{"timestamp":"2025-09-01T17:43:01.589Z","level":"INFO","message":"Sound file upload progress: 72%","data":{"soundId":"68b5db250d70606e23385da5"}}
{"timestamp":"2025-09-01T17:43:01.589Z","level":"INFO","message":"Sound file upload progress: 72%","data":{"soundId":"68b5db250d70606e23385da5"}}
{"timestamp":"2025-09-01T17:43:01.589Z","level":"INFO","message":"Sound file upload progress: 73%","data":{"soundId":"68b5db250d70606e23385da5"}}
{"timestamp":"2025-09-01T17:43:01.590Z","level":"INFO","message":"Sound file upload progress: 73%","data":{"soundId":"68b5db250d70606e23385da5"}}
{"timestamp":"2025-09-01T17:43:01.590Z","level":"INFO","message":"Sound file upload progress: 73%","data":{"soundId":"68b5db250d70606e23385da5"}}
{"timestamp":"2025-09-01T17:43:01.590Z","level":"INFO","message":"Sound file upload progress: 73%","data":{"soundId":"68b5db250d70606e23385da5"}}
{"timestamp":"2025-09-01T17:43:01.590Z","level":"INFO","message":"Sound file upload progress: 73%","data":{"soundId":"68b5db250d70606e23385da5"}}
{"timestamp":"2025-09-01T17:43:01.591Z","level":"INFO","message":"Sound file upload progress: 73%","data":{"soundId":"68b5db250d70606e23385da5"}}
{"timestamp":"2025-09-01T17:43:01.591Z","level":"INFO","message":"Sound file upload progress: 73%","data":{"soundId":"68b5db250d70606e23385da5"}}
{"timestamp":"2025-09-01T17:43:01.591Z","level":"INFO","message":"Sound file upload progress: 73%","data":{"soundId":"68b5db250d70606e23385da5"}}
{"timestamp":"2025-09-01T17:43:01.592Z","level":"INFO","message":"Sound file upload progress: 73%","data":{"soundId":"68b5db250d70606e23385da5"}}
{"timestamp":"2025-09-01T17:43:01.592Z","level":"INFO","message":"Sound file upload progress: 74%","data":{"soundId":"68b5db250d70606e23385da5"}}
{"timestamp":"2025-09-01T17:43:01.592Z","level":"INFO","message":"Sound file upload progress: 74%","data":{"soundId":"68b5db250d70606e23385da5"}}
{"timestamp":"2025-09-01T17:43:01.592Z","level":"INFO","message":"Sound file upload progress: 74%","data":{"soundId":"68b5db250d70606e23385da5"}}
{"timestamp":"2025-09-01T17:43:01.592Z","level":"INFO","message":"Sound file upload progress: 74%","data":{"soundId":"68b5db250d70606e23385da5"}}
{"timestamp":"2025-09-01T17:43:01.592Z","level":"INFO","message":"Sound file upload progress: 74%","data":{"soundId":"68b5db250d70606e23385da5"}}
{"timestamp":"2025-09-01T17:43:01.593Z","level":"INFO","message":"Sound file upload progress: 74%","data":{"soundId":"68b5db250d70606e23385da5"}}
{"timestamp":"2025-09-01T17:43:01.593Z","level":"INFO","message":"Sound file upload progress: 74%","data":{"soundId":"68b5db250d70606e23385da5"}}
{"timestamp":"2025-09-01T17:43:01.593Z","level":"INFO","message":"Sound file upload progress: 74%","data":{"soundId":"68b5db250d70606e23385da5"}}
{"timestamp":"2025-09-01T17:43:01.593Z","level":"INFO","message":"Sound file upload progress: 74%","data":{"soundId":"68b5db250d70606e23385da5"}}
{"timestamp":"2025-09-01T17:43:01.593Z","level":"INFO","message":"Sound file upload progress: 75%","data":{"soundId":"68b5db250d70606e23385da5"}}
{"timestamp":"2025-09-01T17:43:01.593Z","level":"INFO","message":"Sound file upload progress: 75%","data":{"soundId":"68b5db250d70606e23385da5"}}
{"timestamp":"2025-09-01T17:43:01.593Z","level":"INFO","message":"Sound file upload progress: 75%","data":{"soundId":"68b5db250d70606e23385da5"}}
{"timestamp":"2025-09-01T17:43:01.594Z","level":"INFO","message":"Sound file upload progress: 75%","data":{"soundId":"68b5db250d70606e23385da5"}}
{"timestamp":"2025-09-01T17:43:01.594Z","level":"INFO","message":"Sound file upload progress: 75%","data":{"soundId":"68b5db250d70606e23385da5"}}
{"timestamp":"2025-09-01T17:43:01.594Z","level":"INFO","message":"Sound file upload progress: 75%","data":{"soundId":"68b5db250d70606e23385da5"}}
{"timestamp":"2025-09-01T17:43:01.594Z","level":"INFO","message":"Sound file upload progress: 75%","data":{"soundId":"68b5db250d70606e23385da5"}}
{"timestamp":"2025-09-01T17:43:01.594Z","level":"INFO","message":"Sound file upload progress: 75%","data":{"soundId":"68b5db250d70606e23385da5"}}
{"timestamp":"2025-09-01T17:43:01.594Z","level":"INFO","message":"Sound file upload progress: 76%","data":{"soundId":"68b5db250d70606e23385da5"}}
{"timestamp":"2025-09-01T17:43:01.594Z","level":"INFO","message":"Sound file upload progress: 76%","data":{"soundId":"68b5db250d70606e23385da5"}}
{"timestamp":"2025-09-01T17:43:01.594Z","level":"INFO","message":"Sound file upload progress: 76%","data":{"soundId":"68b5db250d70606e23385da5"}}
{"timestamp":"2025-09-01T17:43:01.595Z","level":"INFO","message":"Sound file upload progress: 76%","data":{"soundId":"68b5db250d70606e23385da5"}}
{"timestamp":"2025-09-01T17:43:01.595Z","level":"INFO","message":"Sound file upload progress: 76%","data":{"soundId":"68b5db250d70606e23385da5"}}
{"timestamp":"2025-09-01T17:43:01.595Z","level":"INFO","message":"Sound file upload progress: 76%","data":{"soundId":"68b5db250d70606e23385da5"}}
{"timestamp":"2025-09-01T17:43:01.596Z","level":"INFO","message":"Sound file upload progress: 76%","data":{"soundId":"68b5db250d70606e23385da5"}}
{"timestamp":"2025-09-01T17:43:01.597Z","level":"INFO","message":"Sound file upload progress: 76%","data":{"soundId":"68b5db250d70606e23385da5"}}
{"timestamp":"2025-09-01T17:43:01.597Z","level":"INFO","message":"Sound file upload progress: 76%","data":{"soundId":"68b5db250d70606e23385da5"}}
{"timestamp":"2025-09-01T17:43:01.598Z","level":"INFO","message":"Sound file upload progress: 77%","data":{"soundId":"68b5db250d70606e23385da5"}}
{"timestamp":"2025-09-01T17:43:01.598Z","level":"INFO","message":"Sound file upload progress: 77%","data":{"soundId":"68b5db250d70606e23385da5"}}
{"timestamp":"2025-09-01T17:43:01.598Z","level":"INFO","message":"Sound file upload progress: 77%","data":{"soundId":"68b5db250d70606e23385da5"}}
{"timestamp":"2025-09-01T17:43:01.598Z","level":"INFO","message":"Sound file upload progress: 77%","data":{"soundId":"68b5db250d70606e23385da5"}}
{"timestamp":"2025-09-01T17:43:01.598Z","level":"INFO","message":"Sound file upload progress: 77%","data":{"soundId":"68b5db250d70606e23385da5"}}
{"timestamp":"2025-09-01T17:43:01.598Z","level":"INFO","message":"Sound file upload progress: 77%","data":{"soundId":"68b5db250d70606e23385da5"}}
{"timestamp":"2025-09-01T17:43:01.598Z","level":"INFO","message":"Sound file upload progress: 77%","data":{"soundId":"68b5db250d70606e23385da5"}}
{"timestamp":"2025-09-01T17:43:01.598Z","level":"INFO","message":"Sound file upload progress: 77%","data":{"soundId":"68b5db250d70606e23385da5"}}
{"timestamp":"2025-09-01T17:43:01.598Z","level":"INFO","message":"Sound file upload progress: 77%","data":{"soundId":"68b5db250d70606e23385da5"}}
{"timestamp":"2025-09-01T17:43:01.598Z","level":"INFO","message":"Sound file upload progress: 78%","data":{"soundId":"68b5db250d70606e23385da5"}}
{"timestamp":"2025-09-01T17:43:01.598Z","level":"INFO","message":"Sound file upload progress: 78%","data":{"soundId":"68b5db250d70606e23385da5"}}
{"timestamp":"2025-09-01T17:43:01.598Z","level":"INFO","message":"Sound file upload progress: 78%","data":{"soundId":"68b5db250d70606e23385da5"}}
{"timestamp":"2025-09-01T17:43:01.598Z","level":"INFO","message":"Sound file upload progress: 78%","data":{"soundId":"68b5db250d70606e23385da5"}}
{"timestamp":"2025-09-01T17:43:01.598Z","level":"INFO","message":"Sound file upload progress: 78%","data":{"soundId":"68b5db250d70606e23385da5"}}
{"timestamp":"2025-09-01T17:43:01.598Z","level":"INFO","message":"Sound file upload progress: 78%","data":{"soundId":"68b5db250d70606e23385da5"}}
{"timestamp":"2025-09-01T17:43:01.599Z","level":"INFO","message":"Sound file upload progress: 78%","data":{"soundId":"68b5db250d70606e23385da5"}}
{"timestamp":"2025-09-01T17:43:01.599Z","level":"INFO","message":"Sound file upload progress: 78%","data":{"soundId":"68b5db250d70606e23385da5"}}
{"timestamp":"2025-09-01T17:43:01.599Z","level":"INFO","message":"Sound file upload progress: 78%","data":{"soundId":"68b5db250d70606e23385da5"}}
{"timestamp":"2025-09-01T17:43:01.599Z","level":"INFO","message":"Sound file upload progress: 79%","data":{"soundId":"68b5db250d70606e23385da5"}}
{"timestamp":"2025-09-01T17:43:01.599Z","level":"INFO","message":"Sound file upload progress: 79%","data":{"soundId":"68b5db250d70606e23385da5"}}
{"timestamp":"2025-09-01T17:43:01.599Z","level":"INFO","message":"Sound file upload progress: 79%","data":{"soundId":"68b5db250d70606e23385da5"}}
{"timestamp":"2025-09-01T17:43:01.599Z","level":"INFO","message":"Sound file upload progress: 79%","data":{"soundId":"68b5db250d70606e23385da5"}}
{"timestamp":"2025-09-01T17:43:01.599Z","level":"INFO","message":"Sound file upload progress: 79%","data":{"soundId":"68b5db250d70606e23385da5"}}
{"timestamp":"2025-09-01T17:43:01.599Z","level":"INFO","message":"Sound file upload progress: 79%","data":{"soundId":"68b5db250d70606e23385da5"}}
{"timestamp":"2025-09-01T17:43:01.599Z","level":"INFO","message":"Sound file upload progress: 79%","data":{"soundId":"68b5db250d70606e23385da5"}}
{"timestamp":"2025-09-01T17:43:01.600Z","level":"INFO","message":"Sound file upload progress: 79%","data":{"soundId":"68b5db250d70606e23385da5"}}
{"timestamp":"2025-09-01T17:43:01.600Z","level":"INFO","message":"Sound file upload progress: 79%","data":{"soundId":"68b5db250d70606e23385da5"}}
{"timestamp":"2025-09-01T17:43:01.600Z","level":"INFO","message":"Sound file upload progress: 80%","data":{"soundId":"68b5db250d70606e23385da5"}}
{"timestamp":"2025-09-01T17:43:01.600Z","level":"INFO","message":"Sound file upload progress: 80%","data":{"soundId":"68b5db250d70606e23385da5"}}
{"timestamp":"2025-09-01T17:43:01.600Z","level":"INFO","message":"Sound file upload progress: 80%","data":{"soundId":"68b5db250d70606e23385da5"}}
{"timestamp":"2025-09-01T17:43:01.600Z","level":"INFO","message":"Sound file upload progress: 80%","data":{"soundId":"68b5db250d70606e23385da5"}}
{"timestamp":"2025-09-01T17:43:01.600Z","level":"INFO","message":"Sound file upload progress: 80%","data":{"soundId":"68b5db250d70606e23385da5"}}
{"timestamp":"2025-09-01T17:43:01.600Z","level":"INFO","message":"Sound file upload progress: 80%","data":{"soundId":"68b5db250d70606e23385da5"}}
{"timestamp":"2025-09-01T17:43:01.601Z","level":"INFO","message":"Sound file upload progress: 80%","data":{"soundId":"68b5db250d70606e23385da5"}}
{"timestamp":"2025-09-01T17:43:01.601Z","level":"INFO","message":"Sound file upload progress: 80%","data":{"soundId":"68b5db250d70606e23385da5"}}
{"timestamp":"2025-09-01T17:43:01.601Z","level":"INFO","message":"Sound file upload progress: 81%","data":{"soundId":"68b5db250d70606e23385da5"}}
{"timestamp":"2025-09-01T17:43:01.601Z","level":"INFO","message":"Sound file upload progress: 81%","data":{"soundId":"68b5db250d70606e23385da5"}}
{"timestamp":"2025-09-01T17:43:01.601Z","level":"INFO","message":"Sound file upload progress: 81%","data":{"soundId":"68b5db250d70606e23385da5"}}
{"timestamp":"2025-09-01T17:43:01.601Z","level":"INFO","message":"Sound file upload progress: 81%","data":{"soundId":"68b5db250d70606e23385da5"}}
{"timestamp":"2025-09-01T17:43:01.601Z","level":"INFO","message":"Sound file upload progress: 81%","data":{"soundId":"68b5db250d70606e23385da5"}}
{"timestamp":"2025-09-01T17:43:01.601Z","level":"INFO","message":"Sound file upload progress: 81%","data":{"soundId":"68b5db250d70606e23385da5"}}
{"timestamp":"2025-09-01T17:43:01.601Z","level":"INFO","message":"Sound file upload progress: 81%","data":{"soundId":"68b5db250d70606e23385da5"}}
{"timestamp":"2025-09-01T17:43:01.601Z","level":"INFO","message":"Sound file upload progress: 81%","data":{"soundId":"68b5db250d70606e23385da5"}}
{"timestamp":"2025-09-01T17:43:01.602Z","level":"INFO","message":"Sound file upload progress: 81%","data":{"soundId":"68b5db250d70606e23385da5"}}
{"timestamp":"2025-09-01T17:43:01.602Z","level":"INFO","message":"Sound file upload progress: 82%","data":{"soundId":"68b5db250d70606e23385da5"}}
{"timestamp":"2025-09-01T17:43:01.602Z","level":"INFO","message":"Sound file upload progress: 82%","data":{"soundId":"68b5db250d70606e23385da5"}}
{"timestamp":"2025-09-01T17:43:01.602Z","level":"INFO","message":"Sound file upload progress: 82%","data":{"soundId":"68b5db250d70606e23385da5"}}
{"timestamp":"2025-09-01T17:43:01.603Z","level":"INFO","message":"Sound file upload progress: 82%","data":{"soundId":"68b5db250d70606e23385da5"}}
{"timestamp":"2025-09-01T17:43:01.603Z","level":"INFO","message":"Sound file upload progress: 82%","data":{"soundId":"68b5db250d70606e23385da5"}}
{"timestamp":"2025-09-01T17:43:01.603Z","level":"INFO","message":"Sound file upload progress: 82%","data":{"soundId":"68b5db250d70606e23385da5"}}
{"timestamp":"2025-09-01T17:43:01.603Z","level":"INFO","message":"Sound file upload progress: 82%","data":{"soundId":"68b5db250d70606e23385da5"}}
{"timestamp":"2025-09-01T17:43:01.603Z","level":"INFO","message":"Sound file upload progress: 82%","data":{"soundId":"68b5db250d70606e23385da5"}}
{"timestamp":"2025-09-01T17:43:01.603Z","level":"INFO","message":"Sound file upload progress: 82%","data":{"soundId":"68b5db250d70606e23385da5"}}
{"timestamp":"2025-09-01T17:43:01.603Z","level":"INFO","message":"Sound file upload progress: 83%","data":{"soundId":"68b5db250d70606e23385da5"}}
{"timestamp":"2025-09-01T17:43:01.603Z","level":"INFO","message":"Sound file upload progress: 83%","data":{"soundId":"68b5db250d70606e23385da5"}}
{"timestamp":"2025-09-01T17:43:01.603Z","level":"INFO","message":"Sound file upload progress: 83%","data":{"soundId":"68b5db250d70606e23385da5"}}
{"timestamp":"2025-09-01T17:43:01.603Z","level":"INFO","message":"Sound file upload progress: 83%","data":{"soundId":"68b5db250d70606e23385da5"}}
{"timestamp":"2025-09-01T17:43:01.603Z","level":"INFO","message":"Sound file upload progress: 83%","data":{"soundId":"68b5db250d70606e23385da5"}}
{"timestamp":"2025-09-01T17:43:01.603Z","level":"INFO","message":"Sound file upload progress: 83%","data":{"soundId":"68b5db250d70606e23385da5"}}
{"timestamp":"2025-09-01T17:43:01.604Z","level":"INFO","message":"Sound file upload progress: 83%","data":{"soundId":"68b5db250d70606e23385da5"}}
{"timestamp":"2025-09-01T17:43:01.604Z","level":"INFO","message":"Sound file upload progress: 83%","data":{"soundId":"68b5db250d70606e23385da5"}}
{"timestamp":"2025-09-01T17:43:01.604Z","level":"INFO","message":"Sound file upload progress: 83%","data":{"soundId":"68b5db250d70606e23385da5"}}
{"timestamp":"2025-09-01T17:43:01.604Z","level":"INFO","message":"Sound file upload progress: 84%","data":{"soundId":"68b5db250d70606e23385da5"}}
{"timestamp":"2025-09-01T17:43:01.604Z","level":"INFO","message":"Sound file upload progress: 84%","data":{"soundId":"68b5db250d70606e23385da5"}}
{"timestamp":"2025-09-01T17:43:01.604Z","level":"INFO","message":"Sound file upload progress: 84%","data":{"soundId":"68b5db250d70606e23385da5"}}
{"timestamp":"2025-09-01T17:43:01.604Z","level":"INFO","message":"Sound file upload progress: 84%","data":{"soundId":"68b5db250d70606e23385da5"}}
{"timestamp":"2025-09-01T17:43:01.604Z","level":"INFO","message":"Sound file upload progress: 84%","data":{"soundId":"68b5db250d70606e23385da5"}}
{"timestamp":"2025-09-01T17:43:01.604Z","level":"INFO","message":"Sound file upload progress: 84%","data":{"soundId":"68b5db250d70606e23385da5"}}
{"timestamp":"2025-09-01T17:43:01.604Z","level":"INFO","message":"Sound file upload progress: 84%","data":{"soundId":"68b5db250d70606e23385da5"}}
{"timestamp":"2025-09-01T17:43:01.604Z","level":"INFO","message":"Sound file upload progress: 84%","data":{"soundId":"68b5db250d70606e23385da5"}}
{"timestamp":"2025-09-01T17:43:01.604Z","level":"INFO","message":"Sound file upload progress: 84%","data":{"soundId":"68b5db250d70606e23385da5"}}
{"timestamp":"2025-09-01T17:43:01.604Z","level":"INFO","message":"Sound file upload progress: 85%","data":{"soundId":"68b5db250d70606e23385da5"}}
{"timestamp":"2025-09-01T17:43:01.604Z","level":"INFO","message":"Sound file upload progress: 85%","data":{"soundId":"68b5db250d70606e23385da5"}}
{"timestamp":"2025-09-01T17:43:01.605Z","level":"INFO","message":"Sound file upload progress: 85%","data":{"soundId":"68b5db250d70606e23385da5"}}
{"timestamp":"2025-09-01T17:43:01.605Z","level":"INFO","message":"Sound file upload progress: 85%","data":{"soundId":"68b5db250d70606e23385da5"}}
{"timestamp":"2025-09-01T17:43:01.605Z","level":"INFO","message":"Sound file upload progress: 85%","data":{"soundId":"68b5db250d70606e23385da5"}}
{"timestamp":"2025-09-01T17:43:01.605Z","level":"INFO","message":"Sound file upload progress: 85%","data":{"soundId":"68b5db250d70606e23385da5"}}
{"timestamp":"2025-09-01T17:43:01.605Z","level":"INFO","message":"Sound file upload progress: 85%","data":{"soundId":"68b5db250d70606e23385da5"}}
{"timestamp":"2025-09-01T17:43:01.605Z","level":"INFO","message":"Sound file upload progress: 85%","data":{"soundId":"68b5db250d70606e23385da5"}}
{"timestamp":"2025-09-01T17:43:01.605Z","level":"INFO","message":"Sound file upload progress: 86%","data":{"soundId":"68b5db250d70606e23385da5"}}
{"timestamp":"2025-09-01T17:43:01.605Z","level":"INFO","message":"Sound file upload progress: 86%","data":{"soundId":"68b5db250d70606e23385da5"}}
{"timestamp":"2025-09-01T17:43:01.605Z","level":"INFO","message":"Sound file upload progress: 86%","data":{"soundId":"68b5db250d70606e23385da5"}}
{"timestamp":"2025-09-01T17:43:01.605Z","level":"INFO","message":"Sound file upload progress: 86%","data":{"soundId":"68b5db250d70606e23385da5"}}
{"timestamp":"2025-09-01T17:43:01.605Z","level":"INFO","message":"Sound file upload progress: 86%","data":{"soundId":"68b5db250d70606e23385da5"}}
{"timestamp":"2025-09-01T17:43:01.605Z","level":"INFO","message":"Sound file upload progress: 86%","data":{"soundId":"68b5db250d70606e23385da5"}}
{"timestamp":"2025-09-01T17:43:01.605Z","level":"INFO","message":"Sound file upload progress: 86%","data":{"soundId":"68b5db250d70606e23385da5"}}
{"timestamp":"2025-09-01T17:43:01.605Z","level":"INFO","message":"Sound file upload progress: 86%","data":{"soundId":"68b5db250d70606e23385da5"}}
{"timestamp":"2025-09-01T17:43:01.605Z","level":"INFO","message":"Sound file upload progress: 86%","data":{"soundId":"68b5db250d70606e23385da5"}}
{"timestamp":"2025-09-01T17:43:01.606Z","level":"INFO","message":"Sound file upload progress: 87%","data":{"soundId":"68b5db250d70606e23385da5"}}
{"timestamp":"2025-09-01T17:43:01.606Z","level":"INFO","message":"Sound file upload progress: 87%","data":{"soundId":"68b5db250d70606e23385da5"}}
{"timestamp":"2025-09-01T17:43:01.606Z","level":"INFO","message":"Sound file upload progress: 87%","data":{"soundId":"68b5db250d70606e23385da5"}}
{"timestamp":"2025-09-01T17:43:01.606Z","level":"INFO","message":"Sound file upload progress: 87%","data":{"soundId":"68b5db250d70606e23385da5"}}
{"timestamp":"2025-09-01T17:43:01.606Z","level":"INFO","message":"Sound file upload progress: 87%","data":{"soundId":"68b5db250d70606e23385da5"}}
{"timestamp":"2025-09-01T17:43:01.606Z","level":"INFO","message":"Sound file upload progress: 87%","data":{"soundId":"68b5db250d70606e23385da5"}}
{"timestamp":"2025-09-01T17:43:01.606Z","level":"INFO","message":"Sound file upload progress: 87%","data":{"soundId":"68b5db250d70606e23385da5"}}
{"timestamp":"2025-09-01T17:43:01.606Z","level":"INFO","message":"Sound file upload progress: 87%","data":{"soundId":"68b5db250d70606e23385da5"}}
{"timestamp":"2025-09-01T17:43:01.606Z","level":"INFO","message":"Sound file upload progress: 87%","data":{"soundId":"68b5db250d70606e23385da5"}}
{"timestamp":"2025-09-01T17:43:01.606Z","level":"INFO","message":"Sound file upload progress: 88%","data":{"soundId":"68b5db250d70606e23385da5"}}
{"timestamp":"2025-09-01T17:43:01.606Z","level":"INFO","message":"Sound file upload progress: 88%","data":{"soundId":"68b5db250d70606e23385da5"}}
{"timestamp":"2025-09-01T17:43:01.606Z","level":"INFO","message":"Sound file upload progress: 88%","data":{"soundId":"68b5db250d70606e23385da5"}}
{"timestamp":"2025-09-01T17:43:01.606Z","level":"INFO","message":"Sound file upload progress: 88%","data":{"soundId":"68b5db250d70606e23385da5"}}
{"timestamp":"2025-09-01T17:43:01.606Z","level":"INFO","message":"Sound file upload progress: 88%","data":{"soundId":"68b5db250d70606e23385da5"}}
{"timestamp":"2025-09-01T17:43:01.606Z","level":"INFO","message":"Sound file upload progress: 88%","data":{"soundId":"68b5db250d70606e23385da5"}}
{"timestamp":"2025-09-01T17:43:01.607Z","level":"INFO","message":"Sound file upload progress: 88%","data":{"soundId":"68b5db250d70606e23385da5"}}
{"timestamp":"2025-09-01T17:43:01.607Z","level":"INFO","message":"Sound file upload progress: 88%","data":{"soundId":"68b5db250d70606e23385da5"}}
{"timestamp":"2025-09-01T17:43:01.607Z","level":"INFO","message":"Sound file upload progress: 88%","data":{"soundId":"68b5db250d70606e23385da5"}}
{"timestamp":"2025-09-01T17:43:01.607Z","level":"INFO","message":"Sound file upload progress: 89%","data":{"soundId":"68b5db250d70606e23385da5"}}
{"timestamp":"2025-09-01T17:43:01.607Z","level":"INFO","message":"Sound file upload progress: 89%","data":{"soundId":"68b5db250d70606e23385da5"}}
{"timestamp":"2025-09-01T17:43:01.607Z","level":"INFO","message":"Sound file upload progress: 89%","data":{"soundId":"68b5db250d70606e23385da5"}}
{"timestamp":"2025-09-01T17:43:01.607Z","level":"INFO","message":"Sound file upload progress: 89%","data":{"soundId":"68b5db250d70606e23385da5"}}
{"timestamp":"2025-09-01T17:43:01.607Z","level":"INFO","message":"Sound file upload progress: 89%","data":{"soundId":"68b5db250d70606e23385da5"}}
{"timestamp":"2025-09-01T17:43:01.608Z","level":"INFO","message":"Sound file upload progress: 89%","data":{"soundId":"68b5db250d70606e23385da5"}}
{"timestamp":"2025-09-01T17:43:01.608Z","level":"INFO","message":"Sound file upload progress: 89%","data":{"soundId":"68b5db250d70606e23385da5"}}
{"timestamp":"2025-09-01T17:43:01.608Z","level":"INFO","message":"Sound file upload progress: 89%","data":{"soundId":"68b5db250d70606e23385da5"}}
{"timestamp":"2025-09-01T17:43:01.608Z","level":"INFO","message":"Sound file upload progress: 90%","data":{"soundId":"68b5db250d70606e23385da5"}}
{"timestamp":"2025-09-01T17:43:01.608Z","level":"INFO","message":"Sound file upload progress: 90%","data":{"soundId":"68b5db250d70606e23385da5"}}
{"timestamp":"2025-09-01T17:43:01.608Z","level":"INFO","message":"Sound file upload progress: 90%","data":{"soundId":"68b5db250d70606e23385da5"}}
{"timestamp":"2025-09-01T17:43:01.608Z","level":"INFO","message":"Sound file upload progress: 90%","data":{"soundId":"68b5db250d70606e23385da5"}}
{"timestamp":"2025-09-01T17:43:01.608Z","level":"INFO","message":"Sound file upload progress: 90%","data":{"soundId":"68b5db250d70606e23385da5"}}
{"timestamp":"2025-09-01T17:43:01.608Z","level":"INFO","message":"Sound file upload progress: 90%","data":{"soundId":"68b5db250d70606e23385da5"}}
{"timestamp":"2025-09-01T17:43:01.608Z","level":"INFO","message":"Sound file upload progress: 90%","data":{"soundId":"68b5db250d70606e23385da5"}}
{"timestamp":"2025-09-01T17:43:01.608Z","level":"INFO","message":"Sound file upload progress: 90%","data":{"soundId":"68b5db250d70606e23385da5"}}
{"timestamp":"2025-09-01T17:43:01.608Z","level":"INFO","message":"Sound file upload progress: 90%","data":{"soundId":"68b5db250d70606e23385da5"}}
{"timestamp":"2025-09-01T17:43:01.608Z","level":"INFO","message":"Sound file upload progress: 91%","data":{"soundId":"68b5db250d70606e23385da5"}}
{"timestamp":"2025-09-01T17:43:01.609Z","level":"INFO","message":"Sound file upload progress: 91%","data":{"soundId":"68b5db250d70606e23385da5"}}
{"timestamp":"2025-09-01T17:43:01.609Z","level":"INFO","message":"Sound file upload progress: 91%","data":{"soundId":"68b5db250d70606e23385da5"}}
{"timestamp":"2025-09-01T17:43:01.609Z","level":"INFO","message":"Sound file upload progress: 91%","data":{"soundId":"68b5db250d70606e23385da5"}}
{"timestamp":"2025-09-01T17:43:01.609Z","level":"INFO","message":"Sound file upload progress: 91%","data":{"soundId":"68b5db250d70606e23385da5"}}
{"timestamp":"2025-09-01T17:43:01.609Z","level":"INFO","message":"Sound file upload progress: 91%","data":{"soundId":"68b5db250d70606e23385da5"}}
{"timestamp":"2025-09-01T17:43:01.609Z","level":"INFO","message":"Sound file upload progress: 91%","data":{"soundId":"68b5db250d70606e23385da5"}}
{"timestamp":"2025-09-01T17:43:01.609Z","level":"INFO","message":"Sound file upload progress: 91%","data":{"soundId":"68b5db250d70606e23385da5"}}
{"timestamp":"2025-09-01T17:43:01.609Z","level":"INFO","message":"Sound file upload progress: 91%","data":{"soundId":"68b5db250d70606e23385da5"}}
{"timestamp":"2025-09-01T17:43:01.609Z","level":"INFO","message":"Sound file upload progress: 92%","data":{"soundId":"68b5db250d70606e23385da5"}}
{"timestamp":"2025-09-01T17:43:01.609Z","level":"INFO","message":"Sound file upload progress: 92%","data":{"soundId":"68b5db250d70606e23385da5"}}
{"timestamp":"2025-09-01T17:43:01.609Z","level":"INFO","message":"Sound file upload progress: 92%","data":{"soundId":"68b5db250d70606e23385da5"}}
{"timestamp":"2025-09-01T17:43:01.609Z","level":"INFO","message":"Sound file upload progress: 92%","data":{"soundId":"68b5db250d70606e23385da5"}}
{"timestamp":"2025-09-01T17:43:01.609Z","level":"INFO","message":"Sound file upload progress: 92%","data":{"soundId":"68b5db250d70606e23385da5"}}
{"timestamp":"2025-09-01T17:43:01.609Z","level":"INFO","message":"Sound file upload progress: 92%","data":{"soundId":"68b5db250d70606e23385da5"}}
{"timestamp":"2025-09-01T17:43:01.609Z","level":"INFO","message":"Sound file upload progress: 92%","data":{"soundId":"68b5db250d70606e23385da5"}}
{"timestamp":"2025-09-01T17:43:01.610Z","level":"INFO","message":"Sound file upload progress: 92%","data":{"soundId":"68b5db250d70606e23385da5"}}
{"timestamp":"2025-09-01T17:43:01.610Z","level":"INFO","message":"Sound file upload progress: 92%","data":{"soundId":"68b5db250d70606e23385da5"}}
{"timestamp":"2025-09-01T17:43:01.610Z","level":"INFO","message":"Sound file upload progress: 93%","data":{"soundId":"68b5db250d70606e23385da5"}}
{"timestamp":"2025-09-01T17:43:01.610Z","level":"INFO","message":"Sound file upload progress: 93%","data":{"soundId":"68b5db250d70606e23385da5"}}
{"timestamp":"2025-09-01T17:43:01.610Z","level":"INFO","message":"Sound file upload progress: 93%","data":{"soundId":"68b5db250d70606e23385da5"}}
{"timestamp":"2025-09-01T17:43:01.610Z","level":"INFO","message":"Sound file upload progress: 93%","data":{"soundId":"68b5db250d70606e23385da5"}}
{"timestamp":"2025-09-01T17:43:01.610Z","level":"INFO","message":"Sound file upload progress: 93%","data":{"soundId":"68b5db250d70606e23385da5"}}
{"timestamp":"2025-09-01T17:43:01.610Z","level":"INFO","message":"Sound file upload progress: 93%","data":{"soundId":"68b5db250d70606e23385da5"}}
{"timestamp":"2025-09-01T17:43:01.610Z","level":"INFO","message":"Sound file upload progress: 93%","data":{"soundId":"68b5db250d70606e23385da5"}}
{"timestamp":"2025-09-01T17:43:01.610Z","level":"INFO","message":"Sound file upload progress: 93%","data":{"soundId":"68b5db250d70606e23385da5"}}
{"timestamp":"2025-09-01T17:43:01.610Z","level":"INFO","message":"Sound file upload progress: 93%","data":{"soundId":"68b5db250d70606e23385da5"}}
{"timestamp":"2025-09-01T17:43:01.610Z","level":"INFO","message":"Sound file upload progress: 94%","data":{"soundId":"68b5db250d70606e23385da5"}}
{"timestamp":"2025-09-01T17:43:01.610Z","level":"INFO","message":"Sound file upload progress: 94%","data":{"soundId":"68b5db250d70606e23385da5"}}
{"timestamp":"2025-09-01T17:43:01.610Z","level":"INFO","message":"Sound file upload progress: 94%","data":{"soundId":"68b5db250d70606e23385da5"}}
{"timestamp":"2025-09-01T17:43:01.610Z","level":"INFO","message":"Sound file upload progress: 94%","data":{"soundId":"68b5db250d70606e23385da5"}}
{"timestamp":"2025-09-01T17:43:01.611Z","level":"INFO","message":"Sound file upload progress: 94%","data":{"soundId":"68b5db250d70606e23385da5"}}
{"timestamp":"2025-09-01T17:43:01.611Z","level":"INFO","message":"Sound file upload progress: 94%","data":{"soundId":"68b5db250d70606e23385da5"}}
{"timestamp":"2025-09-01T17:43:01.611Z","level":"INFO","message":"Sound file upload progress: 94%","data":{"soundId":"68b5db250d70606e23385da5"}}
{"timestamp":"2025-09-01T17:43:01.611Z","level":"INFO","message":"Sound file upload progress: 94%","data":{"soundId":"68b5db250d70606e23385da5"}}
{"timestamp":"2025-09-01T17:43:01.611Z","level":"INFO","message":"Sound file upload progress: 95%","data":{"soundId":"68b5db250d70606e23385da5"}}
{"timestamp":"2025-09-01T17:43:01.611Z","level":"INFO","message":"Sound file upload progress: 95%","data":{"soundId":"68b5db250d70606e23385da5"}}
{"timestamp":"2025-09-01T17:43:01.611Z","level":"INFO","message":"Sound file upload progress: 95%","data":{"soundId":"68b5db250d70606e23385da5"}}
{"timestamp":"2025-09-01T17:43:01.611Z","level":"INFO","message":"Sound file upload progress: 95%","data":{"soundId":"68b5db250d70606e23385da5"}}
{"timestamp":"2025-09-01T17:43:01.611Z","level":"INFO","message":"Sound file upload progress: 95%","data":{"soundId":"68b5db250d70606e23385da5"}}
{"timestamp":"2025-09-01T17:43:01.611Z","level":"INFO","message":"Sound file upload progress: 95%","data":{"soundId":"68b5db250d70606e23385da5"}}
{"timestamp":"2025-09-01T17:43:01.611Z","level":"INFO","message":"Sound file upload progress: 95%","data":{"soundId":"68b5db250d70606e23385da5"}}
{"timestamp":"2025-09-01T17:43:01.611Z","level":"INFO","message":"Sound file upload progress: 95%","data":{"soundId":"68b5db250d70606e23385da5"}}
{"timestamp":"2025-09-01T17:43:01.611Z","level":"INFO","message":"Sound file upload progress: 95%","data":{"soundId":"68b5db250d70606e23385da5"}}
{"timestamp":"2025-09-01T17:43:01.611Z","level":"INFO","message":"Sound file upload progress: 96%","data":{"soundId":"68b5db250d70606e23385da5"}}
{"timestamp":"2025-09-01T17:43:01.611Z","level":"INFO","message":"Sound file upload progress: 96%","data":{"soundId":"68b5db250d70606e23385da5"}}
{"timestamp":"2025-09-01T17:43:01.612Z","level":"INFO","message":"Sound file upload progress: 96%","data":{"soundId":"68b5db250d70606e23385da5"}}
{"timestamp":"2025-09-01T17:43:01.612Z","level":"INFO","message":"Sound file upload progress: 96%","data":{"soundId":"68b5db250d70606e23385da5"}}
{"timestamp":"2025-09-01T17:43:01.612Z","level":"INFO","message":"Sound file upload progress: 96%","data":{"soundId":"68b5db250d70606e23385da5"}}
{"timestamp":"2025-09-01T17:43:01.612Z","level":"INFO","message":"Sound file upload progress: 96%","data":{"soundId":"68b5db250d70606e23385da5"}}
{"timestamp":"2025-09-01T17:43:01.612Z","level":"INFO","message":"Sound file upload progress: 96%","data":{"soundId":"68b5db250d70606e23385da5"}}
{"timestamp":"2025-09-01T17:43:01.612Z","level":"INFO","message":"Sound file upload progress: 96%","data":{"soundId":"68b5db250d70606e23385da5"}}
{"timestamp":"2025-09-01T17:43:01.612Z","level":"INFO","message":"Sound file upload progress: 96%","data":{"soundId":"68b5db250d70606e23385da5"}}
{"timestamp":"2025-09-01T17:43:01.612Z","level":"INFO","message":"Sound file upload progress: 97%","data":{"soundId":"68b5db250d70606e23385da5"}}
{"timestamp":"2025-09-01T17:43:01.613Z","level":"INFO","message":"Sound file upload progress: 97%","data":{"soundId":"68b5db250d70606e23385da5"}}
{"timestamp":"2025-09-01T17:43:01.613Z","level":"INFO","message":"Sound file upload progress: 97%","data":{"soundId":"68b5db250d70606e23385da5"}}
{"timestamp":"2025-09-01T17:43:01.613Z","level":"INFO","message":"Sound file upload progress: 97%","data":{"soundId":"68b5db250d70606e23385da5"}}
{"timestamp":"2025-09-01T17:43:01.613Z","level":"INFO","message":"Sound file upload progress: 97%","data":{"soundId":"68b5db250d70606e23385da5"}}
{"timestamp":"2025-09-01T17:43:01.613Z","level":"INFO","message":"Sound file upload progress: 97%","data":{"soundId":"68b5db250d70606e23385da5"}}
{"timestamp":"2025-09-01T17:43:01.613Z","level":"INFO","message":"Sound file upload progress: 97%","data":{"soundId":"68b5db250d70606e23385da5"}}
{"timestamp":"2025-09-01T17:43:01.613Z","level":"INFO","message":"Sound file upload progress: 97%","data":{"soundId":"68b5db250d70606e23385da5"}}
{"timestamp":"2025-09-01T17:43:01.613Z","level":"INFO","message":"Sound file upload progress: 97%","data":{"soundId":"68b5db250d70606e23385da5"}}
{"timestamp":"2025-09-01T17:43:01.613Z","level":"INFO","message":"Sound file upload progress: 98%","data":{"soundId":"68b5db250d70606e23385da5"}}
{"timestamp":"2025-09-01T17:43:01.614Z","level":"INFO","message":"Sound file upload progress: 98%","data":{"soundId":"68b5db250d70606e23385da5"}}
{"timestamp":"2025-09-01T17:43:01.618Z","level":"INFO","message":"Sound file upload progress: 98%","data":{"soundId":"68b5db250d70606e23385da5"}}
{"timestamp":"2025-09-01T17:43:01.620Z","level":"INFO","message":"Sound file upload progress: 98%","data":{"soundId":"68b5db250d70606e23385da5"}}
{"timestamp":"2025-09-01T17:43:01.620Z","level":"INFO","message":"Sound file upload progress: 98%","data":{"soundId":"68b5db250d70606e23385da5"}}
{"timestamp":"2025-09-01T17:43:01.621Z","level":"INFO","message":"Sound file upload progress: 98%","data":{"soundId":"68b5db250d70606e23385da5"}}
{"timestamp":"2025-09-01T17:43:01.621Z","level":"INFO","message":"Sound file upload progress: 98%","data":{"soundId":"68b5db250d70606e23385da5"}}
{"timestamp":"2025-09-01T17:43:01.621Z","level":"INFO","message":"Sound file upload progress: 98%","data":{"soundId":"68b5db250d70606e23385da5"}}
{"timestamp":"2025-09-01T17:43:01.622Z","level":"INFO","message":"Sound file upload progress: 98%","data":{"soundId":"68b5db250d70606e23385da5"}}
{"timestamp":"2025-09-01T17:43:01.623Z","level":"INFO","message":"Sound file upload progress: 99%","data":{"soundId":"68b5db250d70606e23385da5"}}
{"timestamp":"2025-09-01T17:43:01.623Z","level":"INFO","message":"Sound file upload progress: 99%","data":{"soundId":"68b5db250d70606e23385da5"}}
{"timestamp":"2025-09-01T17:43:01.623Z","level":"INFO","message":"Sound file upload progress: 99%","data":{"soundId":"68b5db250d70606e23385da5"}}
{"timestamp":"2025-09-01T17:43:01.624Z","level":"INFO","message":"Sound file upload progress: 99%","data":{"soundId":"68b5db250d70606e23385da5"}}
{"timestamp":"2025-09-01T17:43:01.624Z","level":"INFO","message":"Sound file upload progress: 99%","data":{"soundId":"68b5db250d70606e23385da5"}}
{"timestamp":"2025-09-01T17:43:01.625Z","level":"INFO","message":"Sound file upload progress: 99%","data":{"soundId":"68b5db250d70606e23385da5"}}
{"timestamp":"2025-09-01T17:43:01.625Z","level":"INFO","message":"Sound file upload progress: 99%","data":{"soundId":"68b5db250d70606e23385da5"}}
{"timestamp":"2025-09-01T17:43:01.626Z","level":"INFO","message":"Sound file upload progress: 99%","data":{"soundId":"68b5db250d70606e23385da5"}}
{"timestamp":"2025-09-01T17:43:01.626Z","level":"INFO","message":"Sound file upload progress: 100%","data":{"soundId":"68b5db250d70606e23385da5"}}
{"timestamp":"2025-09-01T17:43:01.628Z","level":"INFO","message":"Sound file upload progress: 100%","data":{"soundId":"68b5db250d70606e23385da5"}}
{"timestamp":"2025-09-01T17:43:01.629Z","level":"INFO","message":"Sound file upload progress: 100%","data":{"soundId":"68b5db250d70606e23385da5"}}
{"timestamp":"2025-09-01T17:43:01.630Z","level":"INFO","message":"Sound file upload progress: 100%","data":{"soundId":"68b5db250d70606e23385da5"}}
{"timestamp":"2025-09-01T17:43:01.630Z","level":"INFO","message":"Sound file upload progress: 100%","data":{"soundId":"68b5db250d70606e23385da5"}}
{"timestamp":"2025-09-01T17:43:01.630Z","level":"INFO","message":"Sound file upload progress: 100%","data":{"soundId":"68b5db250d70606e23385da5"}}
{"timestamp":"2025-09-01T17:43:01.631Z","level":"INFO","message":"Sound file upload progress: 100%","data":{"soundId":"68b5db250d70606e23385da5"}}
{"timestamp":"2025-09-01T17:43:01.676Z","level":"INFO","message":"User account status","data":{"activationMode":null,"_id":"6893398fedbebc3fbf926004","firstname":"Aremu","lastname":"Olakunle","email":"colprince31@gmail.com","password":"$2b$10$JWs.jQvK6M98mBafm5aPfubdF7lAN5PXcRhvPVa56f3g34s441aNm","status":"active","role":"admin","emailVerificationOTP":"2078","emailVerificationExpires":"2025-08-06T11:31:31.018Z","isEmailVerified":true,"isPro":true,"profileUpdateCount":0,"createdAt":"2025-08-06T11:16:31.021Z","updatedAt":"2025-08-11T16:14:38.859Z","__v":0,"proExpiresAt":"2026-08-11T16:14:38.596Z"}}
{"timestamp":"2025-09-01T17:43:02.341Z","level":"INFO","message":"User account status","data":{"activationMode":null,"_id":"6893398fedbebc3fbf926004","firstname":"Aremu","lastname":"Olakunle","email":"colprince31@gmail.com","password":"$2b$10$JWs.jQvK6M98mBafm5aPfubdF7lAN5PXcRhvPVa56f3g34s441aNm","status":"active","role":"admin","emailVerificationOTP":"2078","emailVerificationExpires":"2025-08-06T11:31:31.018Z","isEmailVerified":true,"isPro":true,"profileUpdateCount":0,"createdAt":"2025-08-06T11:16:31.021Z","updatedAt":"2025-08-11T16:14:38.859Z","__v":0,"proExpiresAt":"2026-08-11T16:14:38.596Z"}}
{"timestamp":"2025-09-01T17:43:18.390Z","level":"INFO","message":"User account status","data":{"activationMode":null,"_id":"6893398fedbebc3fbf926004","firstname":"Aremu","lastname":"Olakunle","email":"colprince31@gmail.com","password":"$2b$10$JWs.jQvK6M98mBafm5aPfubdF7lAN5PXcRhvPVa56f3g34s441aNm","status":"active","role":"admin","emailVerificationOTP":"2078","emailVerificationExpires":"2025-08-06T11:31:31.018Z","isEmailVerified":true,"isPro":true,"profileUpdateCount":0,"createdAt":"2025-08-06T11:16:31.021Z","updatedAt":"2025-08-11T16:14:38.859Z","__v":0,"proExpiresAt":"2026-08-11T16:14:38.596Z"}}
{"timestamp":"2025-09-01T17:43:19.822Z","level":"INFO","message":"User account status","data":{"activationMode":null,"_id":"6893398fedbebc3fbf926004","firstname":"Aremu","lastname":"Olakunle","email":"colprince31@gmail.com","password":"$2b$10$JWs.jQvK6M98mBafm5aPfubdF7lAN5PXcRhvPVa56f3g34s441aNm","status":"active","role":"admin","emailVerificationOTP":"2078","emailVerificationExpires":"2025-08-06T11:31:31.018Z","isEmailVerified":true,"isPro":true,"profileUpdateCount":0,"createdAt":"2025-08-06T11:16:31.021Z","updatedAt":"2025-08-11T16:14:38.859Z","__v":0,"proExpiresAt":"2026-08-11T16:14:38.596Z"}}
{"timestamp":"2025-09-01T17:43:20.779Z","level":"INFO","message":"User account status","data":{"activationMode":null,"_id":"6893398fedbebc3fbf926004","firstname":"Aremu","lastname":"Olakunle","email":"colprince31@gmail.com","password":"$2b$10$JWs.jQvK6M98mBafm5aPfubdF7lAN5PXcRhvPVa56f3g34s441aNm","status":"active","role":"admin","emailVerificationOTP":"2078","emailVerificationExpires":"2025-08-06T11:31:31.018Z","isEmailVerified":true,"isPro":true,"profileUpdateCount":0,"createdAt":"2025-08-06T11:16:31.021Z","updatedAt":"2025-08-11T16:14:38.859Z","__v":0,"proExpiresAt":"2026-08-11T16:14:38.596Z"}}
{"timestamp":"2025-09-01T17:43:21.014Z","level":"INFO","message":"User account status","data":{"activationMode":null,"_id":"6893398fedbebc3fbf926004","firstname":"Aremu","lastname":"Olakunle","email":"colprince31@gmail.com","password":"$2b$10$JWs.jQvK6M98mBafm5aPfubdF7lAN5PXcRhvPVa56f3g34s441aNm","status":"active","role":"admin","emailVerificationOTP":"2078","emailVerificationExpires":"2025-08-06T11:31:31.018Z","isEmailVerified":true,"isPro":true,"profileUpdateCount":0,"createdAt":"2025-08-06T11:16:31.021Z","updatedAt":"2025-08-11T16:14:38.859Z","__v":0,"proExpiresAt":"2026-08-11T16:14:38.596Z"}}
{"timestamp":"2025-09-01T17:43:21.337Z","level":"ERROR","message":"Request Error","data":{"method":"GET","url":"/admin/all-subscriptions","statusCode":404,"duration":"2150ms","headers":{"authorization":"Bearer ***"},"body":null,"files":null}}
{"timestamp":"2025-09-01T17:43:21.922Z","level":"INFO","message":"User account status","data":{"activationMode":null,"_id":"6893398fedbebc3fbf926004","firstname":"Aremu","lastname":"Olakunle","email":"colprince31@gmail.com","password":"$2b$10$JWs.jQvK6M98mBafm5aPfubdF7lAN5PXcRhvPVa56f3g34s441aNm","status":"active","role":"admin","emailVerificationOTP":"2078","emailVerificationExpires":"2025-08-06T11:31:31.018Z","isEmailVerified":true,"isPro":true,"profileUpdateCount":0,"createdAt":"2025-08-06T11:16:31.021Z","updatedAt":"2025-08-11T16:14:38.859Z","__v":0,"proExpiresAt":"2026-08-11T16:14:38.596Z"}}
{"timestamp":"2025-09-01T17:43:22.377Z","level":"ERROR","message":"Request Error","data":{"method":"GET","url":"/admin/all-subscriptions","statusCode":404,"duration":"1038ms","headers":{"authorization":"Bearer ***"},"body":null,"files":null}}
{"timestamp":"2025-09-01T17:43:22.613Z","level":"INFO","message":"User account status","data":{"activationMode":null,"_id":"6893398fedbebc3fbf926004","firstname":"Aremu","lastname":"Olakunle","email":"colprince31@gmail.com","password":"$2b$10$JWs.jQvK6M98mBafm5aPfubdF7lAN5PXcRhvPVa56f3g34s441aNm","status":"active","role":"admin","emailVerificationOTP":"2078","emailVerificationExpires":"2025-08-06T11:31:31.018Z","isEmailVerified":true,"isPro":true,"profileUpdateCount":0,"createdAt":"2025-08-06T11:16:31.021Z","updatedAt":"2025-08-11T16:14:38.859Z","__v":0,"proExpiresAt":"2026-08-11T16:14:38.596Z"}}
{"timestamp":"2025-09-01T17:43:45.687Z","level":"INFO","message":"User account status","data":{"activationMode":null,"_id":"6893398fedbebc3fbf926004","firstname":"Aremu","lastname":"Olakunle","email":"colprince31@gmail.com","password":"$2b$10$JWs.jQvK6M98mBafm5aPfubdF7lAN5PXcRhvPVa56f3g34s441aNm","status":"active","role":"admin","emailVerificationOTP":"2078","emailVerificationExpires":"2025-08-06T11:31:31.018Z","isEmailVerified":true,"isPro":true,"profileUpdateCount":0,"createdAt":"2025-08-06T11:16:31.021Z","updatedAt":"2025-08-11T16:14:38.859Z","__v":0,"proExpiresAt":"2026-08-11T16:14:38.596Z"}}
{"timestamp":"2025-09-01T17:43:46.198Z","level":"INFO","message":"User account status","data":{"activationMode":null,"_id":"6893398fedbebc3fbf926004","firstname":"Aremu","lastname":"Olakunle","email":"colprince31@gmail.com","password":"$2b$10$JWs.jQvK6M98mBafm5aPfubdF7lAN5PXcRhvPVa56f3g34s441aNm","status":"active","role":"admin","emailVerificationOTP":"2078","emailVerificationExpires":"2025-08-06T11:31:31.018Z","isEmailVerified":true,"isPro":true,"profileUpdateCount":0,"createdAt":"2025-08-06T11:16:31.021Z","updatedAt":"2025-08-11T16:14:38.859Z","__v":0,"proExpiresAt":"2026-08-11T16:14:38.596Z"}}
{"timestamp":"2025-09-01T17:43:46.223Z","level":"INFO","message":"User account status","data":{"activationMode":null,"_id":"6893398fedbebc3fbf926004","firstname":"Aremu","lastname":"Olakunle","email":"colprince31@gmail.com","password":"$2b$10$JWs.jQvK6M98mBafm5aPfubdF7lAN5PXcRhvPVa56f3g34s441aNm","status":"active","role":"admin","emailVerificationOTP":"2078","emailVerificationExpires":"2025-08-06T11:31:31.018Z","isEmailVerified":true,"isPro":true,"profileUpdateCount":0,"createdAt":"2025-08-06T11:16:31.021Z","updatedAt":"2025-08-11T16:14:38.859Z","__v":0,"proExpiresAt":"2026-08-11T16:14:38.596Z"}}
{"timestamp":"2025-09-01T17:43:46.533Z","level":"ERROR","message":"Request Error","data":{"method":"GET","url":"/admin/all-subscriptions","statusCode":404,"duration":"593ms","headers":{"authorization":"Bearer ***"},"body":null,"files":null}}
{"timestamp":"2025-09-01T17:43:46.849Z","level":"INFO","message":"User account status","data":{"activationMode":null,"_id":"6893398fedbebc3fbf926004","firstname":"Aremu","lastname":"Olakunle","email":"colprince31@gmail.com","password":"$2b$10$JWs.jQvK6M98mBafm5aPfubdF7lAN5PXcRhvPVa56f3g34s441aNm","status":"active","role":"admin","emailVerificationOTP":"2078","emailVerificationExpires":"2025-08-06T11:31:31.018Z","isEmailVerified":true,"isPro":true,"profileUpdateCount":0,"createdAt":"2025-08-06T11:16:31.021Z","updatedAt":"2025-08-11T16:14:38.859Z","__v":0,"proExpiresAt":"2026-08-11T16:14:38.596Z"}}
{"timestamp":"2025-09-01T17:43:47.132Z","level":"ERROR","message":"Request Error","data":{"method":"GET","url":"/admin/all-subscriptions","statusCode":404,"duration":"594ms","headers":{"authorization":"Bearer ***"},"body":null,"files":null}}
{"timestamp":"2025-09-01T17:43:49.979Z","level":"INFO","message":"User account status","data":{"activationMode":null,"_id":"6893398fedbebc3fbf926004","firstname":"Aremu","lastname":"Olakunle","email":"colprince31@gmail.com","password":"$2b$10$JWs.jQvK6M98mBafm5aPfubdF7lAN5PXcRhvPVa56f3g34s441aNm","status":"active","role":"admin","emailVerificationOTP":"2078","emailVerificationExpires":"2025-08-06T11:31:31.018Z","isEmailVerified":true,"isPro":true,"profileUpdateCount":0,"createdAt":"2025-08-06T11:16:31.021Z","updatedAt":"2025-08-11T16:14:38.859Z","__v":0,"proExpiresAt":"2026-08-11T16:14:38.596Z"}}
{"timestamp":"2025-09-01T17:43:51.910Z","level":"INFO","message":"User account status","data":{"activationMode":null,"_id":"6893398fedbebc3fbf926004","firstname":"Aremu","lastname":"Olakunle","email":"colprince31@gmail.com","password":"$2b$10$JWs.jQvK6M98mBafm5aPfubdF7lAN5PXcRhvPVa56f3g34s441aNm","status":"active","role":"admin","emailVerificationOTP":"2078","emailVerificationExpires":"2025-08-06T11:31:31.018Z","isEmailVerified":true,"isPro":true,"profileUpdateCount":0,"createdAt":"2025-08-06T11:16:31.021Z","updatedAt":"2025-08-11T16:14:38.859Z","__v":0,"proExpiresAt":"2026-08-11T16:14:38.596Z"}}
{"timestamp":"2025-09-01T17:44:09.347Z","level":"INFO","message":"User account status","data":{"activationMode":null,"_id":"6893398fedbebc3fbf926004","firstname":"Aremu","lastname":"Olakunle","email":"colprince31@gmail.com","password":"$2b$10$JWs.jQvK6M98mBafm5aPfubdF7lAN5PXcRhvPVa56f3g34s441aNm","status":"active","role":"admin","emailVerificationOTP":"2078","emailVerificationExpires":"2025-08-06T11:31:31.018Z","isEmailVerified":true,"isPro":true,"profileUpdateCount":0,"createdAt":"2025-08-06T11:16:31.021Z","updatedAt":"2025-08-11T16:14:38.859Z","__v":0,"proExpiresAt":"2026-08-11T16:14:38.596Z"}}
{"timestamp":"2025-09-01T17:44:10.219Z","level":"INFO","message":"User account status","data":{"activationMode":null,"_id":"6893398fedbebc3fbf926004","firstname":"Aremu","lastname":"Olakunle","email":"colprince31@gmail.com","password":"$2b$10$JWs.jQvK6M98mBafm5aPfubdF7lAN5PXcRhvPVa56f3g34s441aNm","status":"active","role":"admin","emailVerificationOTP":"2078","emailVerificationExpires":"2025-08-06T11:31:31.018Z","isEmailVerified":true,"isPro":true,"profileUpdateCount":0,"createdAt":"2025-08-06T11:16:31.021Z","updatedAt":"2025-08-11T16:14:38.859Z","__v":0,"proExpiresAt":"2026-08-11T16:14:38.596Z"}}
{"timestamp":"2025-09-01T17:44:10.223Z","level":"INFO","message":"User account status","data":{"activationMode":null,"_id":"6893398fedbebc3fbf926004","firstname":"Aremu","lastname":"Olakunle","email":"colprince31@gmail.com","password":"$2b$10$JWs.jQvK6M98mBafm5aPfubdF7lAN5PXcRhvPVa56f3g34s441aNm","status":"active","role":"admin","emailVerificationOTP":"2078","emailVerificationExpires":"2025-08-06T11:31:31.018Z","isEmailVerified":true,"isPro":true,"profileUpdateCount":0,"createdAt":"2025-08-06T11:16:31.021Z","updatedAt":"2025-08-11T16:14:38.859Z","__v":0,"proExpiresAt":"2026-08-11T16:14:38.596Z"}}
{"timestamp":"2025-09-01T17:44:10.468Z","level":"ERROR","message":"Request Error","data":{"method":"GET","url":"/admin/all-subscriptions","statusCode":404,"duration":"616ms","headers":{"authorization":"Bearer ***"},"body":null,"files":null}}
{"timestamp":"2025-09-01T17:44:10.682Z","level":"INFO","message":"User account status","data":{"activationMode":null,"_id":"6893398fedbebc3fbf926004","firstname":"Aremu","lastname":"Olakunle","email":"colprince31@gmail.com","password":"$2b$10$JWs.jQvK6M98mBafm5aPfubdF7lAN5PXcRhvPVa56f3g34s441aNm","status":"active","role":"admin","emailVerificationOTP":"2078","emailVerificationExpires":"2025-08-06T11:31:31.018Z","isEmailVerified":true,"isPro":true,"profileUpdateCount":0,"createdAt":"2025-08-06T11:16:31.021Z","updatedAt":"2025-08-11T16:14:38.859Z","__v":0,"proExpiresAt":"2026-08-11T16:14:38.596Z"}}
{"timestamp":"2025-09-01T17:44:11.182Z","level":"INFO","message":"User account status","data":{"activationMode":null,"_id":"6893398fedbebc3fbf926004","firstname":"Aremu","lastname":"Olakunle","email":"colprince31@gmail.com","password":"$2b$10$JWs.jQvK6M98mBafm5aPfubdF7lAN5PXcRhvPVa56f3g34s441aNm","status":"active","role":"admin","emailVerificationOTP":"2078","emailVerificationExpires":"2025-08-06T11:31:31.018Z","isEmailVerified":true,"isPro":true,"profileUpdateCount":0,"createdAt":"2025-08-06T11:16:31.021Z","updatedAt":"2025-08-11T16:14:38.859Z","__v":0,"proExpiresAt":"2026-08-11T16:14:38.596Z"}}
{"timestamp":"2025-09-01T17:44:11.189Z","level":"INFO","message":"User account status","data":{"activationMode":null,"_id":"6893398fedbebc3fbf926004","firstname":"Aremu","lastname":"Olakunle","email":"colprince31@gmail.com","password":"$2b$10$JWs.jQvK6M98mBafm5aPfubdF7lAN5PXcRhvPVa56f3g34s441aNm","status":"active","role":"admin","emailVerificationOTP":"2078","emailVerificationExpires":"2025-08-06T11:31:31.018Z","isEmailVerified":true,"isPro":true,"profileUpdateCount":0,"createdAt":"2025-08-06T11:16:31.021Z","updatedAt":"2025-08-11T16:14:38.859Z","__v":0,"proExpiresAt":"2026-08-11T16:14:38.596Z"}}
{"timestamp":"2025-09-01T17:44:11.434Z","level":"ERROR","message":"Request Error","data":{"method":"GET","url":"/admin/all-subscriptions","statusCode":404,"duration":"518ms","headers":{"authorization":"Bearer ***"},"body":null,"files":null}}
{"timestamp":"2025-09-01T17:44:11.828Z","level":"INFO","message":"User account status","data":{"activationMode":null,"_id":"6893398fedbebc3fbf926004","firstname":"Aremu","lastname":"Olakunle","email":"colprince31@gmail.com","password":"$2b$10$JWs.jQvK6M98mBafm5aPfubdF7lAN5PXcRhvPVa56f3g34s441aNm","status":"active","role":"admin","emailVerificationOTP":"2078","emailVerificationExpires":"2025-08-06T11:31:31.018Z","isEmailVerified":true,"isPro":true,"profileUpdateCount":0,"createdAt":"2025-08-06T11:16:31.021Z","updatedAt":"2025-08-11T16:14:38.859Z","__v":0,"proExpiresAt":"2026-08-11T16:14:38.596Z"}}
{"timestamp":"2025-09-01T17:44:12.331Z","level":"INFO","message":"User account status","data":{"activationMode":null,"_id":"6893398fedbebc3fbf926004","firstname":"Aremu","lastname":"Olakunle","email":"colprince31@gmail.com","password":"$2b$10$JWs.jQvK6M98mBafm5aPfubdF7lAN5PXcRhvPVa56f3g34s441aNm","status":"active","role":"admin","emailVerificationOTP":"2078","emailVerificationExpires":"2025-08-06T11:31:31.018Z","isEmailVerified":true,"isPro":true,"profileUpdateCount":0,"createdAt":"2025-08-06T11:16:31.021Z","updatedAt":"2025-08-11T16:14:38.859Z","__v":0,"proExpiresAt":"2026-08-11T16:14:38.596Z"}}
{"timestamp":"2025-09-01T17:44:12.333Z","level":"INFO","message":"User account status","data":{"activationMode":null,"_id":"6893398fedbebc3fbf926004","firstname":"Aremu","lastname":"Olakunle","email":"colprince31@gmail.com","password":"$2b$10$JWs.jQvK6M98mBafm5aPfubdF7lAN5PXcRhvPVa56f3g34s441aNm","status":"active","role":"admin","emailVerificationOTP":"2078","emailVerificationExpires":"2025-08-06T11:31:31.018Z","isEmailVerified":true,"isPro":true,"profileUpdateCount":0,"createdAt":"2025-08-06T11:16:31.021Z","updatedAt":"2025-08-11T16:14:38.859Z","__v":0,"proExpiresAt":"2026-08-11T16:14:38.596Z"}}
{"timestamp":"2025-09-01T17:44:12.580Z","level":"ERROR","message":"Request Error","data":{"method":"GET","url":"/admin/all-subscriptions","statusCode":404,"duration":"493ms","headers":{"authorization":"Bearer ***"},"body":null,"files":null}}
{"timestamp":"2025-09-01T17:44:12.858Z","level":"INFO","message":"User account status","data":{"activationMode":null,"_id":"6893398fedbebc3fbf926004","firstname":"Aremu","lastname":"Olakunle","email":"colprince31@gmail.com","password":"$2b$10$JWs.jQvK6M98mBafm5aPfubdF7lAN5PXcRhvPVa56f3g34s441aNm","status":"active","role":"admin","emailVerificationOTP":"2078","emailVerificationExpires":"2025-08-06T11:31:31.018Z","isEmailVerified":true,"isPro":true,"profileUpdateCount":0,"createdAt":"2025-08-06T11:16:31.021Z","updatedAt":"2025-08-11T16:14:38.859Z","__v":0,"proExpiresAt":"2026-08-11T16:14:38.596Z"}}
{"timestamp":"2025-09-01T17:44:13.496Z","level":"ERROR","message":"Request Error","data":{"method":"GET","url":"/admin/all-subscriptions","statusCode":404,"duration":"913ms","headers":{"authorization":"Bearer ***"},"body":null,"files":null}}
{"timestamp":"2025-09-01T17:44:14.047Z","level":"INFO","message":"User account status","data":{"activationMode":null,"_id":"6893398fedbebc3fbf926004","firstname":"Aremu","lastname":"Olakunle","email":"colprince31@gmail.com","password":"$2b$10$JWs.jQvK6M98mBafm5aPfubdF7lAN5PXcRhvPVa56f3g34s441aNm","status":"active","role":"admin","emailVerificationOTP":"2078","emailVerificationExpires":"2025-08-06T11:31:31.018Z","isEmailVerified":true,"isPro":true,"profileUpdateCount":0,"createdAt":"2025-08-06T11:16:31.021Z","updatedAt":"2025-08-11T16:14:38.859Z","__v":0,"proExpiresAt":"2026-08-11T16:14:38.596Z"}}
{"timestamp":"2025-09-01T17:44:16.058Z","level":"INFO","message":"User account status","data":{"activationMode":null,"_id":"6893398fedbebc3fbf926004","firstname":"Aremu","lastname":"Olakunle","email":"colprince31@gmail.com","password":"$2b$10$JWs.jQvK6M98mBafm5aPfubdF7lAN5PXcRhvPVa56f3g34s441aNm","status":"active","role":"admin","emailVerificationOTP":"2078","emailVerificationExpires":"2025-08-06T11:31:31.018Z","isEmailVerified":true,"isPro":true,"profileUpdateCount":0,"createdAt":"2025-08-06T11:16:31.021Z","updatedAt":"2025-08-11T16:14:38.859Z","__v":0,"proExpiresAt":"2026-08-11T16:14:38.596Z"}}
{"timestamp":"2025-09-01T17:45:18.543Z","level":"INFO","message":"User account status","data":{"activationMode":null,"_id":"6893398fedbebc3fbf926004","firstname":"Aremu","lastname":"Olakunle","email":"colprince31@gmail.com","password":"$2b$10$JWs.jQvK6M98mBafm5aPfubdF7lAN5PXcRhvPVa56f3g34s441aNm","status":"active","role":"admin","emailVerificationOTP":"2078","emailVerificationExpires":"2025-08-06T11:31:31.018Z","isEmailVerified":true,"isPro":true,"profileUpdateCount":0,"createdAt":"2025-08-06T11:16:31.021Z","updatedAt":"2025-08-11T16:14:38.859Z","__v":0,"proExpiresAt":"2026-08-11T16:14:38.596Z"}}
{"timestamp":"2025-09-01T17:45:19.095Z","level":"INFO","message":"User account status","data":{"activationMode":null,"_id":"6893398fedbebc3fbf926004","firstname":"Aremu","lastname":"Olakunle","email":"colprince31@gmail.com","password":"$2b$10$JWs.jQvK6M98mBafm5aPfubdF7lAN5PXcRhvPVa56f3g34s441aNm","status":"active","role":"admin","emailVerificationOTP":"2078","emailVerificationExpires":"2025-08-06T11:31:31.018Z","isEmailVerified":true,"isPro":true,"profileUpdateCount":0,"createdAt":"2025-08-06T11:16:31.021Z","updatedAt":"2025-08-11T16:14:38.859Z","__v":0,"proExpiresAt":"2026-08-11T16:14:38.596Z"}}
{"timestamp":"2025-09-01T17:45:19.096Z","level":"INFO","message":"User account status","data":{"activationMode":null,"_id":"6893398fedbebc3fbf926004","firstname":"Aremu","lastname":"Olakunle","email":"colprince31@gmail.com","password":"$2b$10$JWs.jQvK6M98mBafm5aPfubdF7lAN5PXcRhvPVa56f3g34s441aNm","status":"active","role":"admin","emailVerificationOTP":"2078","emailVerificationExpires":"2025-08-06T11:31:31.018Z","isEmailVerified":true,"isPro":true,"profileUpdateCount":0,"createdAt":"2025-08-06T11:16:31.021Z","updatedAt":"2025-08-11T16:14:38.859Z","__v":0,"proExpiresAt":"2026-08-11T16:14:38.596Z"}}
{"timestamp":"2025-09-01T17:45:19.971Z","level":"ERROR","message":"Request Error","data":{"method":"GET","url":"/admin/all-subscriptions","statusCode":404,"duration":"1188ms","headers":{"authorization":"Bearer ***"},"body":null,"files":null}}
{"timestamp":"2025-09-01T17:45:20.758Z","level":"INFO","message":"User account status","data":{"activationMode":null,"_id":"6893398fedbebc3fbf926004","firstname":"Aremu","lastname":"Olakunle","email":"colprince31@gmail.com","password":"$2b$10$JWs.jQvK6M98mBafm5aPfubdF7lAN5PXcRhvPVa56f3g34s441aNm","status":"active","role":"admin","emailVerificationOTP":"2078","emailVerificationExpires":"2025-08-06T11:31:31.018Z","isEmailVerified":true,"isPro":true,"profileUpdateCount":0,"createdAt":"2025-08-06T11:16:31.021Z","updatedAt":"2025-08-11T16:14:38.859Z","__v":0,"proExpiresAt":"2026-08-11T16:14:38.596Z"}}
{"timestamp":"2025-09-01T17:45:21.018Z","level":"INFO","message":"User account status","data":{"activationMode":null,"_id":"6893398fedbebc3fbf926004","firstname":"Aremu","lastname":"Olakunle","email":"colprince31@gmail.com","password":"$2b$10$JWs.jQvK6M98mBafm5aPfubdF7lAN5PXcRhvPVa56f3g34s441aNm","status":"active","role":"admin","emailVerificationOTP":"2078","emailVerificationExpires":"2025-08-06T11:31:31.018Z","isEmailVerified":true,"isPro":true,"profileUpdateCount":0,"createdAt":"2025-08-06T11:16:31.021Z","updatedAt":"2025-08-11T16:14:38.859Z","__v":0,"proExpiresAt":"2026-08-11T16:14:38.596Z"}}
{"timestamp":"2025-09-01T17:45:21.097Z","level":"ERROR","message":"Request Error","data":{"method":"GET","url":"/admin/all-subscriptions","statusCode":404,"duration":"1118ms","headers":{"authorization":"Bearer ***"},"body":null,"files":null}}
{"timestamp":"2025-09-01T17:45:21.997Z","level":"INFO","message":"User account status","data":{"activationMode":null,"_id":"6893398fedbebc3fbf926004","firstname":"Aremu","lastname":"Olakunle","email":"colprince31@gmail.com","password":"$2b$10$JWs.jQvK6M98mBafm5aPfubdF7lAN5PXcRhvPVa56f3g34s441aNm","status":"active","role":"admin","emailVerificationOTP":"2078","emailVerificationExpires":"2025-08-06T11:31:31.018Z","isEmailVerified":true,"isPro":true,"profileUpdateCount":0,"createdAt":"2025-08-06T11:16:31.021Z","updatedAt":"2025-08-11T16:14:38.859Z","__v":0,"proExpiresAt":"2026-08-11T16:14:38.596Z"}}
{"timestamp":"2025-09-01T17:45:27.663Z","level":"INFO","message":"User account status","data":{"activationMode":null,"_id":"6893398fedbebc3fbf926004","firstname":"Aremu","lastname":"Olakunle","email":"colprince31@gmail.com","password":"$2b$10$JWs.jQvK6M98mBafm5aPfubdF7lAN5PXcRhvPVa56f3g34s441aNm","status":"active","role":"admin","emailVerificationOTP":"2078","emailVerificationExpires":"2025-08-06T11:31:31.018Z","isEmailVerified":true,"isPro":true,"profileUpdateCount":0,"createdAt":"2025-08-06T11:16:31.021Z","updatedAt":"2025-08-11T16:14:38.859Z","__v":0,"proExpiresAt":"2026-08-11T16:14:38.596Z"}}
{"timestamp":"2025-09-01T17:45:28.194Z","level":"INFO","message":"User account status","data":{"activationMode":null,"_id":"6893398fedbebc3fbf926004","firstname":"Aremu","lastname":"Olakunle","email":"colprince31@gmail.com","password":"$2b$10$JWs.jQvK6M98mBafm5aPfubdF7lAN5PXcRhvPVa56f3g34s441aNm","status":"active","role":"admin","emailVerificationOTP":"2078","emailVerificationExpires":"2025-08-06T11:31:31.018Z","isEmailVerified":true,"isPro":true,"profileUpdateCount":0,"createdAt":"2025-08-06T11:16:31.021Z","updatedAt":"2025-08-11T16:14:38.859Z","__v":0,"proExpiresAt":"2026-08-11T16:14:38.596Z"}}
{"timestamp":"2025-09-01T17:45:28.203Z","level":"INFO","message":"User account status","data":{"activationMode":null,"_id":"6893398fedbebc3fbf926004","firstname":"Aremu","lastname":"Olakunle","email":"colprince31@gmail.com","password":"$2b$10$JWs.jQvK6M98mBafm5aPfubdF7lAN5PXcRhvPVa56f3g34s441aNm","status":"active","role":"admin","emailVerificationOTP":"2078","emailVerificationExpires":"2025-08-06T11:31:31.018Z","isEmailVerified":true,"isPro":true,"profileUpdateCount":0,"createdAt":"2025-08-06T11:16:31.021Z","updatedAt":"2025-08-11T16:14:38.859Z","__v":0,"proExpiresAt":"2026-08-11T16:14:38.596Z"}}
{"timestamp":"2025-09-01T17:45:28.706Z","level":"ERROR","message":"Request Error","data":{"method":"GET","url":"/admin/all-subscriptions","statusCode":404,"duration":"765ms","headers":{"authorization":"Bearer ***"},"body":null,"files":null}}
{"timestamp":"2025-09-01T17:45:29.005Z","level":"INFO","message":"User account status","data":{"activationMode":null,"_id":"6893398fedbebc3fbf926004","firstname":"Aremu","lastname":"Olakunle","email":"colprince31@gmail.com","password":"$2b$10$JWs.jQvK6M98mBafm5aPfubdF7lAN5PXcRhvPVa56f3g34s441aNm","status":"active","role":"admin","emailVerificationOTP":"2078","emailVerificationExpires":"2025-08-06T11:31:31.018Z","isEmailVerified":true,"isPro":true,"profileUpdateCount":0,"createdAt":"2025-08-06T11:16:31.021Z","updatedAt":"2025-08-11T16:14:38.859Z","__v":0,"proExpiresAt":"2026-08-11T16:14:38.596Z"}}
{"timestamp":"2025-09-01T17:45:29.252Z","level":"ERROR","message":"Request Error","data":{"method":"GET","url":"/admin/all-subscriptions","statusCode":404,"duration":"544ms","headers":{"authorization":"Bearer ***"},"body":null,"files":null}}
{"timestamp":"2025-09-01T17:45:32.861Z","level":"INFO","message":"User account status","data":{"activationMode":null,"_id":"6893398fedbebc3fbf926004","firstname":"Aremu","lastname":"Olakunle","email":"colprince31@gmail.com","password":"$2b$10$JWs.jQvK6M98mBafm5aPfubdF7lAN5PXcRhvPVa56f3g34s441aNm","status":"active","role":"admin","emailVerificationOTP":"2078","emailVerificationExpires":"2025-08-06T11:31:31.018Z","isEmailVerified":true,"isPro":true,"profileUpdateCount":0,"createdAt":"2025-08-06T11:16:31.021Z","updatedAt":"2025-08-11T16:14:38.859Z","__v":0,"proExpiresAt":"2026-08-11T16:14:38.596Z"}}
{"timestamp":"2025-09-01T17:45:34.562Z","level":"INFO","message":"User account status","data":{"activationMode":null,"_id":"6893398fedbebc3fbf926004","firstname":"Aremu","lastname":"Olakunle","email":"colprince31@gmail.com","password":"$2b$10$JWs.jQvK6M98mBafm5aPfubdF7lAN5PXcRhvPVa56f3g34s441aNm","status":"active","role":"admin","emailVerificationOTP":"2078","emailVerificationExpires":"2025-08-06T11:31:31.018Z","isEmailVerified":true,"isPro":true,"profileUpdateCount":0,"createdAt":"2025-08-06T11:16:31.021Z","updatedAt":"2025-08-11T16:14:38.859Z","__v":0,"proExpiresAt":"2026-08-11T16:14:38.596Z"}}
{"timestamp":"2025-09-01T17:46:01.377Z","level":"INFO","message":"User account status","data":{"activationMode":null,"_id":"6893398fedbebc3fbf926004","firstname":"Aremu","lastname":"Olakunle","email":"colprince31@gmail.com","password":"$2b$10$JWs.jQvK6M98mBafm5aPfubdF7lAN5PXcRhvPVa56f3g34s441aNm","status":"active","role":"admin","emailVerificationOTP":"2078","emailVerificationExpires":"2025-08-06T11:31:31.018Z","isEmailVerified":true,"isPro":true,"profileUpdateCount":0,"createdAt":"2025-08-06T11:16:31.021Z","updatedAt":"2025-08-11T16:14:38.859Z","__v":0,"proExpiresAt":"2026-08-11T16:14:38.596Z"}}
{"timestamp":"2025-09-01T17:46:02.139Z","level":"INFO","message":"User account status","data":{"activationMode":null,"_id":"6893398fedbebc3fbf926004","firstname":"Aremu","lastname":"Olakunle","email":"colprince31@gmail.com","password":"$2b$10$JWs.jQvK6M98mBafm5aPfubdF7lAN5PXcRhvPVa56f3g34s441aNm","status":"active","role":"admin","emailVerificationOTP":"2078","emailVerificationExpires":"2025-08-06T11:31:31.018Z","isEmailVerified":true,"isPro":true,"profileUpdateCount":0,"createdAt":"2025-08-06T11:16:31.021Z","updatedAt":"2025-08-11T16:14:38.859Z","__v":0,"proExpiresAt":"2026-08-11T16:14:38.596Z"}}
{"timestamp":"2025-09-01T17:46:02.672Z","level":"INFO","message":"User account status","data":{"activationMode":null,"_id":"6893398fedbebc3fbf926004","firstname":"Aremu","lastname":"Olakunle","email":"colprince31@gmail.com","password":"$2b$10$JWs.jQvK6M98mBafm5aPfubdF7lAN5PXcRhvPVa56f3g34s441aNm","status":"active","role":"admin","emailVerificationOTP":"2078","emailVerificationExpires":"2025-08-06T11:31:31.018Z","isEmailVerified":true,"isPro":true,"profileUpdateCount":0,"createdAt":"2025-08-06T11:16:31.021Z","updatedAt":"2025-08-11T16:14:38.859Z","__v":0,"proExpiresAt":"2026-08-11T16:14:38.596Z"}}
{"timestamp":"2025-09-01T17:46:11.120Z","level":"INFO","message":"User account status","data":{"activationMode":null,"_id":"6893398fedbebc3fbf926004","firstname":"Aremu","lastname":"Olakunle","email":"colprince31@gmail.com","password":"$2b$10$JWs.jQvK6M98mBafm5aPfubdF7lAN5PXcRhvPVa56f3g34s441aNm","status":"active","role":"admin","emailVerificationOTP":"2078","emailVerificationExpires":"2025-08-06T11:31:31.018Z","isEmailVerified":true,"isPro":true,"profileUpdateCount":0,"createdAt":"2025-08-06T11:16:31.021Z","updatedAt":"2025-08-11T16:14:38.859Z","__v":0,"proExpiresAt":"2026-08-11T16:14:38.596Z"}}
{"timestamp":"2025-09-01T17:46:12.656Z","level":"INFO","message":"User account status","data":{"activationMode":null,"_id":"6893398fedbebc3fbf926004","firstname":"Aremu","lastname":"Olakunle","email":"colprince31@gmail.com","password":"$2b$10$JWs.jQvK6M98mBafm5aPfubdF7lAN5PXcRhvPVa56f3g34s441aNm","status":"active","role":"admin","emailVerificationOTP":"2078","emailVerificationExpires":"2025-08-06T11:31:31.018Z","isEmailVerified":true,"isPro":true,"profileUpdateCount":0,"createdAt":"2025-08-06T11:16:31.021Z","updatedAt":"2025-08-11T16:14:38.859Z","__v":0,"proExpiresAt":"2026-08-11T16:14:38.596Z"}}
{"timestamp":"2025-09-01T17:46:48.664Z","level":"INFO","message":"User account status","data":{"activationMode":null,"_id":"6893398fedbebc3fbf926004","firstname":"Aremu","lastname":"Olakunle","email":"colprince31@gmail.com","password":"$2b$10$JWs.jQvK6M98mBafm5aPfubdF7lAN5PXcRhvPVa56f3g34s441aNm","status":"active","role":"admin","emailVerificationOTP":"2078","emailVerificationExpires":"2025-08-06T11:31:31.018Z","isEmailVerified":true,"isPro":true,"profileUpdateCount":0,"createdAt":"2025-08-06T11:16:31.021Z","updatedAt":"2025-08-11T16:14:38.859Z","__v":0,"proExpiresAt":"2026-08-11T16:14:38.596Z"}}
{"timestamp":"2025-09-01T17:47:23.393Z","level":"INFO","message":"User account status","data":{"activationMode":null,"_id":"6893398fedbebc3fbf926004","firstname":"Aremu","lastname":"Olakunle","email":"colprince31@gmail.com","password":"$2b$10$JWs.jQvK6M98mBafm5aPfubdF7lAN5PXcRhvPVa56f3g34s441aNm","status":"active","role":"admin","emailVerificationOTP":"2078","emailVerificationExpires":"2025-08-06T11:31:31.018Z","isEmailVerified":true,"isPro":true,"profileUpdateCount":0,"createdAt":"2025-08-06T11:16:31.021Z","updatedAt":"2025-08-11T16:14:38.859Z","__v":0,"proExpiresAt":"2026-08-11T16:14:38.596Z"}}
{"timestamp":"2025-09-01T17:47:28.031Z","level":"INFO","message":"User account status","data":{"activationMode":null,"_id":"6893398fedbebc3fbf926004","firstname":"Aremu","lastname":"Olakunle","email":"colprince31@gmail.com","password":"$2b$10$JWs.jQvK6M98mBafm5aPfubdF7lAN5PXcRhvPVa56f3g34s441aNm","status":"active","role":"admin","emailVerificationOTP":"2078","emailVerificationExpires":"2025-08-06T11:31:31.018Z","isEmailVerified":true,"isPro":true,"profileUpdateCount":0,"createdAt":"2025-08-06T11:16:31.021Z","updatedAt":"2025-08-11T16:14:38.859Z","__v":0,"proExpiresAt":"2026-08-11T16:14:38.596Z"}}
{"timestamp":"2025-09-01T17:48:45.980Z","level":"ERROR","message":"Error uploading file to DigitalOcean Spaces","data":{"error":"write EPIPE","objectKey":"dev/sounds/sound-1756748581407.mp3","filePath":"uploads/sounds/1756748580817-frequency-of-sleep-meditation-113050.mp3"}}
{"timestamp":"2025-09-01T17:48:45.982Z","level":"ERROR","message":"Failed to upload files asynchronously","data":{"error":"write EPIPE","soundId":"68b5db250d70606e23385da5"}}
{"timestamp":"2025-09-01T17:53:20.121Z","level":"INFO","message":"Server started successfully","data":{"host":"192.168.1.146","port":"8003","environment":"development","timestamp":"2025-09-01T17:53:20.121Z"}}
{"timestamp":"2025-09-01T17:53:43.532Z","level":"INFO","message":"User account status","data":{"activationMode":null,"_id":"6893398fedbebc3fbf926004","firstname":"Aremu","lastname":"Olakunle","email":"colprince31@gmail.com","password":"$2b$10$JWs.jQvK6M98mBafm5aPfubdF7lAN5PXcRhvPVa56f3g34s441aNm","status":"active","role":"admin","emailVerificationOTP":"2078","emailVerificationExpires":"2025-08-06T11:31:31.018Z","isEmailVerified":true,"isPro":true,"profileUpdateCount":0,"createdAt":"2025-08-06T11:16:31.021Z","updatedAt":"2025-08-11T16:14:38.859Z","__v":0,"proExpiresAt":"2026-08-11T16:14:38.596Z"}}
{"timestamp":"2025-09-01T17:53:43.661Z","level":"DEBUG","message":"Multer upload successful","data":{"files":["soundFile","thumbnail"],"body":{"title":"test3","description":"fff","status":"Standard","categories":"[]"}}}
{"timestamp":"2025-09-01T17:53:43.662Z","level":"INFO","message":"Creating new sound","data":{"body":{"title":"test3","description":"fff","status":"Standard","categories":"[]"},"files":["soundFile","thumbnail"],"userId":"6893398fedbebc3fbf926004"}}
{"timestamp":"2025-09-01T17:53:43.916Z","level":"DEBUG","message":"Local file paths","data":{"soundFilePath":"uploads/sounds/1756749223536-frequency-of-sleep-meditation-113050.mp3","thumbnailPath":"uploads/thumbnails/1756749223660-bd982ea0d9628183a2b138e65531ee45.jpg"}}
{"timestamp":"2025-09-01T17:53:43.917Z","level":"DEBUG","message":"Extracting audio metadata from local file","data":null}
{"timestamp":"2025-09-01T17:53:43.929Z","level":"DEBUG","message":"Audio metadata extracted","data":{"duration":1800.792}}
{"timestamp":"2025-09-01T17:53:43.930Z","level":"DEBUG","message":"Categories parsed successfully","data":{"categories":[]}}
{"timestamp":"2025-09-01T17:53:43.937Z","level":"INFO","message":"New sound object created","data":{"title":"test3","status":"Standard","duration":1800.792,"soundId":"68b5dda742ac301f8a1858c0"}}
{"timestamp":"2025-09-01T17:53:44.200Z","level":"INFO","message":"Sound saved successfully","data":{"soundId":"68b5dda742ac301f8a1858c0"}}
{"timestamp":"2025-09-01T17:53:44.208Z","level":"INFO","message":"Starting asynchronous file uploads","data":{"soundId":"68b5dda742ac301f8a1858c0"}}
{"timestamp":"2025-09-01T17:53:44.394Z","level":"INFO","message":"Uploading file to DigitalOcean Spaces using streaming","data":{"objectKey":"dev/sounds/sound-1756749224209.mp3","fileSize":57625344,"bucket":"comeaway-audio","region":"nyc3"}}
{"timestamp":"2025-09-01T17:53:44.403Z","level":"INFO","message":"Sound file upload progress: 0%","data":{"soundId":"68b5dda742ac301f8a1858c0"}}
{"timestamp":"2025-09-01T17:53:44.404Z","level":"INFO","message":"Sound file upload progress: 0%","data":{"soundId":"68b5dda742ac301f8a1858c0"}}
{"timestamp":"2025-09-01T17:53:44.405Z","level":"INFO","message":"Sound file upload progress: 0%","data":{"soundId":"68b5dda742ac301f8a1858c0"}}
{"timestamp":"2025-09-01T17:53:44.405Z","level":"INFO","message":"Sound file upload progress: 0%","data":{"soundId":"68b5dda742ac301f8a1858c0"}}
{"timestamp":"2025-09-01T17:53:44.405Z","level":"INFO","message":"Sound file upload progress: 0%","data":{"soundId":"68b5dda742ac301f8a1858c0"}}
{"timestamp":"2025-09-01T17:53:44.405Z","level":"INFO","message":"Sound file upload progress: 1%","data":{"soundId":"68b5dda742ac301f8a1858c0"}}
{"timestamp":"2025-09-01T17:53:44.406Z","level":"INFO","message":"Sound file upload progress: 1%","data":{"soundId":"68b5dda742ac301f8a1858c0"}}
{"timestamp":"2025-09-01T17:53:44.406Z","level":"INFO","message":"Sound file upload progress: 1%","data":{"soundId":"68b5dda742ac301f8a1858c0"}}
{"timestamp":"2025-09-01T17:53:44.406Z","level":"INFO","message":"Sound file upload progress: 1%","data":{"soundId":"68b5dda742ac301f8a1858c0"}}
{"timestamp":"2025-09-01T17:53:44.406Z","level":"INFO","message":"Sound file upload progress: 1%","data":{"soundId":"68b5dda742ac301f8a1858c0"}}
{"timestamp":"2025-09-01T17:53:44.406Z","level":"INFO","message":"Sound file upload progress: 1%","data":{"soundId":"68b5dda742ac301f8a1858c0"}}
{"timestamp":"2025-09-01T17:53:44.407Z","level":"INFO","message":"Sound file upload progress: 1%","data":{"soundId":"68b5dda742ac301f8a1858c0"}}
{"timestamp":"2025-09-01T17:53:44.407Z","level":"INFO","message":"Sound file upload progress: 1%","data":{"soundId":"68b5dda742ac301f8a1858c0"}}
{"timestamp":"2025-09-01T17:53:44.407Z","level":"INFO","message":"Sound file upload progress: 1%","data":{"soundId":"68b5dda742ac301f8a1858c0"}}
{"timestamp":"2025-09-01T17:53:44.407Z","level":"INFO","message":"Sound file upload progress: 2%","data":{"soundId":"68b5dda742ac301f8a1858c0"}}
{"timestamp":"2025-09-01T17:53:44.407Z","level":"INFO","message":"Sound file upload progress: 2%","data":{"soundId":"68b5dda742ac301f8a1858c0"}}
{"timestamp":"2025-09-01T17:53:44.407Z","level":"INFO","message":"Sound file upload progress: 2%","data":{"soundId":"68b5dda742ac301f8a1858c0"}}
{"timestamp":"2025-09-01T17:53:44.407Z","level":"INFO","message":"Sound file upload progress: 2%","data":{"soundId":"68b5dda742ac301f8a1858c0"}}
{"timestamp":"2025-09-01T17:53:44.407Z","level":"INFO","message":"Sound file upload progress: 2%","data":{"soundId":"68b5dda742ac301f8a1858c0"}}
{"timestamp":"2025-09-01T17:53:44.407Z","level":"INFO","message":"Sound file upload progress: 2%","data":{"soundId":"68b5dda742ac301f8a1858c0"}}
{"timestamp":"2025-09-01T17:53:44.407Z","level":"INFO","message":"Sound file upload progress: 2%","data":{"soundId":"68b5dda742ac301f8a1858c0"}}
{"timestamp":"2025-09-01T17:53:44.407Z","level":"INFO","message":"Sound file upload progress: 2%","data":{"soundId":"68b5dda742ac301f8a1858c0"}}
{"timestamp":"2025-09-01T17:53:44.408Z","level":"INFO","message":"Sound file upload progress: 3%","data":{"soundId":"68b5dda742ac301f8a1858c0"}}
{"timestamp":"2025-09-01T17:53:44.408Z","level":"INFO","message":"Sound file upload progress: 3%","data":{"soundId":"68b5dda742ac301f8a1858c0"}}
{"timestamp":"2025-09-01T17:53:44.408Z","level":"INFO","message":"Sound file upload progress: 3%","data":{"soundId":"68b5dda742ac301f8a1858c0"}}
{"timestamp":"2025-09-01T17:53:44.408Z","level":"INFO","message":"Sound file upload progress: 3%","data":{"soundId":"68b5dda742ac301f8a1858c0"}}
{"timestamp":"2025-09-01T17:53:44.408Z","level":"INFO","message":"Sound file upload progress: 3%","data":{"soundId":"68b5dda742ac301f8a1858c0"}}
{"timestamp":"2025-09-01T17:53:44.408Z","level":"INFO","message":"Sound file upload progress: 3%","data":{"soundId":"68b5dda742ac301f8a1858c0"}}
{"timestamp":"2025-09-01T17:53:44.408Z","level":"INFO","message":"Sound file upload progress: 3%","data":{"soundId":"68b5dda742ac301f8a1858c0"}}
{"timestamp":"2025-09-01T17:53:44.408Z","level":"INFO","message":"Sound file upload progress: 3%","data":{"soundId":"68b5dda742ac301f8a1858c0"}}
{"timestamp":"2025-09-01T17:53:44.409Z","level":"INFO","message":"Sound file upload progress: 3%","data":{"soundId":"68b5dda742ac301f8a1858c0"}}
{"timestamp":"2025-09-01T17:53:44.409Z","level":"INFO","message":"Sound file upload progress: 4%","data":{"soundId":"68b5dda742ac301f8a1858c0"}}
{"timestamp":"2025-09-01T17:53:44.409Z","level":"INFO","message":"Sound file upload progress: 4%","data":{"soundId":"68b5dda742ac301f8a1858c0"}}
{"timestamp":"2025-09-01T17:53:44.409Z","level":"INFO","message":"Sound file upload progress: 4%","data":{"soundId":"68b5dda742ac301f8a1858c0"}}
{"timestamp":"2025-09-01T17:53:44.409Z","level":"INFO","message":"Sound file upload progress: 4%","data":{"soundId":"68b5dda742ac301f8a1858c0"}}
{"timestamp":"2025-09-01T17:53:44.409Z","level":"INFO","message":"Sound file upload progress: 4%","data":{"soundId":"68b5dda742ac301f8a1858c0"}}
{"timestamp":"2025-09-01T17:53:44.409Z","level":"INFO","message":"Sound file upload progress: 4%","data":{"soundId":"68b5dda742ac301f8a1858c0"}}
{"timestamp":"2025-09-01T17:53:44.409Z","level":"INFO","message":"Sound file upload progress: 4%","data":{"soundId":"68b5dda742ac301f8a1858c0"}}
{"timestamp":"2025-09-01T17:53:44.409Z","level":"INFO","message":"Sound file upload progress: 4%","data":{"soundId":"68b5dda742ac301f8a1858c0"}}
{"timestamp":"2025-09-01T17:53:44.409Z","level":"INFO","message":"Sound file upload progress: 4%","data":{"soundId":"68b5dda742ac301f8a1858c0"}}
{"timestamp":"2025-09-01T17:53:44.410Z","level":"INFO","message":"Sound file upload progress: 5%","data":{"soundId":"68b5dda742ac301f8a1858c0"}}
{"timestamp":"2025-09-01T17:53:44.410Z","level":"INFO","message":"Sound file upload progress: 5%","data":{"soundId":"68b5dda742ac301f8a1858c0"}}
{"timestamp":"2025-09-01T17:53:44.410Z","level":"INFO","message":"Sound file upload progress: 5%","data":{"soundId":"68b5dda742ac301f8a1858c0"}}
{"timestamp":"2025-09-01T17:53:44.410Z","level":"INFO","message":"Sound file upload progress: 5%","data":{"soundId":"68b5dda742ac301f8a1858c0"}}
{"timestamp":"2025-09-01T17:53:44.410Z","level":"INFO","message":"Sound file upload progress: 5%","data":{"soundId":"68b5dda742ac301f8a1858c0"}}
{"timestamp":"2025-09-01T17:53:44.410Z","level":"INFO","message":"Sound file upload progress: 5%","data":{"soundId":"68b5dda742ac301f8a1858c0"}}
{"timestamp":"2025-09-01T17:53:44.410Z","level":"INFO","message":"Sound file upload progress: 5%","data":{"soundId":"68b5dda742ac301f8a1858c0"}}
{"timestamp":"2025-09-01T17:53:44.410Z","level":"INFO","message":"Sound file upload progress: 5%","data":{"soundId":"68b5dda742ac301f8a1858c0"}}
{"timestamp":"2025-09-01T17:53:44.411Z","level":"INFO","message":"Sound file upload progress: 5%","data":{"soundId":"68b5dda742ac301f8a1858c0"}}
{"timestamp":"2025-09-01T17:53:44.411Z","level":"INFO","message":"Sound file upload progress: 6%","data":{"soundId":"68b5dda742ac301f8a1858c0"}}
{"timestamp":"2025-09-01T17:53:44.411Z","level":"INFO","message":"Sound file upload progress: 6%","data":{"soundId":"68b5dda742ac301f8a1858c0"}}
{"timestamp":"2025-09-01T17:53:44.411Z","level":"INFO","message":"Sound file upload progress: 6%","data":{"soundId":"68b5dda742ac301f8a1858c0"}}
{"timestamp":"2025-09-01T17:53:44.411Z","level":"INFO","message":"Sound file upload progress: 6%","data":{"soundId":"68b5dda742ac301f8a1858c0"}}
{"timestamp":"2025-09-01T17:53:44.412Z","level":"INFO","message":"Sound file upload progress: 6%","data":{"soundId":"68b5dda742ac301f8a1858c0"}}
{"timestamp":"2025-09-01T17:53:44.412Z","level":"INFO","message":"Sound file upload progress: 6%","data":{"soundId":"68b5dda742ac301f8a1858c0"}}
{"timestamp":"2025-09-01T17:53:44.412Z","level":"INFO","message":"Sound file upload progress: 6%","data":{"soundId":"68b5dda742ac301f8a1858c0"}}
{"timestamp":"2025-09-01T17:53:44.412Z","level":"INFO","message":"Sound file upload progress: 6%","data":{"soundId":"68b5dda742ac301f8a1858c0"}}
{"timestamp":"2025-09-01T17:53:44.412Z","level":"INFO","message":"Sound file upload progress: 6%","data":{"soundId":"68b5dda742ac301f8a1858c0"}}
{"timestamp":"2025-09-01T17:53:44.412Z","level":"INFO","message":"Sound file upload progress: 7%","data":{"soundId":"68b5dda742ac301f8a1858c0"}}
{"timestamp":"2025-09-01T17:53:44.412Z","level":"INFO","message":"Sound file upload progress: 7%","data":{"soundId":"68b5dda742ac301f8a1858c0"}}
{"timestamp":"2025-09-01T17:53:44.412Z","level":"INFO","message":"Sound file upload progress: 7%","data":{"soundId":"68b5dda742ac301f8a1858c0"}}
{"timestamp":"2025-09-01T17:53:44.413Z","level":"INFO","message":"Sound file upload progress: 7%","data":{"soundId":"68b5dda742ac301f8a1858c0"}}
{"timestamp":"2025-09-01T17:53:44.413Z","level":"INFO","message":"Sound file upload progress: 7%","data":{"soundId":"68b5dda742ac301f8a1858c0"}}
{"timestamp":"2025-09-01T17:53:44.413Z","level":"INFO","message":"Sound file upload progress: 7%","data":{"soundId":"68b5dda742ac301f8a1858c0"}}
{"timestamp":"2025-09-01T17:53:44.413Z","level":"INFO","message":"Sound file upload progress: 7%","data":{"soundId":"68b5dda742ac301f8a1858c0"}}
{"timestamp":"2025-09-01T17:53:44.413Z","level":"INFO","message":"Sound file upload progress: 7%","data":{"soundId":"68b5dda742ac301f8a1858c0"}}
{"timestamp":"2025-09-01T17:53:44.413Z","level":"INFO","message":"Sound file upload progress: 8%","data":{"soundId":"68b5dda742ac301f8a1858c0"}}
{"timestamp":"2025-09-01T17:53:44.414Z","level":"INFO","message":"Sound file upload progress: 8%","data":{"soundId":"68b5dda742ac301f8a1858c0"}}
{"timestamp":"2025-09-01T17:53:44.414Z","level":"INFO","message":"Sound file upload progress: 8%","data":{"soundId":"68b5dda742ac301f8a1858c0"}}
{"timestamp":"2025-09-01T17:53:44.414Z","level":"INFO","message":"Sound file upload progress: 8%","data":{"soundId":"68b5dda742ac301f8a1858c0"}}
{"timestamp":"2025-09-01T17:53:44.414Z","level":"INFO","message":"Sound file upload progress: 8%","data":{"soundId":"68b5dda742ac301f8a1858c0"}}
{"timestamp":"2025-09-01T17:53:44.414Z","level":"INFO","message":"Sound file upload progress: 8%","data":{"soundId":"68b5dda742ac301f8a1858c0"}}
{"timestamp":"2025-09-01T17:53:44.414Z","level":"INFO","message":"Sound file upload progress: 8%","data":{"soundId":"68b5dda742ac301f8a1858c0"}}
{"timestamp":"2025-09-01T17:53:44.414Z","level":"INFO","message":"Sound file upload progress: 8%","data":{"soundId":"68b5dda742ac301f8a1858c0"}}
{"timestamp":"2025-09-01T17:53:44.414Z","level":"INFO","message":"Sound file upload progress: 8%","data":{"soundId":"68b5dda742ac301f8a1858c0"}}
{"timestamp":"2025-09-01T17:53:44.414Z","level":"INFO","message":"Sound file upload progress: 9%","data":{"soundId":"68b5dda742ac301f8a1858c0"}}
{"timestamp":"2025-09-01T17:53:44.415Z","level":"INFO","message":"Sound file upload progress: 9%","data":{"soundId":"68b5dda742ac301f8a1858c0"}}
{"timestamp":"2025-09-01T17:53:44.415Z","level":"INFO","message":"Sound file upload progress: 9%","data":{"soundId":"68b5dda742ac301f8a1858c0"}}
{"timestamp":"2025-09-01T17:53:44.415Z","level":"INFO","message":"Sound file upload progress: 9%","data":{"soundId":"68b5dda742ac301f8a1858c0"}}
{"timestamp":"2025-09-01T17:53:44.415Z","level":"INFO","message":"Sound file upload progress: 9%","data":{"soundId":"68b5dda742ac301f8a1858c0"}}
{"timestamp":"2025-09-01T17:53:44.415Z","level":"INFO","message":"Sound file upload progress: 9%","data":{"soundId":"68b5dda742ac301f8a1858c0"}}
{"timestamp":"2025-09-01T17:53:44.415Z","level":"INFO","message":"Sound file upload progress: 9%","data":{"soundId":"68b5dda742ac301f8a1858c0"}}
{"timestamp":"2025-09-01T17:53:44.415Z","level":"INFO","message":"Sound file upload progress: 9%","data":{"soundId":"68b5dda742ac301f8a1858c0"}}
{"timestamp":"2025-09-01T17:53:44.415Z","level":"INFO","message":"Sound file upload progress: 9%","data":{"soundId":"68b5dda742ac301f8a1858c0"}}
{"timestamp":"2025-09-01T17:53:44.415Z","level":"INFO","message":"Sound file upload progress: 10%","data":{"soundId":"68b5dda742ac301f8a1858c0"}}
{"timestamp":"2025-09-01T17:53:44.415Z","level":"INFO","message":"Sound file upload progress: 10%","data":{"soundId":"68b5dda742ac301f8a1858c0"}}
{"timestamp":"2025-09-01T17:53:44.415Z","level":"INFO","message":"Sound file upload progress: 10%","data":{"soundId":"68b5dda742ac301f8a1858c0"}}
{"timestamp":"2025-09-01T17:53:44.415Z","level":"INFO","message":"Sound file upload progress: 10%","data":{"soundId":"68b5dda742ac301f8a1858c0"}}
{"timestamp":"2025-09-01T17:53:44.415Z","level":"INFO","message":"Sound file upload progress: 10%","data":{"soundId":"68b5dda742ac301f8a1858c0"}}
{"timestamp":"2025-09-01T17:53:44.416Z","level":"INFO","message":"Sound file upload progress: 10%","data":{"soundId":"68b5dda742ac301f8a1858c0"}}
{"timestamp":"2025-09-01T17:53:44.416Z","level":"INFO","message":"Sound file upload progress: 10%","data":{"soundId":"68b5dda742ac301f8a1858c0"}}
{"timestamp":"2025-09-01T17:53:44.416Z","level":"INFO","message":"Sound file upload progress: 10%","data":{"soundId":"68b5dda742ac301f8a1858c0"}}
{"timestamp":"2025-09-01T17:53:44.416Z","level":"INFO","message":"Sound file upload progress: 10%","data":{"soundId":"68b5dda742ac301f8a1858c0"}}
{"timestamp":"2025-09-01T17:53:44.416Z","level":"INFO","message":"Sound file upload progress: 11%","data":{"soundId":"68b5dda742ac301f8a1858c0"}}
{"timestamp":"2025-09-01T17:53:44.416Z","level":"INFO","message":"Sound file upload progress: 11%","data":{"soundId":"68b5dda742ac301f8a1858c0"}}
{"timestamp":"2025-09-01T17:53:44.416Z","level":"INFO","message":"Sound file upload progress: 11%","data":{"soundId":"68b5dda742ac301f8a1858c0"}}
{"timestamp":"2025-09-01T17:53:44.416Z","level":"INFO","message":"Sound file upload progress: 11%","data":{"soundId":"68b5dda742ac301f8a1858c0"}}
{"timestamp":"2025-09-01T17:53:44.416Z","level":"INFO","message":"Sound file upload progress: 11%","data":{"soundId":"68b5dda742ac301f8a1858c0"}}
{"timestamp":"2025-09-01T17:53:44.416Z","level":"INFO","message":"Sound file upload progress: 11%","data":{"soundId":"68b5dda742ac301f8a1858c0"}}
{"timestamp":"2025-09-01T17:53:44.416Z","level":"INFO","message":"Sound file upload progress: 11%","data":{"soundId":"68b5dda742ac301f8a1858c0"}}
{"timestamp":"2025-09-01T17:53:44.416Z","level":"INFO","message":"Sound file upload progress: 11%","data":{"soundId":"68b5dda742ac301f8a1858c0"}}
{"timestamp":"2025-09-01T17:53:44.417Z","level":"INFO","message":"Sound file upload progress: 11%","data":{"soundId":"68b5dda742ac301f8a1858c0"}}
{"timestamp":"2025-09-01T17:53:44.417Z","level":"INFO","message":"Sound file upload progress: 12%","data":{"soundId":"68b5dda742ac301f8a1858c0"}}
{"timestamp":"2025-09-01T17:53:44.417Z","level":"INFO","message":"Sound file upload progress: 12%","data":{"soundId":"68b5dda742ac301f8a1858c0"}}
{"timestamp":"2025-09-01T17:53:44.417Z","level":"INFO","message":"Sound file upload progress: 12%","data":{"soundId":"68b5dda742ac301f8a1858c0"}}
{"timestamp":"2025-09-01T17:53:44.417Z","level":"INFO","message":"Sound file upload progress: 12%","data":{"soundId":"68b5dda742ac301f8a1858c0"}}
{"timestamp":"2025-09-01T17:53:44.417Z","level":"INFO","message":"Sound file upload progress: 12%","data":{"soundId":"68b5dda742ac301f8a1858c0"}}
{"timestamp":"2025-09-01T17:53:44.417Z","level":"INFO","message":"Sound file upload progress: 12%","data":{"soundId":"68b5dda742ac301f8a1858c0"}}
{"timestamp":"2025-09-01T17:53:44.417Z","level":"INFO","message":"Sound file upload progress: 12%","data":{"soundId":"68b5dda742ac301f8a1858c0"}}
{"timestamp":"2025-09-01T17:53:44.417Z","level":"INFO","message":"Sound file upload progress: 12%","data":{"soundId":"68b5dda742ac301f8a1858c0"}}
{"timestamp":"2025-09-01T17:53:44.417Z","level":"INFO","message":"Sound file upload progress: 13%","data":{"soundId":"68b5dda742ac301f8a1858c0"}}
{"timestamp":"2025-09-01T17:53:44.417Z","level":"INFO","message":"Sound file upload progress: 13%","data":{"soundId":"68b5dda742ac301f8a1858c0"}}
{"timestamp":"2025-09-01T17:53:44.417Z","level":"INFO","message":"Sound file upload progress: 13%","data":{"soundId":"68b5dda742ac301f8a1858c0"}}
{"timestamp":"2025-09-01T17:53:44.418Z","level":"INFO","message":"Sound file upload progress: 13%","data":{"soundId":"68b5dda742ac301f8a1858c0"}}
{"timestamp":"2025-09-01T17:53:44.418Z","level":"INFO","message":"Sound file upload progress: 13%","data":{"soundId":"68b5dda742ac301f8a1858c0"}}
{"timestamp":"2025-09-01T17:53:44.418Z","level":"INFO","message":"Sound file upload progress: 13%","data":{"soundId":"68b5dda742ac301f8a1858c0"}}
{"timestamp":"2025-09-01T17:53:44.418Z","level":"INFO","message":"Sound file upload progress: 13%","data":{"soundId":"68b5dda742ac301f8a1858c0"}}
{"timestamp":"2025-09-01T17:53:44.418Z","level":"INFO","message":"Sound file upload progress: 13%","data":{"soundId":"68b5dda742ac301f8a1858c0"}}
{"timestamp":"2025-09-01T17:53:44.418Z","level":"INFO","message":"Sound file upload progress: 13%","data":{"soundId":"68b5dda742ac301f8a1858c0"}}
{"timestamp":"2025-09-01T17:53:44.418Z","level":"INFO","message":"Sound file upload progress: 14%","data":{"soundId":"68b5dda742ac301f8a1858c0"}}
{"timestamp":"2025-09-01T17:53:44.419Z","level":"INFO","message":"Sound file upload progress: 14%","data":{"soundId":"68b5dda742ac301f8a1858c0"}}
{"timestamp":"2025-09-01T17:53:44.419Z","level":"INFO","message":"Sound file upload progress: 14%","data":{"soundId":"68b5dda742ac301f8a1858c0"}}
{"timestamp":"2025-09-01T17:53:44.419Z","level":"INFO","message":"Sound file upload progress: 14%","data":{"soundId":"68b5dda742ac301f8a1858c0"}}
{"timestamp":"2025-09-01T17:53:44.419Z","level":"INFO","message":"Sound file upload progress: 14%","data":{"soundId":"68b5dda742ac301f8a1858c0"}}
{"timestamp":"2025-09-01T17:53:44.420Z","level":"INFO","message":"Sound file upload progress: 14%","data":{"soundId":"68b5dda742ac301f8a1858c0"}}
{"timestamp":"2025-09-01T17:53:44.420Z","level":"INFO","message":"Sound file upload progress: 14%","data":{"soundId":"68b5dda742ac301f8a1858c0"}}
{"timestamp":"2025-09-01T17:53:44.421Z","level":"INFO","message":"Sound file upload progress: 14%","data":{"soundId":"68b5dda742ac301f8a1858c0"}}
{"timestamp":"2025-09-01T17:53:44.421Z","level":"INFO","message":"Sound file upload progress: 14%","data":{"soundId":"68b5dda742ac301f8a1858c0"}}
{"timestamp":"2025-09-01T17:53:44.421Z","level":"INFO","message":"Sound file upload progress: 15%","data":{"soundId":"68b5dda742ac301f8a1858c0"}}
{"timestamp":"2025-09-01T17:53:44.421Z","level":"INFO","message":"Sound file upload progress: 15%","data":{"soundId":"68b5dda742ac301f8a1858c0"}}
{"timestamp":"2025-09-01T17:53:44.421Z","level":"INFO","message":"Sound file upload progress: 15%","data":{"soundId":"68b5dda742ac301f8a1858c0"}}
{"timestamp":"2025-09-01T17:53:44.421Z","level":"INFO","message":"Sound file upload progress: 15%","data":{"soundId":"68b5dda742ac301f8a1858c0"}}
{"timestamp":"2025-09-01T17:53:44.422Z","level":"INFO","message":"Sound file upload progress: 15%","data":{"soundId":"68b5dda742ac301f8a1858c0"}}
{"timestamp":"2025-09-01T17:53:44.422Z","level":"INFO","message":"Sound file upload progress: 15%","data":{"soundId":"68b5dda742ac301f8a1858c0"}}
{"timestamp":"2025-09-01T17:53:44.422Z","level":"INFO","message":"Sound file upload progress: 15%","data":{"soundId":"68b5dda742ac301f8a1858c0"}}
{"timestamp":"2025-09-01T17:53:44.422Z","level":"INFO","message":"Sound file upload progress: 15%","data":{"soundId":"68b5dda742ac301f8a1858c0"}}
{"timestamp":"2025-09-01T17:53:44.422Z","level":"INFO","message":"Sound file upload progress: 15%","data":{"soundId":"68b5dda742ac301f8a1858c0"}}
{"timestamp":"2025-09-01T17:53:44.422Z","level":"INFO","message":"Sound file upload progress: 16%","data":{"soundId":"68b5dda742ac301f8a1858c0"}}
{"timestamp":"2025-09-01T17:53:44.422Z","level":"INFO","message":"Sound file upload progress: 16%","data":{"soundId":"68b5dda742ac301f8a1858c0"}}
{"timestamp":"2025-09-01T17:53:44.422Z","level":"INFO","message":"Sound file upload progress: 16%","data":{"soundId":"68b5dda742ac301f8a1858c0"}}
{"timestamp":"2025-09-01T17:53:44.422Z","level":"INFO","message":"Sound file upload progress: 16%","data":{"soundId":"68b5dda742ac301f8a1858c0"}}
{"timestamp":"2025-09-01T17:53:44.422Z","level":"INFO","message":"Sound file upload progress: 16%","data":{"soundId":"68b5dda742ac301f8a1858c0"}}
{"timestamp":"2025-09-01T17:53:44.423Z","level":"INFO","message":"Sound file upload progress: 16%","data":{"soundId":"68b5dda742ac301f8a1858c0"}}
{"timestamp":"2025-09-01T17:53:44.423Z","level":"INFO","message":"Sound file upload progress: 16%","data":{"soundId":"68b5dda742ac301f8a1858c0"}}
{"timestamp":"2025-09-01T17:53:44.423Z","level":"INFO","message":"Sound file upload progress: 16%","data":{"soundId":"68b5dda742ac301f8a1858c0"}}
{"timestamp":"2025-09-01T17:53:44.423Z","level":"INFO","message":"Sound file upload progress: 16%","data":{"soundId":"68b5dda742ac301f8a1858c0"}}
{"timestamp":"2025-09-01T17:53:44.423Z","level":"INFO","message":"Sound file upload progress: 17%","data":{"soundId":"68b5dda742ac301f8a1858c0"}}
{"timestamp":"2025-09-01T17:53:44.423Z","level":"INFO","message":"Sound file upload progress: 17%","data":{"soundId":"68b5dda742ac301f8a1858c0"}}
{"timestamp":"2025-09-01T17:53:44.424Z","level":"INFO","message":"Sound file upload progress: 17%","data":{"soundId":"68b5dda742ac301f8a1858c0"}}
{"timestamp":"2025-09-01T17:53:44.424Z","level":"INFO","message":"Sound file upload progress: 17%","data":{"soundId":"68b5dda742ac301f8a1858c0"}}
{"timestamp":"2025-09-01T17:53:44.424Z","level":"INFO","message":"Sound file upload progress: 17%","data":{"soundId":"68b5dda742ac301f8a1858c0"}}
{"timestamp":"2025-09-01T17:53:44.424Z","level":"INFO","message":"Sound file upload progress: 17%","data":{"soundId":"68b5dda742ac301f8a1858c0"}}
{"timestamp":"2025-09-01T17:53:44.424Z","level":"INFO","message":"Sound file upload progress: 17%","data":{"soundId":"68b5dda742ac301f8a1858c0"}}
{"timestamp":"2025-09-01T17:53:44.424Z","level":"INFO","message":"Sound file upload progress: 17%","data":{"soundId":"68b5dda742ac301f8a1858c0"}}
{"timestamp":"2025-09-01T17:53:44.424Z","level":"INFO","message":"Sound file upload progress: 18%","data":{"soundId":"68b5dda742ac301f8a1858c0"}}
{"timestamp":"2025-09-01T17:53:44.424Z","level":"INFO","message":"Sound file upload progress: 18%","data":{"soundId":"68b5dda742ac301f8a1858c0"}}
{"timestamp":"2025-09-01T17:53:44.424Z","level":"INFO","message":"Sound file upload progress: 18%","data":{"soundId":"68b5dda742ac301f8a1858c0"}}
{"timestamp":"2025-09-01T17:53:44.424Z","level":"INFO","message":"Sound file upload progress: 18%","data":{"soundId":"68b5dda742ac301f8a1858c0"}}
{"timestamp":"2025-09-01T17:53:44.425Z","level":"INFO","message":"Sound file upload progress: 18%","data":{"soundId":"68b5dda742ac301f8a1858c0"}}
{"timestamp":"2025-09-01T17:53:44.425Z","level":"INFO","message":"Sound file upload progress: 18%","data":{"soundId":"68b5dda742ac301f8a1858c0"}}
{"timestamp":"2025-09-01T17:53:44.425Z","level":"INFO","message":"Sound file upload progress: 18%","data":{"soundId":"68b5dda742ac301f8a1858c0"}}
{"timestamp":"2025-09-01T17:53:44.425Z","level":"INFO","message":"Sound file upload progress: 18%","data":{"soundId":"68b5dda742ac301f8a1858c0"}}
{"timestamp":"2025-09-01T17:53:44.425Z","level":"INFO","message":"Sound file upload progress: 18%","data":{"soundId":"68b5dda742ac301f8a1858c0"}}
{"timestamp":"2025-09-01T17:53:44.425Z","level":"INFO","message":"Sound file upload progress: 19%","data":{"soundId":"68b5dda742ac301f8a1858c0"}}
{"timestamp":"2025-09-01T17:53:44.425Z","level":"INFO","message":"Sound file upload progress: 19%","data":{"soundId":"68b5dda742ac301f8a1858c0"}}
{"timestamp":"2025-09-01T17:53:44.425Z","level":"INFO","message":"Sound file upload progress: 19%","data":{"soundId":"68b5dda742ac301f8a1858c0"}}
{"timestamp":"2025-09-01T17:53:44.425Z","level":"INFO","message":"Sound file upload progress: 19%","data":{"soundId":"68b5dda742ac301f8a1858c0"}}
{"timestamp":"2025-09-01T17:53:44.425Z","level":"INFO","message":"Sound file upload progress: 19%","data":{"soundId":"68b5dda742ac301f8a1858c0"}}
{"timestamp":"2025-09-01T17:53:44.425Z","level":"INFO","message":"Sound file upload progress: 19%","data":{"soundId":"68b5dda742ac301f8a1858c0"}}
{"timestamp":"2025-09-01T17:53:44.425Z","level":"INFO","message":"Sound file upload progress: 19%","data":{"soundId":"68b5dda742ac301f8a1858c0"}}
{"timestamp":"2025-09-01T17:53:44.425Z","level":"INFO","message":"Sound file upload progress: 19%","data":{"soundId":"68b5dda742ac301f8a1858c0"}}
{"timestamp":"2025-09-01T17:53:44.426Z","level":"INFO","message":"Sound file upload progress: 19%","data":{"soundId":"68b5dda742ac301f8a1858c0"}}
{"timestamp":"2025-09-01T17:53:44.426Z","level":"INFO","message":"Sound file upload progress: 20%","data":{"soundId":"68b5dda742ac301f8a1858c0"}}
{"timestamp":"2025-09-01T17:53:44.426Z","level":"INFO","message":"Sound file upload progress: 20%","data":{"soundId":"68b5dda742ac301f8a1858c0"}}
{"timestamp":"2025-09-01T17:53:44.426Z","level":"INFO","message":"Sound file upload progress: 20%","data":{"soundId":"68b5dda742ac301f8a1858c0"}}
{"timestamp":"2025-09-01T17:53:44.426Z","level":"INFO","message":"Sound file upload progress: 20%","data":{"soundId":"68b5dda742ac301f8a1858c0"}}
{"timestamp":"2025-09-01T17:53:44.426Z","level":"INFO","message":"Sound file upload progress: 20%","data":{"soundId":"68b5dda742ac301f8a1858c0"}}
{"timestamp":"2025-09-01T17:53:44.426Z","level":"INFO","message":"Sound file upload progress: 20%","data":{"soundId":"68b5dda742ac301f8a1858c0"}}
{"timestamp":"2025-09-01T17:53:44.426Z","level":"INFO","message":"Sound file upload progress: 20%","data":{"soundId":"68b5dda742ac301f8a1858c0"}}
{"timestamp":"2025-09-01T17:53:44.426Z","level":"INFO","message":"Sound file upload progress: 20%","data":{"soundId":"68b5dda742ac301f8a1858c0"}}
{"timestamp":"2025-09-01T17:53:44.426Z","level":"INFO","message":"Sound file upload progress: 20%","data":{"soundId":"68b5dda742ac301f8a1858c0"}}
{"timestamp":"2025-09-01T17:53:44.427Z","level":"INFO","message":"Sound file upload progress: 21%","data":{"soundId":"68b5dda742ac301f8a1858c0"}}
{"timestamp":"2025-09-01T17:53:44.427Z","level":"INFO","message":"Sound file upload progress: 21%","data":{"soundId":"68b5dda742ac301f8a1858c0"}}
{"timestamp":"2025-09-01T17:53:44.427Z","level":"INFO","message":"Sound file upload progress: 21%","data":{"soundId":"68b5dda742ac301f8a1858c0"}}
{"timestamp":"2025-09-01T17:53:44.427Z","level":"INFO","message":"Sound file upload progress: 21%","data":{"soundId":"68b5dda742ac301f8a1858c0"}}
{"timestamp":"2025-09-01T17:53:44.427Z","level":"INFO","message":"Sound file upload progress: 21%","data":{"soundId":"68b5dda742ac301f8a1858c0"}}
{"timestamp":"2025-09-01T17:53:44.427Z","level":"INFO","message":"Sound file upload progress: 21%","data":{"soundId":"68b5dda742ac301f8a1858c0"}}
{"timestamp":"2025-09-01T17:53:44.428Z","level":"INFO","message":"Sound file upload progress: 21%","data":{"soundId":"68b5dda742ac301f8a1858c0"}}
{"timestamp":"2025-09-01T17:53:44.428Z","level":"INFO","message":"Sound file upload progress: 21%","data":{"soundId":"68b5dda742ac301f8a1858c0"}}
{"timestamp":"2025-09-01T17:53:44.428Z","level":"INFO","message":"Sound file upload progress: 21%","data":{"soundId":"68b5dda742ac301f8a1858c0"}}
{"timestamp":"2025-09-01T17:53:44.429Z","level":"INFO","message":"Sound file upload progress: 22%","data":{"soundId":"68b5dda742ac301f8a1858c0"}}
{"timestamp":"2025-09-01T17:53:44.429Z","level":"INFO","message":"Sound file upload progress: 22%","data":{"soundId":"68b5dda742ac301f8a1858c0"}}
{"timestamp":"2025-09-01T17:53:44.429Z","level":"INFO","message":"Sound file upload progress: 22%","data":{"soundId":"68b5dda742ac301f8a1858c0"}}
{"timestamp":"2025-09-01T17:53:44.430Z","level":"INFO","message":"Sound file upload progress: 22%","data":{"soundId":"68b5dda742ac301f8a1858c0"}}
{"timestamp":"2025-09-01T17:53:44.430Z","level":"INFO","message":"Sound file upload progress: 22%","data":{"soundId":"68b5dda742ac301f8a1858c0"}}
{"timestamp":"2025-09-01T17:53:44.430Z","level":"INFO","message":"Sound file upload progress: 22%","data":{"soundId":"68b5dda742ac301f8a1858c0"}}
{"timestamp":"2025-09-01T17:53:44.431Z","level":"INFO","message":"Sound file upload progress: 22%","data":{"soundId":"68b5dda742ac301f8a1858c0"}}
{"timestamp":"2025-09-01T17:53:44.431Z","level":"INFO","message":"Sound file upload progress: 22%","data":{"soundId":"68b5dda742ac301f8a1858c0"}}
{"timestamp":"2025-09-01T17:53:44.431Z","level":"INFO","message":"Sound file upload progress: 23%","data":{"soundId":"68b5dda742ac301f8a1858c0"}}
{"timestamp":"2025-09-01T17:53:44.431Z","level":"INFO","message":"Sound file upload progress: 23%","data":{"soundId":"68b5dda742ac301f8a1858c0"}}
{"timestamp":"2025-09-01T17:53:44.431Z","level":"INFO","message":"Sound file upload progress: 23%","data":{"soundId":"68b5dda742ac301f8a1858c0"}}
{"timestamp":"2025-09-01T17:53:44.432Z","level":"INFO","message":"Sound file upload progress: 23%","data":{"soundId":"68b5dda742ac301f8a1858c0"}}
{"timestamp":"2025-09-01T17:53:44.432Z","level":"INFO","message":"Sound file upload progress: 23%","data":{"soundId":"68b5dda742ac301f8a1858c0"}}
{"timestamp":"2025-09-01T17:53:44.432Z","level":"INFO","message":"Sound file upload progress: 23%","data":{"soundId":"68b5dda742ac301f8a1858c0"}}
{"timestamp":"2025-09-01T17:53:44.432Z","level":"INFO","message":"Sound file upload progress: 23%","data":{"soundId":"68b5dda742ac301f8a1858c0"}}
{"timestamp":"2025-09-01T17:53:44.432Z","level":"INFO","message":"Sound file upload progress: 23%","data":{"soundId":"68b5dda742ac301f8a1858c0"}}
{"timestamp":"2025-09-01T17:53:44.432Z","level":"INFO","message":"Sound file upload progress: 23%","data":{"soundId":"68b5dda742ac301f8a1858c0"}}
{"timestamp":"2025-09-01T17:53:44.433Z","level":"INFO","message":"Sound file upload progress: 24%","data":{"soundId":"68b5dda742ac301f8a1858c0"}}
{"timestamp":"2025-09-01T17:53:44.433Z","level":"INFO","message":"Sound file upload progress: 24%","data":{"soundId":"68b5dda742ac301f8a1858c0"}}
{"timestamp":"2025-09-01T17:53:44.433Z","level":"INFO","message":"Sound file upload progress: 24%","data":{"soundId":"68b5dda742ac301f8a1858c0"}}
{"timestamp":"2025-09-01T17:53:44.435Z","level":"INFO","message":"Sound file upload progress: 24%","data":{"soundId":"68b5dda742ac301f8a1858c0"}}
{"timestamp":"2025-09-01T17:53:44.436Z","level":"INFO","message":"Sound file upload progress: 24%","data":{"soundId":"68b5dda742ac301f8a1858c0"}}
{"timestamp":"2025-09-01T17:53:44.436Z","level":"INFO","message":"Sound file upload progress: 24%","data":{"soundId":"68b5dda742ac301f8a1858c0"}}
{"timestamp":"2025-09-01T17:53:44.436Z","level":"INFO","message":"Sound file upload progress: 24%","data":{"soundId":"68b5dda742ac301f8a1858c0"}}
{"timestamp":"2025-09-01T17:53:44.436Z","level":"INFO","message":"Sound file upload progress: 24%","data":{"soundId":"68b5dda742ac301f8a1858c0"}}
{"timestamp":"2025-09-01T17:53:44.436Z","level":"INFO","message":"Sound file upload progress: 24%","data":{"soundId":"68b5dda742ac301f8a1858c0"}}
{"timestamp":"2025-09-01T17:53:44.436Z","level":"INFO","message":"Sound file upload progress: 25%","data":{"soundId":"68b5dda742ac301f8a1858c0"}}
{"timestamp":"2025-09-01T17:53:44.436Z","level":"INFO","message":"Sound file upload progress: 25%","data":{"soundId":"68b5dda742ac301f8a1858c0"}}
{"timestamp":"2025-09-01T17:53:44.437Z","level":"INFO","message":"Sound file upload progress: 25%","data":{"soundId":"68b5dda742ac301f8a1858c0"}}
{"timestamp":"2025-09-01T17:53:44.437Z","level":"INFO","message":"Sound file upload progress: 25%","data":{"soundId":"68b5dda742ac301f8a1858c0"}}
{"timestamp":"2025-09-01T17:53:44.437Z","level":"INFO","message":"Sound file upload progress: 25%","data":{"soundId":"68b5dda742ac301f8a1858c0"}}
{"timestamp":"2025-09-01T17:53:44.437Z","level":"INFO","message":"Sound file upload progress: 25%","data":{"soundId":"68b5dda742ac301f8a1858c0"}}
{"timestamp":"2025-09-01T17:53:44.437Z","level":"INFO","message":"Sound file upload progress: 25%","data":{"soundId":"68b5dda742ac301f8a1858c0"}}
{"timestamp":"2025-09-01T17:53:44.437Z","level":"INFO","message":"Sound file upload progress: 25%","data":{"soundId":"68b5dda742ac301f8a1858c0"}}
{"timestamp":"2025-09-01T17:53:44.437Z","level":"INFO","message":"Sound file upload progress: 25%","data":{"soundId":"68b5dda742ac301f8a1858c0"}}
{"timestamp":"2025-09-01T17:53:44.437Z","level":"INFO","message":"Sound file upload progress: 26%","data":{"soundId":"68b5dda742ac301f8a1858c0"}}
{"timestamp":"2025-09-01T17:53:44.437Z","level":"INFO","message":"Sound file upload progress: 26%","data":{"soundId":"68b5dda742ac301f8a1858c0"}}
{"timestamp":"2025-09-01T17:53:44.437Z","level":"INFO","message":"Sound file upload progress: 26%","data":{"soundId":"68b5dda742ac301f8a1858c0"}}
{"timestamp":"2025-09-01T17:53:44.437Z","level":"INFO","message":"Sound file upload progress: 26%","data":{"soundId":"68b5dda742ac301f8a1858c0"}}
{"timestamp":"2025-09-01T17:53:44.438Z","level":"INFO","message":"Sound file upload progress: 26%","data":{"soundId":"68b5dda742ac301f8a1858c0"}}
{"timestamp":"2025-09-01T17:53:44.438Z","level":"INFO","message":"Sound file upload progress: 26%","data":{"soundId":"68b5dda742ac301f8a1858c0"}}
{"timestamp":"2025-09-01T17:53:44.438Z","level":"INFO","message":"Sound file upload progress: 26%","data":{"soundId":"68b5dda742ac301f8a1858c0"}}
{"timestamp":"2025-09-01T17:53:44.438Z","level":"INFO","message":"Sound file upload progress: 26%","data":{"soundId":"68b5dda742ac301f8a1858c0"}}
{"timestamp":"2025-09-01T17:53:44.438Z","level":"INFO","message":"Sound file upload progress: 26%","data":{"soundId":"68b5dda742ac301f8a1858c0"}}
{"timestamp":"2025-09-01T17:53:44.438Z","level":"INFO","message":"Sound file upload progress: 27%","data":{"soundId":"68b5dda742ac301f8a1858c0"}}
{"timestamp":"2025-09-01T17:53:44.438Z","level":"INFO","message":"Sound file upload progress: 27%","data":{"soundId":"68b5dda742ac301f8a1858c0"}}
{"timestamp":"2025-09-01T17:53:44.438Z","level":"INFO","message":"Sound file upload progress: 27%","data":{"soundId":"68b5dda742ac301f8a1858c0"}}
{"timestamp":"2025-09-01T17:53:44.438Z","level":"INFO","message":"Sound file upload progress: 27%","data":{"soundId":"68b5dda742ac301f8a1858c0"}}
{"timestamp":"2025-09-01T17:53:44.439Z","level":"INFO","message":"Sound file upload progress: 27%","data":{"soundId":"68b5dda742ac301f8a1858c0"}}
{"timestamp":"2025-09-01T17:53:44.439Z","level":"INFO","message":"Sound file upload progress: 27%","data":{"soundId":"68b5dda742ac301f8a1858c0"}}
{"timestamp":"2025-09-01T17:53:44.439Z","level":"INFO","message":"Sound file upload progress: 27%","data":{"soundId":"68b5dda742ac301f8a1858c0"}}
{"timestamp":"2025-09-01T17:53:44.439Z","level":"INFO","message":"Sound file upload progress: 27%","data":{"soundId":"68b5dda742ac301f8a1858c0"}}
{"timestamp":"2025-09-01T17:53:44.439Z","level":"INFO","message":"Sound file upload progress: 28%","data":{"soundId":"68b5dda742ac301f8a1858c0"}}
{"timestamp":"2025-09-01T17:53:44.439Z","level":"INFO","message":"Sound file upload progress: 28%","data":{"soundId":"68b5dda742ac301f8a1858c0"}}
{"timestamp":"2025-09-01T17:53:44.439Z","level":"INFO","message":"Sound file upload progress: 28%","data":{"soundId":"68b5dda742ac301f8a1858c0"}}
{"timestamp":"2025-09-01T17:53:44.439Z","level":"INFO","message":"Sound file upload progress: 28%","data":{"soundId":"68b5dda742ac301f8a1858c0"}}
{"timestamp":"2025-09-01T17:53:44.439Z","level":"INFO","message":"Sound file upload progress: 28%","data":{"soundId":"68b5dda742ac301f8a1858c0"}}
{"timestamp":"2025-09-01T17:53:44.439Z","level":"INFO","message":"Sound file upload progress: 28%","data":{"soundId":"68b5dda742ac301f8a1858c0"}}
{"timestamp":"2025-09-01T17:53:44.439Z","level":"INFO","message":"Sound file upload progress: 28%","data":{"soundId":"68b5dda742ac301f8a1858c0"}}
{"timestamp":"2025-09-01T17:53:44.440Z","level":"INFO","message":"Sound file upload progress: 28%","data":{"soundId":"68b5dda742ac301f8a1858c0"}}
{"timestamp":"2025-09-01T17:53:44.440Z","level":"INFO","message":"Sound file upload progress: 28%","data":{"soundId":"68b5dda742ac301f8a1858c0"}}
{"timestamp":"2025-09-01T17:53:44.440Z","level":"INFO","message":"Sound file upload progress: 29%","data":{"soundId":"68b5dda742ac301f8a1858c0"}}
{"timestamp":"2025-09-01T17:53:44.440Z","level":"INFO","message":"Sound file upload progress: 29%","data":{"soundId":"68b5dda742ac301f8a1858c0"}}
{"timestamp":"2025-09-01T17:53:44.440Z","level":"INFO","message":"Sound file upload progress: 29%","data":{"soundId":"68b5dda742ac301f8a1858c0"}}
{"timestamp":"2025-09-01T17:53:44.440Z","level":"INFO","message":"Sound file upload progress: 29%","data":{"soundId":"68b5dda742ac301f8a1858c0"}}
{"timestamp":"2025-09-01T17:53:44.440Z","level":"INFO","message":"Sound file upload progress: 29%","data":{"soundId":"68b5dda742ac301f8a1858c0"}}
{"timestamp":"2025-09-01T17:53:44.440Z","level":"INFO","message":"Sound file upload progress: 29%","data":{"soundId":"68b5dda742ac301f8a1858c0"}}
{"timestamp":"2025-09-01T17:53:44.440Z","level":"INFO","message":"Sound file upload progress: 29%","data":{"soundId":"68b5dda742ac301f8a1858c0"}}
{"timestamp":"2025-09-01T17:53:44.440Z","level":"INFO","message":"Sound file upload progress: 29%","data":{"soundId":"68b5dda742ac301f8a1858c0"}}
{"timestamp":"2025-09-01T17:53:44.440Z","level":"INFO","message":"Sound file upload progress: 29%","data":{"soundId":"68b5dda742ac301f8a1858c0"}}
{"timestamp":"2025-09-01T17:53:44.440Z","level":"INFO","message":"Sound file upload progress: 30%","data":{"soundId":"68b5dda742ac301f8a1858c0"}}
{"timestamp":"2025-09-01T17:53:44.440Z","level":"INFO","message":"Sound file upload progress: 30%","data":{"soundId":"68b5dda742ac301f8a1858c0"}}
{"timestamp":"2025-09-01T17:53:44.441Z","level":"INFO","message":"Sound file upload progress: 30%","data":{"soundId":"68b5dda742ac301f8a1858c0"}}
{"timestamp":"2025-09-01T17:53:44.441Z","level":"INFO","message":"Sound file upload progress: 30%","data":{"soundId":"68b5dda742ac301f8a1858c0"}}
{"timestamp":"2025-09-01T17:53:44.441Z","level":"INFO","message":"Sound file upload progress: 30%","data":{"soundId":"68b5dda742ac301f8a1858c0"}}
{"timestamp":"2025-09-01T17:53:44.441Z","level":"INFO","message":"Sound file upload progress: 30%","data":{"soundId":"68b5dda742ac301f8a1858c0"}}
{"timestamp":"2025-09-01T17:53:44.441Z","level":"INFO","message":"Sound file upload progress: 30%","data":{"soundId":"68b5dda742ac301f8a1858c0"}}
{"timestamp":"2025-09-01T17:53:44.441Z","level":"INFO","message":"Sound file upload progress: 30%","data":{"soundId":"68b5dda742ac301f8a1858c0"}}
{"timestamp":"2025-09-01T17:53:44.441Z","level":"INFO","message":"Sound file upload progress: 30%","data":{"soundId":"68b5dda742ac301f8a1858c0"}}
{"timestamp":"2025-09-01T17:53:44.441Z","level":"INFO","message":"Sound file upload progress: 31%","data":{"soundId":"68b5dda742ac301f8a1858c0"}}
{"timestamp":"2025-09-01T17:53:44.441Z","level":"INFO","message":"Sound file upload progress: 31%","data":{"soundId":"68b5dda742ac301f8a1858c0"}}
{"timestamp":"2025-09-01T17:53:44.441Z","level":"INFO","message":"Sound file upload progress: 31%","data":{"soundId":"68b5dda742ac301f8a1858c0"}}
{"timestamp":"2025-09-01T17:53:44.441Z","level":"INFO","message":"Sound file upload progress: 31%","data":{"soundId":"68b5dda742ac301f8a1858c0"}}
{"timestamp":"2025-09-01T17:53:44.442Z","level":"INFO","message":"Sound file upload progress: 31%","data":{"soundId":"68b5dda742ac301f8a1858c0"}}
{"timestamp":"2025-09-01T17:53:44.442Z","level":"INFO","message":"Sound file upload progress: 31%","data":{"soundId":"68b5dda742ac301f8a1858c0"}}
{"timestamp":"2025-09-01T17:53:44.442Z","level":"INFO","message":"Sound file upload progress: 31%","data":{"soundId":"68b5dda742ac301f8a1858c0"}}
{"timestamp":"2025-09-01T17:53:44.442Z","level":"INFO","message":"Sound file upload progress: 31%","data":{"soundId":"68b5dda742ac301f8a1858c0"}}
{"timestamp":"2025-09-01T17:53:44.442Z","level":"INFO","message":"Sound file upload progress: 32%","data":{"soundId":"68b5dda742ac301f8a1858c0"}}
{"timestamp":"2025-09-01T17:53:44.442Z","level":"INFO","message":"Sound file upload progress: 32%","data":{"soundId":"68b5dda742ac301f8a1858c0"}}
{"timestamp":"2025-09-01T17:53:44.442Z","level":"INFO","message":"Sound file upload progress: 32%","data":{"soundId":"68b5dda742ac301f8a1858c0"}}
{"timestamp":"2025-09-01T17:53:44.442Z","level":"INFO","message":"Sound file upload progress: 32%","data":{"soundId":"68b5dda742ac301f8a1858c0"}}
{"timestamp":"2025-09-01T17:53:44.442Z","level":"INFO","message":"Sound file upload progress: 32%","data":{"soundId":"68b5dda742ac301f8a1858c0"}}
{"timestamp":"2025-09-01T17:53:44.442Z","level":"INFO","message":"Sound file upload progress: 32%","data":{"soundId":"68b5dda742ac301f8a1858c0"}}
{"timestamp":"2025-09-01T17:53:44.442Z","level":"INFO","message":"Sound file upload progress: 32%","data":{"soundId":"68b5dda742ac301f8a1858c0"}}
{"timestamp":"2025-09-01T17:53:44.442Z","level":"INFO","message":"Sound file upload progress: 32%","data":{"soundId":"68b5dda742ac301f8a1858c0"}}
{"timestamp":"2025-09-01T17:53:44.442Z","level":"INFO","message":"Sound file upload progress: 32%","data":{"soundId":"68b5dda742ac301f8a1858c0"}}
{"timestamp":"2025-09-01T17:53:44.442Z","level":"INFO","message":"Sound file upload progress: 33%","data":{"soundId":"68b5dda742ac301f8a1858c0"}}
{"timestamp":"2025-09-01T17:53:44.443Z","level":"INFO","message":"Sound file upload progress: 33%","data":{"soundId":"68b5dda742ac301f8a1858c0"}}
{"timestamp":"2025-09-01T17:53:44.443Z","level":"INFO","message":"Sound file upload progress: 33%","data":{"soundId":"68b5dda742ac301f8a1858c0"}}
{"timestamp":"2025-09-01T17:53:44.443Z","level":"INFO","message":"Sound file upload progress: 33%","data":{"soundId":"68b5dda742ac301f8a1858c0"}}
{"timestamp":"2025-09-01T17:53:44.443Z","level":"INFO","message":"Sound file upload progress: 33%","data":{"soundId":"68b5dda742ac301f8a1858c0"}}
{"timestamp":"2025-09-01T17:53:44.443Z","level":"INFO","message":"Sound file upload progress: 33%","data":{"soundId":"68b5dda742ac301f8a1858c0"}}
{"timestamp":"2025-09-01T17:53:44.443Z","level":"INFO","message":"Sound file upload progress: 33%","data":{"soundId":"68b5dda742ac301f8a1858c0"}}
{"timestamp":"2025-09-01T17:53:44.443Z","level":"INFO","message":"Sound file upload progress: 33%","data":{"soundId":"68b5dda742ac301f8a1858c0"}}
{"timestamp":"2025-09-01T17:53:44.444Z","level":"INFO","message":"Sound file upload progress: 33%","data":{"soundId":"68b5dda742ac301f8a1858c0"}}
{"timestamp":"2025-09-01T17:53:44.444Z","level":"INFO","message":"Sound file upload progress: 34%","data":{"soundId":"68b5dda742ac301f8a1858c0"}}
{"timestamp":"2025-09-01T17:53:44.444Z","level":"INFO","message":"Sound file upload progress: 34%","data":{"soundId":"68b5dda742ac301f8a1858c0"}}
{"timestamp":"2025-09-01T17:53:44.444Z","level":"INFO","message":"Sound file upload progress: 34%","data":{"soundId":"68b5dda742ac301f8a1858c0"}}
{"timestamp":"2025-09-01T17:53:44.444Z","level":"INFO","message":"Sound file upload progress: 34%","data":{"soundId":"68b5dda742ac301f8a1858c0"}}
{"timestamp":"2025-09-01T17:53:44.444Z","level":"INFO","message":"Sound file upload progress: 34%","data":{"soundId":"68b5dda742ac301f8a1858c0"}}
{"timestamp":"2025-09-01T17:53:44.444Z","level":"INFO","message":"Sound file upload progress: 34%","data":{"soundId":"68b5dda742ac301f8a1858c0"}}
{"timestamp":"2025-09-01T17:53:44.444Z","level":"INFO","message":"Sound file upload progress: 34%","data":{"soundId":"68b5dda742ac301f8a1858c0"}}
{"timestamp":"2025-09-01T17:53:44.444Z","level":"INFO","message":"Sound file upload progress: 34%","data":{"soundId":"68b5dda742ac301f8a1858c0"}}
{"timestamp":"2025-09-01T17:53:44.444Z","level":"INFO","message":"Sound file upload progress: 34%","data":{"soundId":"68b5dda742ac301f8a1858c0"}}
{"timestamp":"2025-09-01T17:53:44.445Z","level":"INFO","message":"Sound file upload progress: 35%","data":{"soundId":"68b5dda742ac301f8a1858c0"}}
{"timestamp":"2025-09-01T17:53:44.445Z","level":"INFO","message":"Sound file upload progress: 35%","data":{"soundId":"68b5dda742ac301f8a1858c0"}}
{"timestamp":"2025-09-01T17:53:44.445Z","level":"INFO","message":"Sound file upload progress: 35%","data":{"soundId":"68b5dda742ac301f8a1858c0"}}
{"timestamp":"2025-09-01T17:53:44.445Z","level":"INFO","message":"Sound file upload progress: 35%","data":{"soundId":"68b5dda742ac301f8a1858c0"}}
{"timestamp":"2025-09-01T17:53:44.445Z","level":"INFO","message":"Sound file upload progress: 35%","data":{"soundId":"68b5dda742ac301f8a1858c0"}}
{"timestamp":"2025-09-01T17:53:44.445Z","level":"INFO","message":"Sound file upload progress: 35%","data":{"soundId":"68b5dda742ac301f8a1858c0"}}
{"timestamp":"2025-09-01T17:53:44.445Z","level":"INFO","message":"Sound file upload progress: 35%","data":{"soundId":"68b5dda742ac301f8a1858c0"}}
{"timestamp":"2025-09-01T17:53:44.445Z","level":"INFO","message":"Sound file upload progress: 35%","data":{"soundId":"68b5dda742ac301f8a1858c0"}}
{"timestamp":"2025-09-01T17:53:44.445Z","level":"INFO","message":"Sound file upload progress: 35%","data":{"soundId":"68b5dda742ac301f8a1858c0"}}
{"timestamp":"2025-09-01T17:53:44.445Z","level":"INFO","message":"Sound file upload progress: 36%","data":{"soundId":"68b5dda742ac301f8a1858c0"}}
{"timestamp":"2025-09-01T17:53:44.445Z","level":"INFO","message":"Sound file upload progress: 36%","data":{"soundId":"68b5dda742ac301f8a1858c0"}}
{"timestamp":"2025-09-01T17:53:44.445Z","level":"INFO","message":"Sound file upload progress: 36%","data":{"soundId":"68b5dda742ac301f8a1858c0"}}
{"timestamp":"2025-09-01T17:53:44.446Z","level":"INFO","message":"Sound file upload progress: 36%","data":{"soundId":"68b5dda742ac301f8a1858c0"}}
{"timestamp":"2025-09-01T17:53:44.446Z","level":"INFO","message":"Sound file upload progress: 36%","data":{"soundId":"68b5dda742ac301f8a1858c0"}}
{"timestamp":"2025-09-01T17:53:44.446Z","level":"INFO","message":"Sound file upload progress: 36%","data":{"soundId":"68b5dda742ac301f8a1858c0"}}
{"timestamp":"2025-09-01T17:53:44.446Z","level":"INFO","message":"Sound file upload progress: 36%","data":{"soundId":"68b5dda742ac301f8a1858c0"}}
{"timestamp":"2025-09-01T17:53:44.446Z","level":"INFO","message":"Sound file upload progress: 36%","data":{"soundId":"68b5dda742ac301f8a1858c0"}}
{"timestamp":"2025-09-01T17:53:44.446Z","level":"INFO","message":"Sound file upload progress: 37%","data":{"soundId":"68b5dda742ac301f8a1858c0"}}
{"timestamp":"2025-09-01T17:53:44.446Z","level":"INFO","message":"Sound file upload progress: 37%","data":{"soundId":"68b5dda742ac301f8a1858c0"}}
{"timestamp":"2025-09-01T17:53:44.446Z","level":"INFO","message":"Sound file upload progress: 37%","data":{"soundId":"68b5dda742ac301f8a1858c0"}}
{"timestamp":"2025-09-01T17:53:44.446Z","level":"INFO","message":"Sound file upload progress: 37%","data":{"soundId":"68b5dda742ac301f8a1858c0"}}
{"timestamp":"2025-09-01T17:53:44.446Z","level":"INFO","message":"Sound file upload progress: 37%","data":{"soundId":"68b5dda742ac301f8a1858c0"}}
{"timestamp":"2025-09-01T17:53:44.446Z","level":"INFO","message":"Sound file upload progress: 37%","data":{"soundId":"68b5dda742ac301f8a1858c0"}}
{"timestamp":"2025-09-01T17:53:44.446Z","level":"INFO","message":"Sound file upload progress: 37%","data":{"soundId":"68b5dda742ac301f8a1858c0"}}
{"timestamp":"2025-09-01T17:53:44.446Z","level":"INFO","message":"Sound file upload progress: 37%","data":{"soundId":"68b5dda742ac301f8a1858c0"}}
{"timestamp":"2025-09-01T17:53:44.447Z","level":"INFO","message":"Sound file upload progress: 37%","data":{"soundId":"68b5dda742ac301f8a1858c0"}}
{"timestamp":"2025-09-01T17:53:44.447Z","level":"INFO","message":"Sound file upload progress: 38%","data":{"soundId":"68b5dda742ac301f8a1858c0"}}
{"timestamp":"2025-09-01T17:53:44.447Z","level":"INFO","message":"Sound file upload progress: 38%","data":{"soundId":"68b5dda742ac301f8a1858c0"}}
{"timestamp":"2025-09-01T17:53:44.447Z","level":"INFO","message":"Sound file upload progress: 38%","data":{"soundId":"68b5dda742ac301f8a1858c0"}}
{"timestamp":"2025-09-01T17:53:44.447Z","level":"INFO","message":"Sound file upload progress: 38%","data":{"soundId":"68b5dda742ac301f8a1858c0"}}
{"timestamp":"2025-09-01T17:53:44.447Z","level":"INFO","message":"Sound file upload progress: 38%","data":{"soundId":"68b5dda742ac301f8a1858c0"}}
{"timestamp":"2025-09-01T17:53:44.447Z","level":"INFO","message":"Sound file upload progress: 38%","data":{"soundId":"68b5dda742ac301f8a1858c0"}}
{"timestamp":"2025-09-01T17:53:44.447Z","level":"INFO","message":"Sound file upload progress: 38%","data":{"soundId":"68b5dda742ac301f8a1858c0"}}
{"timestamp":"2025-09-01T17:53:44.447Z","level":"INFO","message":"Sound file upload progress: 38%","data":{"soundId":"68b5dda742ac301f8a1858c0"}}
{"timestamp":"2025-09-01T17:53:44.447Z","level":"INFO","message":"Sound file upload progress: 38%","data":{"soundId":"68b5dda742ac301f8a1858c0"}}
{"timestamp":"2025-09-01T17:53:44.447Z","level":"INFO","message":"Sound file upload progress: 39%","data":{"soundId":"68b5dda742ac301f8a1858c0"}}
{"timestamp":"2025-09-01T17:53:44.448Z","level":"INFO","message":"Sound file upload progress: 39%","data":{"soundId":"68b5dda742ac301f8a1858c0"}}
{"timestamp":"2025-09-01T17:53:44.448Z","level":"INFO","message":"Sound file upload progress: 39%","data":{"soundId":"68b5dda742ac301f8a1858c0"}}
{"timestamp":"2025-09-01T17:53:44.448Z","level":"INFO","message":"Sound file upload progress: 39%","data":{"soundId":"68b5dda742ac301f8a1858c0"}}
{"timestamp":"2025-09-01T17:53:44.449Z","level":"INFO","message":"Sound file upload progress: 39%","data":{"soundId":"68b5dda742ac301f8a1858c0"}}
{"timestamp":"2025-09-01T17:53:44.449Z","level":"INFO","message":"Sound file upload progress: 39%","data":{"soundId":"68b5dda742ac301f8a1858c0"}}
{"timestamp":"2025-09-01T17:53:44.449Z","level":"INFO","message":"Sound file upload progress: 39%","data":{"soundId":"68b5dda742ac301f8a1858c0"}}
{"timestamp":"2025-09-01T17:53:44.449Z","level":"INFO","message":"Sound file upload progress: 39%","data":{"soundId":"68b5dda742ac301f8a1858c0"}}
{"timestamp":"2025-09-01T17:53:44.450Z","level":"INFO","message":"Sound file upload progress: 39%","data":{"soundId":"68b5dda742ac301f8a1858c0"}}
{"timestamp":"2025-09-01T17:53:44.450Z","level":"INFO","message":"Sound file upload progress: 40%","data":{"soundId":"68b5dda742ac301f8a1858c0"}}
{"timestamp":"2025-09-01T17:53:44.450Z","level":"INFO","message":"Sound file upload progress: 40%","data":{"soundId":"68b5dda742ac301f8a1858c0"}}
{"timestamp":"2025-09-01T17:53:44.450Z","level":"INFO","message":"Sound file upload progress: 40%","data":{"soundId":"68b5dda742ac301f8a1858c0"}}
{"timestamp":"2025-09-01T17:53:44.450Z","level":"INFO","message":"Sound file upload progress: 40%","data":{"soundId":"68b5dda742ac301f8a1858c0"}}
{"timestamp":"2025-09-01T17:53:44.451Z","level":"INFO","message":"Sound file upload progress: 40%","data":{"soundId":"68b5dda742ac301f8a1858c0"}}
{"timestamp":"2025-09-01T17:53:44.451Z","level":"INFO","message":"Sound file upload progress: 40%","data":{"soundId":"68b5dda742ac301f8a1858c0"}}
{"timestamp":"2025-09-01T17:53:44.451Z","level":"INFO","message":"Sound file upload progress: 40%","data":{"soundId":"68b5dda742ac301f8a1858c0"}}
{"timestamp":"2025-09-01T17:53:44.451Z","level":"INFO","message":"Sound file upload progress: 40%","data":{"soundId":"68b5dda742ac301f8a1858c0"}}
{"timestamp":"2025-09-01T17:53:44.451Z","level":"INFO","message":"Sound file upload progress: 40%","data":{"soundId":"68b5dda742ac301f8a1858c0"}}
{"timestamp":"2025-09-01T17:53:44.451Z","level":"INFO","message":"Sound file upload progress: 41%","data":{"soundId":"68b5dda742ac301f8a1858c0"}}
{"timestamp":"2025-09-01T17:53:44.452Z","level":"INFO","message":"Sound file upload progress: 41%","data":{"soundId":"68b5dda742ac301f8a1858c0"}}
{"timestamp":"2025-09-01T17:53:44.452Z","level":"INFO","message":"Sound file upload progress: 41%","data":{"soundId":"68b5dda742ac301f8a1858c0"}}
{"timestamp":"2025-09-01T17:53:44.452Z","level":"INFO","message":"Sound file upload progress: 41%","data":{"soundId":"68b5dda742ac301f8a1858c0"}}
{"timestamp":"2025-09-01T17:53:44.452Z","level":"INFO","message":"Sound file upload progress: 41%","data":{"soundId":"68b5dda742ac301f8a1858c0"}}
{"timestamp":"2025-09-01T17:53:44.453Z","level":"INFO","message":"Sound file upload progress: 41%","data":{"soundId":"68b5dda742ac301f8a1858c0"}}
{"timestamp":"2025-09-01T17:53:44.453Z","level":"INFO","message":"Sound file upload progress: 41%","data":{"soundId":"68b5dda742ac301f8a1858c0"}}
{"timestamp":"2025-09-01T17:53:44.453Z","level":"INFO","message":"Sound file upload progress: 41%","data":{"soundId":"68b5dda742ac301f8a1858c0"}}
{"timestamp":"2025-09-01T17:53:44.453Z","level":"INFO","message":"Sound file upload progress: 42%","data":{"soundId":"68b5dda742ac301f8a1858c0"}}
{"timestamp":"2025-09-01T17:53:44.454Z","level":"INFO","message":"Sound file upload progress: 42%","data":{"soundId":"68b5dda742ac301f8a1858c0"}}
{"timestamp":"2025-09-01T17:53:44.454Z","level":"INFO","message":"Sound file upload progress: 42%","data":{"soundId":"68b5dda742ac301f8a1858c0"}}
{"timestamp":"2025-09-01T17:53:44.456Z","level":"INFO","message":"Sound file upload progress: 42%","data":{"soundId":"68b5dda742ac301f8a1858c0"}}
{"timestamp":"2025-09-01T17:53:44.457Z","level":"INFO","message":"Sound file upload progress: 42%","data":{"soundId":"68b5dda742ac301f8a1858c0"}}
{"timestamp":"2025-09-01T17:53:44.458Z","level":"INFO","message":"Sound file upload progress: 42%","data":{"soundId":"68b5dda742ac301f8a1858c0"}}
{"timestamp":"2025-09-01T17:53:44.458Z","level":"INFO","message":"Sound file upload progress: 42%","data":{"soundId":"68b5dda742ac301f8a1858c0"}}
{"timestamp":"2025-09-01T17:53:44.458Z","level":"INFO","message":"Sound file upload progress: 42%","data":{"soundId":"68b5dda742ac301f8a1858c0"}}
{"timestamp":"2025-09-01T17:53:44.459Z","level":"INFO","message":"Sound file upload progress: 42%","data":{"soundId":"68b5dda742ac301f8a1858c0"}}
{"timestamp":"2025-09-01T17:53:44.459Z","level":"INFO","message":"Sound file upload progress: 43%","data":{"soundId":"68b5dda742ac301f8a1858c0"}}
{"timestamp":"2025-09-01T17:53:44.459Z","level":"INFO","message":"Sound file upload progress: 43%","data":{"soundId":"68b5dda742ac301f8a1858c0"}}
{"timestamp":"2025-09-01T17:53:44.459Z","level":"INFO","message":"Sound file upload progress: 43%","data":{"soundId":"68b5dda742ac301f8a1858c0"}}
{"timestamp":"2025-09-01T17:53:44.459Z","level":"INFO","message":"Sound file upload progress: 43%","data":{"soundId":"68b5dda742ac301f8a1858c0"}}
{"timestamp":"2025-09-01T17:53:44.459Z","level":"INFO","message":"Sound file upload progress: 43%","data":{"soundId":"68b5dda742ac301f8a1858c0"}}
{"timestamp":"2025-09-01T17:53:44.460Z","level":"INFO","message":"Sound file upload progress: 43%","data":{"soundId":"68b5dda742ac301f8a1858c0"}}
{"timestamp":"2025-09-01T17:53:44.460Z","level":"INFO","message":"Sound file upload progress: 43%","data":{"soundId":"68b5dda742ac301f8a1858c0"}}
{"timestamp":"2025-09-01T17:53:44.460Z","level":"INFO","message":"Sound file upload progress: 43%","data":{"soundId":"68b5dda742ac301f8a1858c0"}}
{"timestamp":"2025-09-01T17:53:44.460Z","level":"INFO","message":"Sound file upload progress: 43%","data":{"soundId":"68b5dda742ac301f8a1858c0"}}
{"timestamp":"2025-09-01T17:53:44.460Z","level":"INFO","message":"Sound file upload progress: 44%","data":{"soundId":"68b5dda742ac301f8a1858c0"}}
{"timestamp":"2025-09-01T17:53:44.460Z","level":"INFO","message":"Sound file upload progress: 44%","data":{"soundId":"68b5dda742ac301f8a1858c0"}}
{"timestamp":"2025-09-01T17:53:44.460Z","level":"INFO","message":"Sound file upload progress: 44%","data":{"soundId":"68b5dda742ac301f8a1858c0"}}
{"timestamp":"2025-09-01T17:53:44.460Z","level":"INFO","message":"Sound file upload progress: 44%","data":{"soundId":"68b5dda742ac301f8a1858c0"}}
{"timestamp":"2025-09-01T17:53:44.460Z","level":"INFO","message":"Sound file upload progress: 44%","data":{"soundId":"68b5dda742ac301f8a1858c0"}}
{"timestamp":"2025-09-01T17:53:44.460Z","level":"INFO","message":"Sound file upload progress: 44%","data":{"soundId":"68b5dda742ac301f8a1858c0"}}
{"timestamp":"2025-09-01T17:53:44.460Z","level":"INFO","message":"Sound file upload progress: 44%","data":{"soundId":"68b5dda742ac301f8a1858c0"}}
{"timestamp":"2025-09-01T17:53:44.460Z","level":"INFO","message":"Sound file upload progress: 44%","data":{"soundId":"68b5dda742ac301f8a1858c0"}}
{"timestamp":"2025-09-01T17:53:44.461Z","level":"INFO","message":"Sound file upload progress: 44%","data":{"soundId":"68b5dda742ac301f8a1858c0"}}
{"timestamp":"2025-09-01T17:53:44.461Z","level":"INFO","message":"Sound file upload progress: 45%","data":{"soundId":"68b5dda742ac301f8a1858c0"}}
{"timestamp":"2025-09-01T17:53:44.461Z","level":"INFO","message":"Sound file upload progress: 45%","data":{"soundId":"68b5dda742ac301f8a1858c0"}}
{"timestamp":"2025-09-01T17:53:44.461Z","level":"INFO","message":"Sound file upload progress: 45%","data":{"soundId":"68b5dda742ac301f8a1858c0"}}
{"timestamp":"2025-09-01T17:53:44.461Z","level":"INFO","message":"Sound file upload progress: 45%","data":{"soundId":"68b5dda742ac301f8a1858c0"}}
{"timestamp":"2025-09-01T17:53:44.461Z","level":"INFO","message":"Sound file upload progress: 45%","data":{"soundId":"68b5dda742ac301f8a1858c0"}}
{"timestamp":"2025-09-01T17:53:44.461Z","level":"INFO","message":"Sound file upload progress: 45%","data":{"soundId":"68b5dda742ac301f8a1858c0"}}
{"timestamp":"2025-09-01T17:53:44.461Z","level":"INFO","message":"Sound file upload progress: 45%","data":{"soundId":"68b5dda742ac301f8a1858c0"}}
{"timestamp":"2025-09-01T17:53:44.461Z","level":"INFO","message":"Sound file upload progress: 45%","data":{"soundId":"68b5dda742ac301f8a1858c0"}}
{"timestamp":"2025-09-01T17:53:44.461Z","level":"INFO","message":"Sound file upload progress: 45%","data":{"soundId":"68b5dda742ac301f8a1858c0"}}
{"timestamp":"2025-09-01T17:53:44.461Z","level":"INFO","message":"Sound file upload progress: 46%","data":{"soundId":"68b5dda742ac301f8a1858c0"}}
{"timestamp":"2025-09-01T17:53:44.461Z","level":"INFO","message":"Sound file upload progress: 46%","data":{"soundId":"68b5dda742ac301f8a1858c0"}}
{"timestamp":"2025-09-01T17:53:44.462Z","level":"INFO","message":"Sound file upload progress: 46%","data":{"soundId":"68b5dda742ac301f8a1858c0"}}
{"timestamp":"2025-09-01T17:53:44.462Z","level":"INFO","message":"Sound file upload progress: 46%","data":{"soundId":"68b5dda742ac301f8a1858c0"}}
{"timestamp":"2025-09-01T17:53:44.462Z","level":"INFO","message":"Sound file upload progress: 46%","data":{"soundId":"68b5dda742ac301f8a1858c0"}}
{"timestamp":"2025-09-01T17:53:44.462Z","level":"INFO","message":"Sound file upload progress: 46%","data":{"soundId":"68b5dda742ac301f8a1858c0"}}
{"timestamp":"2025-09-01T17:53:44.462Z","level":"INFO","message":"Sound file upload progress: 46%","data":{"soundId":"68b5dda742ac301f8a1858c0"}}
{"timestamp":"2025-09-01T17:53:44.462Z","level":"INFO","message":"Sound file upload progress: 46%","data":{"soundId":"68b5dda742ac301f8a1858c0"}}
{"timestamp":"2025-09-01T17:53:44.462Z","level":"INFO","message":"Sound file upload progress: 47%","data":{"soundId":"68b5dda742ac301f8a1858c0"}}
{"timestamp":"2025-09-01T17:53:44.462Z","level":"INFO","message":"Sound file upload progress: 47%","data":{"soundId":"68b5dda742ac301f8a1858c0"}}
{"timestamp":"2025-09-01T17:53:44.462Z","level":"INFO","message":"Sound file upload progress: 47%","data":{"soundId":"68b5dda742ac301f8a1858c0"}}
{"timestamp":"2025-09-01T17:53:44.462Z","level":"INFO","message":"Sound file upload progress: 47%","data":{"soundId":"68b5dda742ac301f8a1858c0"}}
{"timestamp":"2025-09-01T17:53:44.463Z","level":"INFO","message":"Sound file upload progress: 47%","data":{"soundId":"68b5dda742ac301f8a1858c0"}}
{"timestamp":"2025-09-01T17:53:44.463Z","level":"INFO","message":"Sound file upload progress: 47%","data":{"soundId":"68b5dda742ac301f8a1858c0"}}
{"timestamp":"2025-09-01T17:53:44.463Z","level":"INFO","message":"Sound file upload progress: 47%","data":{"soundId":"68b5dda742ac301f8a1858c0"}}
{"timestamp":"2025-09-01T17:53:44.463Z","level":"INFO","message":"Sound file upload progress: 47%","data":{"soundId":"68b5dda742ac301f8a1858c0"}}
{"timestamp":"2025-09-01T17:53:44.463Z","level":"INFO","message":"Sound file upload progress: 47%","data":{"soundId":"68b5dda742ac301f8a1858c0"}}
{"timestamp":"2025-09-01T17:53:44.463Z","level":"INFO","message":"Sound file upload progress: 48%","data":{"soundId":"68b5dda742ac301f8a1858c0"}}
{"timestamp":"2025-09-01T17:53:44.463Z","level":"INFO","message":"Sound file upload progress: 48%","data":{"soundId":"68b5dda742ac301f8a1858c0"}}
{"timestamp":"2025-09-01T17:53:44.463Z","level":"INFO","message":"Sound file upload progress: 48%","data":{"soundId":"68b5dda742ac301f8a1858c0"}}
{"timestamp":"2025-09-01T17:53:44.463Z","level":"INFO","message":"Sound file upload progress: 48%","data":{"soundId":"68b5dda742ac301f8a1858c0"}}
{"timestamp":"2025-09-01T17:53:44.464Z","level":"INFO","message":"Sound file upload progress: 48%","data":{"soundId":"68b5dda742ac301f8a1858c0"}}
{"timestamp":"2025-09-01T17:53:44.464Z","level":"INFO","message":"Sound file upload progress: 48%","data":{"soundId":"68b5dda742ac301f8a1858c0"}}
{"timestamp":"2025-09-01T17:53:44.464Z","level":"INFO","message":"Sound file upload progress: 48%","data":{"soundId":"68b5dda742ac301f8a1858c0"}}
{"timestamp":"2025-09-01T17:53:44.464Z","level":"INFO","message":"Sound file upload progress: 48%","data":{"soundId":"68b5dda742ac301f8a1858c0"}}
{"timestamp":"2025-09-01T17:53:44.464Z","level":"INFO","message":"Sound file upload progress: 48%","data":{"soundId":"68b5dda742ac301f8a1858c0"}}
{"timestamp":"2025-09-01T17:53:44.464Z","level":"INFO","message":"Sound file upload progress: 49%","data":{"soundId":"68b5dda742ac301f8a1858c0"}}
{"timestamp":"2025-09-01T17:53:44.464Z","level":"INFO","message":"Sound file upload progress: 49%","data":{"soundId":"68b5dda742ac301f8a1858c0"}}
{"timestamp":"2025-09-01T17:53:44.464Z","level":"INFO","message":"Sound file upload progress: 49%","data":{"soundId":"68b5dda742ac301f8a1858c0"}}
{"timestamp":"2025-09-01T17:53:44.464Z","level":"INFO","message":"Sound file upload progress: 49%","data":{"soundId":"68b5dda742ac301f8a1858c0"}}
{"timestamp":"2025-09-01T17:53:44.464Z","level":"INFO","message":"Sound file upload progress: 49%","data":{"soundId":"68b5dda742ac301f8a1858c0"}}
{"timestamp":"2025-09-01T17:53:44.464Z","level":"INFO","message":"Sound file upload progress: 49%","data":{"soundId":"68b5dda742ac301f8a1858c0"}}
{"timestamp":"2025-09-01T17:53:44.464Z","level":"INFO","message":"Sound file upload progress: 49%","data":{"soundId":"68b5dda742ac301f8a1858c0"}}
{"timestamp":"2025-09-01T17:53:44.464Z","level":"INFO","message":"Sound file upload progress: 49%","data":{"soundId":"68b5dda742ac301f8a1858c0"}}
{"timestamp":"2025-09-01T17:53:44.464Z","level":"INFO","message":"Sound file upload progress: 49%","data":{"soundId":"68b5dda742ac301f8a1858c0"}}
{"timestamp":"2025-09-01T17:53:44.465Z","level":"INFO","message":"Sound file upload progress: 50%","data":{"soundId":"68b5dda742ac301f8a1858c0"}}
{"timestamp":"2025-09-01T17:53:44.465Z","level":"INFO","message":"Sound file upload progress: 50%","data":{"soundId":"68b5dda742ac301f8a1858c0"}}
{"timestamp":"2025-09-01T17:53:44.465Z","level":"INFO","message":"Sound file upload progress: 50%","data":{"soundId":"68b5dda742ac301f8a1858c0"}}
{"timestamp":"2025-09-01T17:53:44.465Z","level":"INFO","message":"Sound file upload progress: 50%","data":{"soundId":"68b5dda742ac301f8a1858c0"}}
{"timestamp":"2025-09-01T17:53:44.465Z","level":"INFO","message":"Sound file upload progress: 50%","data":{"soundId":"68b5dda742ac301f8a1858c0"}}
{"timestamp":"2025-09-01T17:53:44.465Z","level":"INFO","message":"Sound file upload progress: 50%","data":{"soundId":"68b5dda742ac301f8a1858c0"}}
{"timestamp":"2025-09-01T17:53:44.465Z","level":"INFO","message":"Sound file upload progress: 50%","data":{"soundId":"68b5dda742ac301f8a1858c0"}}
{"timestamp":"2025-09-01T17:53:44.465Z","level":"INFO","message":"Sound file upload progress: 50%","data":{"soundId":"68b5dda742ac301f8a1858c0"}}
{"timestamp":"2025-09-01T17:53:44.465Z","level":"INFO","message":"Sound file upload progress: 50%","data":{"soundId":"68b5dda742ac301f8a1858c0"}}
{"timestamp":"2025-09-01T17:53:44.465Z","level":"INFO","message":"Sound file upload progress: 51%","data":{"soundId":"68b5dda742ac301f8a1858c0"}}
{"timestamp":"2025-09-01T17:53:44.465Z","level":"INFO","message":"Sound file upload progress: 51%","data":{"soundId":"68b5dda742ac301f8a1858c0"}}
{"timestamp":"2025-09-01T17:53:44.465Z","level":"INFO","message":"Sound file upload progress: 51%","data":{"soundId":"68b5dda742ac301f8a1858c0"}}
{"timestamp":"2025-09-01T17:53:44.465Z","level":"INFO","message":"Sound file upload progress: 51%","data":{"soundId":"68b5dda742ac301f8a1858c0"}}
{"timestamp":"2025-09-01T17:53:44.465Z","level":"INFO","message":"Sound file upload progress: 51%","data":{"soundId":"68b5dda742ac301f8a1858c0"}}
{"timestamp":"2025-09-01T17:53:44.466Z","level":"INFO","message":"Sound file upload progress: 51%","data":{"soundId":"68b5dda742ac301f8a1858c0"}}
{"timestamp":"2025-09-01T17:53:44.466Z","level":"INFO","message":"Sound file upload progress: 51%","data":{"soundId":"68b5dda742ac301f8a1858c0"}}
{"timestamp":"2025-09-01T17:53:44.466Z","level":"INFO","message":"Sound file upload progress: 51%","data":{"soundId":"68b5dda742ac301f8a1858c0"}}
{"timestamp":"2025-09-01T17:53:44.466Z","level":"INFO","message":"Sound file upload progress: 52%","data":{"soundId":"68b5dda742ac301f8a1858c0"}}
{"timestamp":"2025-09-01T17:53:44.466Z","level":"INFO","message":"Sound file upload progress: 52%","data":{"soundId":"68b5dda742ac301f8a1858c0"}}
{"timestamp":"2025-09-01T17:53:44.466Z","level":"INFO","message":"Sound file upload progress: 52%","data":{"soundId":"68b5dda742ac301f8a1858c0"}}
{"timestamp":"2025-09-01T17:53:44.466Z","level":"INFO","message":"Sound file upload progress: 52%","data":{"soundId":"68b5dda742ac301f8a1858c0"}}
{"timestamp":"2025-09-01T17:53:44.466Z","level":"INFO","message":"Sound file upload progress: 52%","data":{"soundId":"68b5dda742ac301f8a1858c0"}}
{"timestamp":"2025-09-01T17:53:44.466Z","level":"INFO","message":"Sound file upload progress: 52%","data":{"soundId":"68b5dda742ac301f8a1858c0"}}
{"timestamp":"2025-09-01T17:53:44.466Z","level":"INFO","message":"Sound file upload progress: 52%","data":{"soundId":"68b5dda742ac301f8a1858c0"}}
{"timestamp":"2025-09-01T17:53:44.466Z","level":"INFO","message":"Sound file upload progress: 52%","data":{"soundId":"68b5dda742ac301f8a1858c0"}}
{"timestamp":"2025-09-01T17:53:44.466Z","level":"INFO","message":"Sound file upload progress: 52%","data":{"soundId":"68b5dda742ac301f8a1858c0"}}
{"timestamp":"2025-09-01T17:53:44.466Z","level":"INFO","message":"Sound file upload progress: 53%","data":{"soundId":"68b5dda742ac301f8a1858c0"}}
{"timestamp":"2025-09-01T17:53:44.467Z","level":"INFO","message":"Sound file upload progress: 53%","data":{"soundId":"68b5dda742ac301f8a1858c0"}}
{"timestamp":"2025-09-01T17:53:44.467Z","level":"INFO","message":"Sound file upload progress: 53%","data":{"soundId":"68b5dda742ac301f8a1858c0"}}
{"timestamp":"2025-09-01T17:53:44.467Z","level":"INFO","message":"Sound file upload progress: 53%","data":{"soundId":"68b5dda742ac301f8a1858c0"}}
{"timestamp":"2025-09-01T17:53:44.467Z","level":"INFO","message":"Sound file upload progress: 53%","data":{"soundId":"68b5dda742ac301f8a1858c0"}}
{"timestamp":"2025-09-01T17:53:44.467Z","level":"INFO","message":"Sound file upload progress: 53%","data":{"soundId":"68b5dda742ac301f8a1858c0"}}
{"timestamp":"2025-09-01T17:53:44.467Z","level":"INFO","message":"Sound file upload progress: 53%","data":{"soundId":"68b5dda742ac301f8a1858c0"}}
{"timestamp":"2025-09-01T17:53:44.467Z","level":"INFO","message":"Sound file upload progress: 53%","data":{"soundId":"68b5dda742ac301f8a1858c0"}}
{"timestamp":"2025-09-01T17:53:44.467Z","level":"INFO","message":"Sound file upload progress: 53%","data":{"soundId":"68b5dda742ac301f8a1858c0"}}
{"timestamp":"2025-09-01T17:53:44.467Z","level":"INFO","message":"Sound file upload progress: 54%","data":{"soundId":"68b5dda742ac301f8a1858c0"}}
{"timestamp":"2025-09-01T17:53:44.468Z","level":"INFO","message":"Sound file upload progress: 54%","data":{"soundId":"68b5dda742ac301f8a1858c0"}}
{"timestamp":"2025-09-01T17:53:44.468Z","level":"INFO","message":"Sound file upload progress: 54%","data":{"soundId":"68b5dda742ac301f8a1858c0"}}
{"timestamp":"2025-09-01T17:53:44.468Z","level":"INFO","message":"Sound file upload progress: 54%","data":{"soundId":"68b5dda742ac301f8a1858c0"}}
{"timestamp":"2025-09-01T17:53:44.468Z","level":"INFO","message":"Sound file upload progress: 54%","data":{"soundId":"68b5dda742ac301f8a1858c0"}}
{"timestamp":"2025-09-01T17:53:44.468Z","level":"INFO","message":"Sound file upload progress: 54%","data":{"soundId":"68b5dda742ac301f8a1858c0"}}
{"timestamp":"2025-09-01T17:53:44.468Z","level":"INFO","message":"Sound file upload progress: 54%","data":{"soundId":"68b5dda742ac301f8a1858c0"}}
{"timestamp":"2025-09-01T17:53:44.468Z","level":"INFO","message":"Sound file upload progress: 54%","data":{"soundId":"68b5dda742ac301f8a1858c0"}}
{"timestamp":"2025-09-01T17:53:44.469Z","level":"INFO","message":"Sound file upload progress: 54%","data":{"soundId":"68b5dda742ac301f8a1858c0"}}
{"timestamp":"2025-09-01T17:53:44.469Z","level":"INFO","message":"Sound file upload progress: 55%","data":{"soundId":"68b5dda742ac301f8a1858c0"}}
{"timestamp":"2025-09-01T17:53:44.469Z","level":"INFO","message":"Sound file upload progress: 55%","data":{"soundId":"68b5dda742ac301f8a1858c0"}}
{"timestamp":"2025-09-01T17:53:44.469Z","level":"INFO","message":"Sound file upload progress: 55%","data":{"soundId":"68b5dda742ac301f8a1858c0"}}
{"timestamp":"2025-09-01T17:53:44.469Z","level":"INFO","message":"Sound file upload progress: 55%","data":{"soundId":"68b5dda742ac301f8a1858c0"}}
{"timestamp":"2025-09-01T17:53:44.469Z","level":"INFO","message":"Sound file upload progress: 55%","data":{"soundId":"68b5dda742ac301f8a1858c0"}}
{"timestamp":"2025-09-01T17:53:44.469Z","level":"INFO","message":"Sound file upload progress: 55%","data":{"soundId":"68b5dda742ac301f8a1858c0"}}
{"timestamp":"2025-09-01T17:53:44.469Z","level":"INFO","message":"Sound file upload progress: 55%","data":{"soundId":"68b5dda742ac301f8a1858c0"}}
{"timestamp":"2025-09-01T17:53:44.469Z","level":"INFO","message":"Sound file upload progress: 55%","data":{"soundId":"68b5dda742ac301f8a1858c0"}}
{"timestamp":"2025-09-01T17:53:44.470Z","level":"INFO","message":"Sound file upload progress: 55%","data":{"soundId":"68b5dda742ac301f8a1858c0"}}
{"timestamp":"2025-09-01T17:53:44.470Z","level":"INFO","message":"Sound file upload progress: 56%","data":{"soundId":"68b5dda742ac301f8a1858c0"}}
{"timestamp":"2025-09-01T17:53:44.470Z","level":"INFO","message":"Sound file upload progress: 56%","data":{"soundId":"68b5dda742ac301f8a1858c0"}}
{"timestamp":"2025-09-01T17:53:44.470Z","level":"INFO","message":"Sound file upload progress: 56%","data":{"soundId":"68b5dda742ac301f8a1858c0"}}
{"timestamp":"2025-09-01T17:53:44.470Z","level":"INFO","message":"Sound file upload progress: 56%","data":{"soundId":"68b5dda742ac301f8a1858c0"}}
{"timestamp":"2025-09-01T17:53:44.470Z","level":"INFO","message":"Sound file upload progress: 56%","data":{"soundId":"68b5dda742ac301f8a1858c0"}}
{"timestamp":"2025-09-01T17:53:44.470Z","level":"INFO","message":"Sound file upload progress: 56%","data":{"soundId":"68b5dda742ac301f8a1858c0"}}
{"timestamp":"2025-09-01T17:53:44.470Z","level":"INFO","message":"Sound file upload progress: 56%","data":{"soundId":"68b5dda742ac301f8a1858c0"}}
{"timestamp":"2025-09-01T17:53:44.470Z","level":"INFO","message":"Sound file upload progress: 56%","data":{"soundId":"68b5dda742ac301f8a1858c0"}}
{"timestamp":"2025-09-01T17:53:44.470Z","level":"INFO","message":"Sound file upload progress: 57%","data":{"soundId":"68b5dda742ac301f8a1858c0"}}
{"timestamp":"2025-09-01T17:53:44.470Z","level":"INFO","message":"Sound file upload progress: 57%","data":{"soundId":"68b5dda742ac301f8a1858c0"}}
{"timestamp":"2025-09-01T17:53:44.470Z","level":"INFO","message":"Sound file upload progress: 57%","data":{"soundId":"68b5dda742ac301f8a1858c0"}}
{"timestamp":"2025-09-01T17:53:44.470Z","level":"INFO","message":"Sound file upload progress: 57%","data":{"soundId":"68b5dda742ac301f8a1858c0"}}
{"timestamp":"2025-09-01T17:53:44.471Z","level":"INFO","message":"Sound file upload progress: 57%","data":{"soundId":"68b5dda742ac301f8a1858c0"}}
{"timestamp":"2025-09-01T17:53:44.471Z","level":"INFO","message":"Sound file upload progress: 57%","data":{"soundId":"68b5dda742ac301f8a1858c0"}}
{"timestamp":"2025-09-01T17:53:44.471Z","level":"INFO","message":"Sound file upload progress: 57%","data":{"soundId":"68b5dda742ac301f8a1858c0"}}
{"timestamp":"2025-09-01T17:53:44.471Z","level":"INFO","message":"Sound file upload progress: 57%","data":{"soundId":"68b5dda742ac301f8a1858c0"}}
{"timestamp":"2025-09-01T17:53:44.471Z","level":"INFO","message":"Sound file upload progress: 57%","data":{"soundId":"68b5dda742ac301f8a1858c0"}}
{"timestamp":"2025-09-01T17:53:44.471Z","level":"INFO","message":"Sound file upload progress: 58%","data":{"soundId":"68b5dda742ac301f8a1858c0"}}
{"timestamp":"2025-09-01T17:53:44.471Z","level":"INFO","message":"Sound file upload progress: 58%","data":{"soundId":"68b5dda742ac301f8a1858c0"}}
{"timestamp":"2025-09-01T17:53:44.471Z","level":"INFO","message":"Sound file upload progress: 58%","data":{"soundId":"68b5dda742ac301f8a1858c0"}}
{"timestamp":"2025-09-01T17:53:44.471Z","level":"INFO","message":"Sound file upload progress: 58%","data":{"soundId":"68b5dda742ac301f8a1858c0"}}
{"timestamp":"2025-09-01T17:53:44.471Z","level":"INFO","message":"Sound file upload progress: 58%","data":{"soundId":"68b5dda742ac301f8a1858c0"}}
{"timestamp":"2025-09-01T17:53:44.471Z","level":"INFO","message":"Sound file upload progress: 58%","data":{"soundId":"68b5dda742ac301f8a1858c0"}}
{"timestamp":"2025-09-01T17:53:44.471Z","level":"INFO","message":"Sound file upload progress: 58%","data":{"soundId":"68b5dda742ac301f8a1858c0"}}
{"timestamp":"2025-09-01T17:53:44.471Z","level":"INFO","message":"Sound file upload progress: 58%","data":{"soundId":"68b5dda742ac301f8a1858c0"}}
{"timestamp":"2025-09-01T17:53:44.471Z","level":"INFO","message":"Sound file upload progress: 58%","data":{"soundId":"68b5dda742ac301f8a1858c0"}}
{"timestamp":"2025-09-01T17:53:44.471Z","level":"INFO","message":"Sound file upload progress: 59%","data":{"soundId":"68b5dda742ac301f8a1858c0"}}
{"timestamp":"2025-09-01T17:53:44.471Z","level":"INFO","message":"Sound file upload progress: 59%","data":{"soundId":"68b5dda742ac301f8a1858c0"}}
{"timestamp":"2025-09-01T17:53:44.472Z","level":"INFO","message":"Sound file upload progress: 59%","data":{"soundId":"68b5dda742ac301f8a1858c0"}}
{"timestamp":"2025-09-01T17:53:44.472Z","level":"INFO","message":"Sound file upload progress: 59%","data":{"soundId":"68b5dda742ac301f8a1858c0"}}
{"timestamp":"2025-09-01T17:53:44.472Z","level":"INFO","message":"Sound file upload progress: 59%","data":{"soundId":"68b5dda742ac301f8a1858c0"}}
{"timestamp":"2025-09-01T17:53:44.472Z","level":"INFO","message":"Sound file upload progress: 59%","data":{"soundId":"68b5dda742ac301f8a1858c0"}}
{"timestamp":"2025-09-01T17:53:44.472Z","level":"INFO","message":"Sound file upload progress: 59%","data":{"soundId":"68b5dda742ac301f8a1858c0"}}
{"timestamp":"2025-09-01T17:53:44.472Z","level":"INFO","message":"Sound file upload progress: 59%","data":{"soundId":"68b5dda742ac301f8a1858c0"}}
{"timestamp":"2025-09-01T17:53:44.472Z","level":"INFO","message":"Sound file upload progress: 59%","data":{"soundId":"68b5dda742ac301f8a1858c0"}}
{"timestamp":"2025-09-01T17:53:44.472Z","level":"INFO","message":"Sound file upload progress: 60%","data":{"soundId":"68b5dda742ac301f8a1858c0"}}
{"timestamp":"2025-09-01T17:53:44.472Z","level":"INFO","message":"Sound file upload progress: 60%","data":{"soundId":"68b5dda742ac301f8a1858c0"}}
{"timestamp":"2025-09-01T17:53:44.472Z","level":"INFO","message":"Sound file upload progress: 60%","data":{"soundId":"68b5dda742ac301f8a1858c0"}}
{"timestamp":"2025-09-01T17:53:44.472Z","level":"INFO","message":"Sound file upload progress: 60%","data":{"soundId":"68b5dda742ac301f8a1858c0"}}
{"timestamp":"2025-09-01T17:53:44.472Z","level":"INFO","message":"Sound file upload progress: 60%","data":{"soundId":"68b5dda742ac301f8a1858c0"}}
{"timestamp":"2025-09-01T17:53:44.472Z","level":"INFO","message":"Sound file upload progress: 60%","data":{"soundId":"68b5dda742ac301f8a1858c0"}}
{"timestamp":"2025-09-01T17:53:44.473Z","level":"INFO","message":"Sound file upload progress: 60%","data":{"soundId":"68b5dda742ac301f8a1858c0"}}
{"timestamp":"2025-09-01T17:53:44.473Z","level":"INFO","message":"Sound file upload progress: 60%","data":{"soundId":"68b5dda742ac301f8a1858c0"}}
{"timestamp":"2025-09-01T17:53:44.473Z","level":"INFO","message":"Sound file upload progress: 61%","data":{"soundId":"68b5dda742ac301f8a1858c0"}}
{"timestamp":"2025-09-01T17:53:44.473Z","level":"INFO","message":"Sound file upload progress: 61%","data":{"soundId":"68b5dda742ac301f8a1858c0"}}
{"timestamp":"2025-09-01T17:53:44.474Z","level":"INFO","message":"Sound file upload progress: 61%","data":{"soundId":"68b5dda742ac301f8a1858c0"}}
{"timestamp":"2025-09-01T17:53:44.474Z","level":"INFO","message":"Sound file upload progress: 61%","data":{"soundId":"68b5dda742ac301f8a1858c0"}}
{"timestamp":"2025-09-01T17:53:44.474Z","level":"INFO","message":"Sound file upload progress: 61%","data":{"soundId":"68b5dda742ac301f8a1858c0"}}
{"timestamp":"2025-09-01T17:53:44.475Z","level":"INFO","message":"Sound file upload progress: 61%","data":{"soundId":"68b5dda742ac301f8a1858c0"}}
{"timestamp":"2025-09-01T17:53:44.475Z","level":"INFO","message":"Sound file upload progress: 61%","data":{"soundId":"68b5dda742ac301f8a1858c0"}}
{"timestamp":"2025-09-01T17:53:44.475Z","level":"INFO","message":"Sound file upload progress: 61%","data":{"soundId":"68b5dda742ac301f8a1858c0"}}
{"timestamp":"2025-09-01T17:53:44.475Z","level":"INFO","message":"Sound file upload progress: 61%","data":{"soundId":"68b5dda742ac301f8a1858c0"}}
{"timestamp":"2025-09-01T17:53:44.475Z","level":"INFO","message":"Sound file upload progress: 62%","data":{"soundId":"68b5dda742ac301f8a1858c0"}}
{"timestamp":"2025-09-01T17:53:44.476Z","level":"INFO","message":"Sound file upload progress: 62%","data":{"soundId":"68b5dda742ac301f8a1858c0"}}
{"timestamp":"2025-09-01T17:53:44.476Z","level":"INFO","message":"Sound file upload progress: 62%","data":{"soundId":"68b5dda742ac301f8a1858c0"}}
{"timestamp":"2025-09-01T17:53:44.477Z","level":"INFO","message":"Sound file upload progress: 62%","data":{"soundId":"68b5dda742ac301f8a1858c0"}}
{"timestamp":"2025-09-01T17:53:44.477Z","level":"INFO","message":"Sound file upload progress: 62%","data":{"soundId":"68b5dda742ac301f8a1858c0"}}
{"timestamp":"2025-09-01T17:53:44.477Z","level":"INFO","message":"Sound file upload progress: 62%","data":{"soundId":"68b5dda742ac301f8a1858c0"}}
{"timestamp":"2025-09-01T17:53:44.477Z","level":"INFO","message":"Sound file upload progress: 62%","data":{"soundId":"68b5dda742ac301f8a1858c0"}}
{"timestamp":"2025-09-01T17:53:44.477Z","level":"INFO","message":"Sound file upload progress: 62%","data":{"soundId":"68b5dda742ac301f8a1858c0"}}
{"timestamp":"2025-09-01T17:53:44.478Z","level":"INFO","message":"Sound file upload progress: 62%","data":{"soundId":"68b5dda742ac301f8a1858c0"}}
{"timestamp":"2025-09-01T17:53:44.478Z","level":"INFO","message":"Sound file upload progress: 63%","data":{"soundId":"68b5dda742ac301f8a1858c0"}}
{"timestamp":"2025-09-01T17:53:44.478Z","level":"INFO","message":"Sound file upload progress: 63%","data":{"soundId":"68b5dda742ac301f8a1858c0"}}
{"timestamp":"2025-09-01T17:53:44.479Z","level":"INFO","message":"Sound file upload progress: 63%","data":{"soundId":"68b5dda742ac301f8a1858c0"}}
{"timestamp":"2025-09-01T17:53:44.479Z","level":"INFO","message":"Sound file upload progress: 63%","data":{"soundId":"68b5dda742ac301f8a1858c0"}}
{"timestamp":"2025-09-01T17:53:44.479Z","level":"INFO","message":"Sound file upload progress: 63%","data":{"soundId":"68b5dda742ac301f8a1858c0"}}
{"timestamp":"2025-09-01T17:53:44.479Z","level":"INFO","message":"Sound file upload progress: 63%","data":{"soundId":"68b5dda742ac301f8a1858c0"}}
{"timestamp":"2025-09-01T17:53:44.479Z","level":"INFO","message":"Sound file upload progress: 63%","data":{"soundId":"68b5dda742ac301f8a1858c0"}}
{"timestamp":"2025-09-01T17:53:44.480Z","level":"INFO","message":"Sound file upload progress: 63%","data":{"soundId":"68b5dda742ac301f8a1858c0"}}
{"timestamp":"2025-09-01T17:53:44.480Z","level":"INFO","message":"Sound file upload progress: 63%","data":{"soundId":"68b5dda742ac301f8a1858c0"}}
{"timestamp":"2025-09-01T17:53:44.481Z","level":"INFO","message":"Sound file upload progress: 64%","data":{"soundId":"68b5dda742ac301f8a1858c0"}}
{"timestamp":"2025-09-01T17:53:44.481Z","level":"INFO","message":"Sound file upload progress: 64%","data":{"soundId":"68b5dda742ac301f8a1858c0"}}
{"timestamp":"2025-09-01T17:53:44.481Z","level":"INFO","message":"Sound file upload progress: 64%","data":{"soundId":"68b5dda742ac301f8a1858c0"}}
{"timestamp":"2025-09-01T17:53:44.482Z","level":"INFO","message":"Sound file upload progress: 64%","data":{"soundId":"68b5dda742ac301f8a1858c0"}}
{"timestamp":"2025-09-01T17:53:44.482Z","level":"INFO","message":"Sound file upload progress: 64%","data":{"soundId":"68b5dda742ac301f8a1858c0"}}
{"timestamp":"2025-09-01T17:53:44.485Z","level":"INFO","message":"Sound file upload progress: 64%","data":{"soundId":"68b5dda742ac301f8a1858c0"}}
{"timestamp":"2025-09-01T17:53:44.486Z","level":"INFO","message":"User account status","data":{"activationMode":null,"_id":"6893398fedbebc3fbf926004","firstname":"Aremu","lastname":"Olakunle","email":"colprince31@gmail.com","password":"$2b$10$JWs.jQvK6M98mBafm5aPfubdF7lAN5PXcRhvPVa56f3g34s441aNm","status":"active","role":"admin","emailVerificationOTP":"2078","emailVerificationExpires":"2025-08-06T11:31:31.018Z","isEmailVerified":true,"isPro":true,"profileUpdateCount":0,"createdAt":"2025-08-06T11:16:31.021Z","updatedAt":"2025-08-11T16:14:38.859Z","__v":0,"proExpiresAt":"2026-08-11T16:14:38.596Z"}}
{"timestamp":"2025-09-01T17:53:44.491Z","level":"INFO","message":"Sound file upload progress: 64%","data":{"soundId":"68b5dda742ac301f8a1858c0"}}
{"timestamp":"2025-09-01T17:53:44.492Z","level":"INFO","message":"Sound file upload progress: 64%","data":{"soundId":"68b5dda742ac301f8a1858c0"}}
{"timestamp":"2025-09-01T17:53:44.492Z","level":"INFO","message":"Sound file upload progress: 64%","data":{"soundId":"68b5dda742ac301f8a1858c0"}}
{"timestamp":"2025-09-01T17:53:44.492Z","level":"INFO","message":"Sound file upload progress: 65%","data":{"soundId":"68b5dda742ac301f8a1858c0"}}
{"timestamp":"2025-09-01T17:53:44.492Z","level":"INFO","message":"Sound file upload progress: 65%","data":{"soundId":"68b5dda742ac301f8a1858c0"}}
{"timestamp":"2025-09-01T17:53:44.492Z","level":"INFO","message":"Sound file upload progress: 65%","data":{"soundId":"68b5dda742ac301f8a1858c0"}}
{"timestamp":"2025-09-01T17:53:44.492Z","level":"INFO","message":"Sound file upload progress: 65%","data":{"soundId":"68b5dda742ac301f8a1858c0"}}
{"timestamp":"2025-09-01T17:53:44.492Z","level":"INFO","message":"Sound file upload progress: 65%","data":{"soundId":"68b5dda742ac301f8a1858c0"}}
{"timestamp":"2025-09-01T17:53:44.492Z","level":"INFO","message":"Sound file upload progress: 65%","data":{"soundId":"68b5dda742ac301f8a1858c0"}}
{"timestamp":"2025-09-01T17:53:44.492Z","level":"INFO","message":"Sound file upload progress: 65%","data":{"soundId":"68b5dda742ac301f8a1858c0"}}
{"timestamp":"2025-09-01T17:53:44.493Z","level":"INFO","message":"Sound file upload progress: 65%","data":{"soundId":"68b5dda742ac301f8a1858c0"}}
{"timestamp":"2025-09-01T17:53:44.493Z","level":"INFO","message":"Sound file upload progress: 66%","data":{"soundId":"68b5dda742ac301f8a1858c0"}}
{"timestamp":"2025-09-01T17:53:44.493Z","level":"INFO","message":"Sound file upload progress: 66%","data":{"soundId":"68b5dda742ac301f8a1858c0"}}
{"timestamp":"2025-09-01T17:53:44.493Z","level":"INFO","message":"Sound file upload progress: 66%","data":{"soundId":"68b5dda742ac301f8a1858c0"}}
{"timestamp":"2025-09-01T17:53:44.493Z","level":"INFO","message":"Sound file upload progress: 66%","data":{"soundId":"68b5dda742ac301f8a1858c0"}}
{"timestamp":"2025-09-01T17:53:44.493Z","level":"INFO","message":"Sound file upload progress: 66%","data":{"soundId":"68b5dda742ac301f8a1858c0"}}
{"timestamp":"2025-09-01T17:53:44.493Z","level":"INFO","message":"Sound file upload progress: 66%","data":{"soundId":"68b5dda742ac301f8a1858c0"}}
{"timestamp":"2025-09-01T17:53:44.493Z","level":"INFO","message":"Sound file upload progress: 66%","data":{"soundId":"68b5dda742ac301f8a1858c0"}}
{"timestamp":"2025-09-01T17:53:44.493Z","level":"INFO","message":"Sound file upload progress: 66%","data":{"soundId":"68b5dda742ac301f8a1858c0"}}
{"timestamp":"2025-09-01T17:53:44.493Z","level":"INFO","message":"Sound file upload progress: 66%","data":{"soundId":"68b5dda742ac301f8a1858c0"}}
{"timestamp":"2025-09-01T17:53:44.493Z","level":"INFO","message":"Sound file upload progress: 67%","data":{"soundId":"68b5dda742ac301f8a1858c0"}}
{"timestamp":"2025-09-01T17:53:44.494Z","level":"INFO","message":"Sound file upload progress: 67%","data":{"soundId":"68b5dda742ac301f8a1858c0"}}
{"timestamp":"2025-09-01T17:53:44.494Z","level":"INFO","message":"Sound file upload progress: 67%","data":{"soundId":"68b5dda742ac301f8a1858c0"}}
{"timestamp":"2025-09-01T17:53:44.494Z","level":"INFO","message":"Sound file upload progress: 67%","data":{"soundId":"68b5dda742ac301f8a1858c0"}}
{"timestamp":"2025-09-01T17:53:44.494Z","level":"INFO","message":"Sound file upload progress: 67%","data":{"soundId":"68b5dda742ac301f8a1858c0"}}
{"timestamp":"2025-09-01T17:53:44.494Z","level":"INFO","message":"Sound file upload progress: 67%","data":{"soundId":"68b5dda742ac301f8a1858c0"}}
{"timestamp":"2025-09-01T17:53:44.494Z","level":"INFO","message":"Sound file upload progress: 67%","data":{"soundId":"68b5dda742ac301f8a1858c0"}}
{"timestamp":"2025-09-01T17:53:44.494Z","level":"INFO","message":"Sound file upload progress: 67%","data":{"soundId":"68b5dda742ac301f8a1858c0"}}
{"timestamp":"2025-09-01T17:53:44.494Z","level":"INFO","message":"Sound file upload progress: 67%","data":{"soundId":"68b5dda742ac301f8a1858c0"}}
{"timestamp":"2025-09-01T17:53:44.494Z","level":"INFO","message":"Sound file upload progress: 68%","data":{"soundId":"68b5dda742ac301f8a1858c0"}}
{"timestamp":"2025-09-01T17:53:44.495Z","level":"INFO","message":"Sound file upload progress: 68%","data":{"soundId":"68b5dda742ac301f8a1858c0"}}
{"timestamp":"2025-09-01T17:53:44.495Z","level":"INFO","message":"Sound file upload progress: 68%","data":{"soundId":"68b5dda742ac301f8a1858c0"}}
{"timestamp":"2025-09-01T17:53:44.495Z","level":"INFO","message":"Sound file upload progress: 68%","data":{"soundId":"68b5dda742ac301f8a1858c0"}}
{"timestamp":"2025-09-01T17:53:44.495Z","level":"INFO","message":"Sound file upload progress: 68%","data":{"soundId":"68b5dda742ac301f8a1858c0"}}
{"timestamp":"2025-09-01T17:53:44.495Z","level":"INFO","message":"Sound file upload progress: 68%","data":{"soundId":"68b5dda742ac301f8a1858c0"}}
{"timestamp":"2025-09-01T17:53:44.495Z","level":"INFO","message":"Sound file upload progress: 68%","data":{"soundId":"68b5dda742ac301f8a1858c0"}}
{"timestamp":"2025-09-01T17:53:44.495Z","level":"INFO","message":"Sound file upload progress: 68%","data":{"soundId":"68b5dda742ac301f8a1858c0"}}
{"timestamp":"2025-09-01T17:53:44.495Z","level":"INFO","message":"Sound file upload progress: 68%","data":{"soundId":"68b5dda742ac301f8a1858c0"}}
{"timestamp":"2025-09-01T17:53:44.495Z","level":"INFO","message":"Sound file upload progress: 69%","data":{"soundId":"68b5dda742ac301f8a1858c0"}}
{"timestamp":"2025-09-01T17:53:44.496Z","level":"INFO","message":"Sound file upload progress: 69%","data":{"soundId":"68b5dda742ac301f8a1858c0"}}
{"timestamp":"2025-09-01T17:53:44.496Z","level":"INFO","message":"Sound file upload progress: 69%","data":{"soundId":"68b5dda742ac301f8a1858c0"}}
{"timestamp":"2025-09-01T17:53:44.496Z","level":"INFO","message":"Sound file upload progress: 69%","data":{"soundId":"68b5dda742ac301f8a1858c0"}}
{"timestamp":"2025-09-01T17:53:44.496Z","level":"INFO","message":"Sound file upload progress: 69%","data":{"soundId":"68b5dda742ac301f8a1858c0"}}
{"timestamp":"2025-09-01T17:53:44.497Z","level":"INFO","message":"Sound file upload progress: 69%","data":{"soundId":"68b5dda742ac301f8a1858c0"}}
{"timestamp":"2025-09-01T17:53:44.497Z","level":"INFO","message":"Sound file upload progress: 69%","data":{"soundId":"68b5dda742ac301f8a1858c0"}}
{"timestamp":"2025-09-01T17:53:44.497Z","level":"INFO","message":"Sound file upload progress: 69%","data":{"soundId":"68b5dda742ac301f8a1858c0"}}
{"timestamp":"2025-09-01T17:53:44.497Z","level":"INFO","message":"Sound file upload progress: 69%","data":{"soundId":"68b5dda742ac301f8a1858c0"}}
{"timestamp":"2025-09-01T17:53:44.497Z","level":"INFO","message":"Sound file upload progress: 70%","data":{"soundId":"68b5dda742ac301f8a1858c0"}}
{"timestamp":"2025-09-01T17:53:44.498Z","level":"INFO","message":"Sound file upload progress: 70%","data":{"soundId":"68b5dda742ac301f8a1858c0"}}
{"timestamp":"2025-09-01T17:53:44.498Z","level":"INFO","message":"Sound file upload progress: 70%","data":{"soundId":"68b5dda742ac301f8a1858c0"}}
{"timestamp":"2025-09-01T17:53:44.498Z","level":"INFO","message":"Sound file upload progress: 70%","data":{"soundId":"68b5dda742ac301f8a1858c0"}}
{"timestamp":"2025-09-01T17:53:44.498Z","level":"INFO","message":"Sound file upload progress: 70%","data":{"soundId":"68b5dda742ac301f8a1858c0"}}
{"timestamp":"2025-09-01T17:53:44.498Z","level":"INFO","message":"Sound file upload progress: 70%","data":{"soundId":"68b5dda742ac301f8a1858c0"}}
{"timestamp":"2025-09-01T17:53:44.498Z","level":"INFO","message":"Sound file upload progress: 70%","data":{"soundId":"68b5dda742ac301f8a1858c0"}}
{"timestamp":"2025-09-01T17:53:44.498Z","level":"INFO","message":"Sound file upload progress: 70%","data":{"soundId":"68b5dda742ac301f8a1858c0"}}
{"timestamp":"2025-09-01T17:53:44.498Z","level":"INFO","message":"Sound file upload progress: 71%","data":{"soundId":"68b5dda742ac301f8a1858c0"}}
{"timestamp":"2025-09-01T17:53:44.499Z","level":"INFO","message":"Sound file upload progress: 71%","data":{"soundId":"68b5dda742ac301f8a1858c0"}}
{"timestamp":"2025-09-01T17:53:44.499Z","level":"INFO","message":"Sound file upload progress: 71%","data":{"soundId":"68b5dda742ac301f8a1858c0"}}
{"timestamp":"2025-09-01T17:53:44.499Z","level":"INFO","message":"Sound file upload progress: 71%","data":{"soundId":"68b5dda742ac301f8a1858c0"}}
{"timestamp":"2025-09-01T17:53:44.499Z","level":"INFO","message":"Sound file upload progress: 71%","data":{"soundId":"68b5dda742ac301f8a1858c0"}}
{"timestamp":"2025-09-01T17:53:44.499Z","level":"INFO","message":"Sound file upload progress: 71%","data":{"soundId":"68b5dda742ac301f8a1858c0"}}
{"timestamp":"2025-09-01T17:53:44.499Z","level":"INFO","message":"Sound file upload progress: 71%","data":{"soundId":"68b5dda742ac301f8a1858c0"}}
{"timestamp":"2025-09-01T17:53:44.499Z","level":"INFO","message":"Sound file upload progress: 71%","data":{"soundId":"68b5dda742ac301f8a1858c0"}}
{"timestamp":"2025-09-01T17:53:44.499Z","level":"INFO","message":"Sound file upload progress: 71%","data":{"soundId":"68b5dda742ac301f8a1858c0"}}
{"timestamp":"2025-09-01T17:53:44.499Z","level":"INFO","message":"Sound file upload progress: 72%","data":{"soundId":"68b5dda742ac301f8a1858c0"}}
{"timestamp":"2025-09-01T17:53:44.499Z","level":"INFO","message":"Sound file upload progress: 72%","data":{"soundId":"68b5dda742ac301f8a1858c0"}}
{"timestamp":"2025-09-01T17:53:44.500Z","level":"INFO","message":"Sound file upload progress: 72%","data":{"soundId":"68b5dda742ac301f8a1858c0"}}
{"timestamp":"2025-09-01T17:53:44.500Z","level":"INFO","message":"Sound file upload progress: 72%","data":{"soundId":"68b5dda742ac301f8a1858c0"}}
{"timestamp":"2025-09-01T17:53:44.500Z","level":"INFO","message":"Sound file upload progress: 72%","data":{"soundId":"68b5dda742ac301f8a1858c0"}}
{"timestamp":"2025-09-01T17:53:44.500Z","level":"INFO","message":"Sound file upload progress: 72%","data":{"soundId":"68b5dda742ac301f8a1858c0"}}
{"timestamp":"2025-09-01T17:53:44.500Z","level":"INFO","message":"Sound file upload progress: 72%","data":{"soundId":"68b5dda742ac301f8a1858c0"}}
{"timestamp":"2025-09-01T17:53:44.500Z","level":"INFO","message":"Sound file upload progress: 72%","data":{"soundId":"68b5dda742ac301f8a1858c0"}}
{"timestamp":"2025-09-01T17:53:44.500Z","level":"INFO","message":"Sound file upload progress: 72%","data":{"soundId":"68b5dda742ac301f8a1858c0"}}
{"timestamp":"2025-09-01T17:53:44.500Z","level":"INFO","message":"Sound file upload progress: 73%","data":{"soundId":"68b5dda742ac301f8a1858c0"}}
{"timestamp":"2025-09-01T17:53:44.500Z","level":"INFO","message":"Sound file upload progress: 73%","data":{"soundId":"68b5dda742ac301f8a1858c0"}}
{"timestamp":"2025-09-01T17:53:44.500Z","level":"INFO","message":"Sound file upload progress: 73%","data":{"soundId":"68b5dda742ac301f8a1858c0"}}
{"timestamp":"2025-09-01T17:53:44.501Z","level":"INFO","message":"Sound file upload progress: 73%","data":{"soundId":"68b5dda742ac301f8a1858c0"}}
{"timestamp":"2025-09-01T17:53:44.501Z","level":"INFO","message":"Sound file upload progress: 73%","data":{"soundId":"68b5dda742ac301f8a1858c0"}}
{"timestamp":"2025-09-01T17:53:44.501Z","level":"INFO","message":"Sound file upload progress: 73%","data":{"soundId":"68b5dda742ac301f8a1858c0"}}
{"timestamp":"2025-09-01T17:53:44.501Z","level":"INFO","message":"Sound file upload progress: 73%","data":{"soundId":"68b5dda742ac301f8a1858c0"}}
{"timestamp":"2025-09-01T17:53:44.502Z","level":"INFO","message":"Sound file upload progress: 73%","data":{"soundId":"68b5dda742ac301f8a1858c0"}}
{"timestamp":"2025-09-01T17:53:44.502Z","level":"INFO","message":"Sound file upload progress: 73%","data":{"soundId":"68b5dda742ac301f8a1858c0"}}
{"timestamp":"2025-09-01T17:53:44.502Z","level":"INFO","message":"Sound file upload progress: 74%","data":{"soundId":"68b5dda742ac301f8a1858c0"}}
{"timestamp":"2025-09-01T17:53:44.502Z","level":"INFO","message":"Sound file upload progress: 74%","data":{"soundId":"68b5dda742ac301f8a1858c0"}}
{"timestamp":"2025-09-01T17:53:44.502Z","level":"INFO","message":"Sound file upload progress: 74%","data":{"soundId":"68b5dda742ac301f8a1858c0"}}
{"timestamp":"2025-09-01T17:53:44.503Z","level":"INFO","message":"Sound file upload progress: 74%","data":{"soundId":"68b5dda742ac301f8a1858c0"}}
{"timestamp":"2025-09-01T17:53:44.503Z","level":"INFO","message":"Sound file upload progress: 74%","data":{"soundId":"68b5dda742ac301f8a1858c0"}}
{"timestamp":"2025-09-01T17:53:44.503Z","level":"INFO","message":"Sound file upload progress: 74%","data":{"soundId":"68b5dda742ac301f8a1858c0"}}
{"timestamp":"2025-09-01T17:53:44.503Z","level":"INFO","message":"Sound file upload progress: 74%","data":{"soundId":"68b5dda742ac301f8a1858c0"}}
{"timestamp":"2025-09-01T17:53:44.503Z","level":"INFO","message":"Sound file upload progress: 74%","data":{"soundId":"68b5dda742ac301f8a1858c0"}}
{"timestamp":"2025-09-01T17:53:44.503Z","level":"INFO","message":"Sound file upload progress: 74%","data":{"soundId":"68b5dda742ac301f8a1858c0"}}
{"timestamp":"2025-09-01T17:53:44.503Z","level":"INFO","message":"Sound file upload progress: 75%","data":{"soundId":"68b5dda742ac301f8a1858c0"}}
{"timestamp":"2025-09-01T17:53:44.503Z","level":"INFO","message":"Sound file upload progress: 75%","data":{"soundId":"68b5dda742ac301f8a1858c0"}}
{"timestamp":"2025-09-01T17:53:44.503Z","level":"INFO","message":"Sound file upload progress: 75%","data":{"soundId":"68b5dda742ac301f8a1858c0"}}
{"timestamp":"2025-09-01T17:53:44.503Z","level":"INFO","message":"Sound file upload progress: 75%","data":{"soundId":"68b5dda742ac301f8a1858c0"}}
{"timestamp":"2025-09-01T17:53:44.504Z","level":"INFO","message":"Sound file upload progress: 75%","data":{"soundId":"68b5dda742ac301f8a1858c0"}}
{"timestamp":"2025-09-01T17:53:44.504Z","level":"INFO","message":"Sound file upload progress: 75%","data":{"soundId":"68b5dda742ac301f8a1858c0"}}
{"timestamp":"2025-09-01T17:53:44.504Z","level":"INFO","message":"Sound file upload progress: 75%","data":{"soundId":"68b5dda742ac301f8a1858c0"}}
{"timestamp":"2025-09-01T17:53:44.504Z","level":"INFO","message":"Sound file upload progress: 75%","data":{"soundId":"68b5dda742ac301f8a1858c0"}}
{"timestamp":"2025-09-01T17:53:44.504Z","level":"INFO","message":"Sound file upload progress: 76%","data":{"soundId":"68b5dda742ac301f8a1858c0"}}
{"timestamp":"2025-09-01T17:53:44.504Z","level":"INFO","message":"Sound file upload progress: 76%","data":{"soundId":"68b5dda742ac301f8a1858c0"}}
{"timestamp":"2025-09-01T17:53:44.504Z","level":"INFO","message":"Sound file upload progress: 76%","data":{"soundId":"68b5dda742ac301f8a1858c0"}}
{"timestamp":"2025-09-01T17:53:44.504Z","level":"INFO","message":"Sound file upload progress: 76%","data":{"soundId":"68b5dda742ac301f8a1858c0"}}
{"timestamp":"2025-09-01T17:53:44.504Z","level":"INFO","message":"Sound file upload progress: 76%","data":{"soundId":"68b5dda742ac301f8a1858c0"}}
{"timestamp":"2025-09-01T17:53:44.504Z","level":"INFO","message":"Sound file upload progress: 76%","data":{"soundId":"68b5dda742ac301f8a1858c0"}}
{"timestamp":"2025-09-01T17:53:44.504Z","level":"INFO","message":"Sound file upload progress: 76%","data":{"soundId":"68b5dda742ac301f8a1858c0"}}
{"timestamp":"2025-09-01T17:53:44.504Z","level":"INFO","message":"Sound file upload progress: 76%","data":{"soundId":"68b5dda742ac301f8a1858c0"}}
{"timestamp":"2025-09-01T17:53:44.505Z","level":"INFO","message":"Sound file upload progress: 76%","data":{"soundId":"68b5dda742ac301f8a1858c0"}}
{"timestamp":"2025-09-01T17:53:44.505Z","level":"INFO","message":"Sound file upload progress: 77%","data":{"soundId":"68b5dda742ac301f8a1858c0"}}
{"timestamp":"2025-09-01T17:53:44.505Z","level":"INFO","message":"Sound file upload progress: 77%","data":{"soundId":"68b5dda742ac301f8a1858c0"}}
{"timestamp":"2025-09-01T17:53:44.505Z","level":"INFO","message":"Sound file upload progress: 77%","data":{"soundId":"68b5dda742ac301f8a1858c0"}}
{"timestamp":"2025-09-01T17:53:44.505Z","level":"INFO","message":"Sound file upload progress: 77%","data":{"soundId":"68b5dda742ac301f8a1858c0"}}
{"timestamp":"2025-09-01T17:53:44.505Z","level":"INFO","message":"Sound file upload progress: 77%","data":{"soundId":"68b5dda742ac301f8a1858c0"}}
{"timestamp":"2025-09-01T17:53:44.505Z","level":"INFO","message":"Sound file upload progress: 77%","data":{"soundId":"68b5dda742ac301f8a1858c0"}}
{"timestamp":"2025-09-01T17:53:44.505Z","level":"INFO","message":"Sound file upload progress: 77%","data":{"soundId":"68b5dda742ac301f8a1858c0"}}
{"timestamp":"2025-09-01T17:53:44.505Z","level":"INFO","message":"Sound file upload progress: 77%","data":{"soundId":"68b5dda742ac301f8a1858c0"}}
{"timestamp":"2025-09-01T17:53:44.505Z","level":"INFO","message":"Sound file upload progress: 77%","data":{"soundId":"68b5dda742ac301f8a1858c0"}}
{"timestamp":"2025-09-01T17:53:44.505Z","level":"INFO","message":"Sound file upload progress: 78%","data":{"soundId":"68b5dda742ac301f8a1858c0"}}
{"timestamp":"2025-09-01T17:53:44.505Z","level":"INFO","message":"Sound file upload progress: 78%","data":{"soundId":"68b5dda742ac301f8a1858c0"}}
{"timestamp":"2025-09-01T17:53:44.506Z","level":"INFO","message":"Sound file upload progress: 78%","data":{"soundId":"68b5dda742ac301f8a1858c0"}}
{"timestamp":"2025-09-01T17:53:44.506Z","level":"INFO","message":"Sound file upload progress: 78%","data":{"soundId":"68b5dda742ac301f8a1858c0"}}
{"timestamp":"2025-09-01T17:53:44.506Z","level":"INFO","message":"Sound file upload progress: 78%","data":{"soundId":"68b5dda742ac301f8a1858c0"}}
{"timestamp":"2025-09-01T17:53:44.506Z","level":"INFO","message":"Sound file upload progress: 78%","data":{"soundId":"68b5dda742ac301f8a1858c0"}}
{"timestamp":"2025-09-01T17:53:44.507Z","level":"INFO","message":"Sound file upload progress: 78%","data":{"soundId":"68b5dda742ac301f8a1858c0"}}
{"timestamp":"2025-09-01T17:53:44.509Z","level":"INFO","message":"Sound file upload progress: 78%","data":{"soundId":"68b5dda742ac301f8a1858c0"}}
{"timestamp":"2025-09-01T17:53:44.509Z","level":"INFO","message":"Sound file upload progress: 78%","data":{"soundId":"68b5dda742ac301f8a1858c0"}}
{"timestamp":"2025-09-01T17:53:44.509Z","level":"INFO","message":"Sound file upload progress: 79%","data":{"soundId":"68b5dda742ac301f8a1858c0"}}
{"timestamp":"2025-09-01T17:53:44.509Z","level":"INFO","message":"Sound file upload progress: 79%","data":{"soundId":"68b5dda742ac301f8a1858c0"}}
{"timestamp":"2025-09-01T17:53:44.510Z","level":"INFO","message":"Sound file upload progress: 79%","data":{"soundId":"68b5dda742ac301f8a1858c0"}}
{"timestamp":"2025-09-01T17:53:44.510Z","level":"INFO","message":"Sound file upload progress: 79%","data":{"soundId":"68b5dda742ac301f8a1858c0"}}
{"timestamp":"2025-09-01T17:53:44.510Z","level":"INFO","message":"Sound file upload progress: 79%","data":{"soundId":"68b5dda742ac301f8a1858c0"}}
{"timestamp":"2025-09-01T17:53:44.510Z","level":"INFO","message":"Sound file upload progress: 79%","data":{"soundId":"68b5dda742ac301f8a1858c0"}}
{"timestamp":"2025-09-01T17:53:44.510Z","level":"INFO","message":"Sound file upload progress: 79%","data":{"soundId":"68b5dda742ac301f8a1858c0"}}
{"timestamp":"2025-09-01T17:53:44.511Z","level":"INFO","message":"Sound file upload progress: 79%","data":{"soundId":"68b5dda742ac301f8a1858c0"}}
{"timestamp":"2025-09-01T17:53:44.511Z","level":"INFO","message":"Sound file upload progress: 79%","data":{"soundId":"68b5dda742ac301f8a1858c0"}}
{"timestamp":"2025-09-01T17:53:44.511Z","level":"INFO","message":"Sound file upload progress: 80%","data":{"soundId":"68b5dda742ac301f8a1858c0"}}
{"timestamp":"2025-09-01T17:53:44.512Z","level":"INFO","message":"Sound file upload progress: 80%","data":{"soundId":"68b5dda742ac301f8a1858c0"}}
{"timestamp":"2025-09-01T17:53:44.512Z","level":"INFO","message":"Sound file upload progress: 80%","data":{"soundId":"68b5dda742ac301f8a1858c0"}}
{"timestamp":"2025-09-01T17:53:44.512Z","level":"INFO","message":"Sound file upload progress: 80%","data":{"soundId":"68b5dda742ac301f8a1858c0"}}
{"timestamp":"2025-09-01T17:53:44.512Z","level":"INFO","message":"Sound file upload progress: 80%","data":{"soundId":"68b5dda742ac301f8a1858c0"}}
{"timestamp":"2025-09-01T17:53:44.513Z","level":"INFO","message":"Sound file upload progress: 80%","data":{"soundId":"68b5dda742ac301f8a1858c0"}}
{"timestamp":"2025-09-01T17:53:44.513Z","level":"INFO","message":"Sound file upload progress: 80%","data":{"soundId":"68b5dda742ac301f8a1858c0"}}
{"timestamp":"2025-09-01T17:53:44.513Z","level":"INFO","message":"Sound file upload progress: 80%","data":{"soundId":"68b5dda742ac301f8a1858c0"}}
{"timestamp":"2025-09-01T17:53:44.513Z","level":"INFO","message":"Sound file upload progress: 81%","data":{"soundId":"68b5dda742ac301f8a1858c0"}}
{"timestamp":"2025-09-01T17:53:44.514Z","level":"INFO","message":"Sound file upload progress: 81%","data":{"soundId":"68b5dda742ac301f8a1858c0"}}
{"timestamp":"2025-09-01T17:53:44.514Z","level":"INFO","message":"Sound file upload progress: 81%","data":{"soundId":"68b5dda742ac301f8a1858c0"}}
{"timestamp":"2025-09-01T17:53:44.515Z","level":"INFO","message":"Sound file upload progress: 81%","data":{"soundId":"68b5dda742ac301f8a1858c0"}}
{"timestamp":"2025-09-01T17:53:44.516Z","level":"INFO","message":"Sound file upload progress: 81%","data":{"soundId":"68b5dda742ac301f8a1858c0"}}
{"timestamp":"2025-09-01T17:53:44.517Z","level":"INFO","message":"Sound file upload progress: 81%","data":{"soundId":"68b5dda742ac301f8a1858c0"}}
{"timestamp":"2025-09-01T17:53:44.517Z","level":"INFO","message":"Sound file upload progress: 81%","data":{"soundId":"68b5dda742ac301f8a1858c0"}}
{"timestamp":"2025-09-01T17:53:44.518Z","level":"INFO","message":"Sound file upload progress: 81%","data":{"soundId":"68b5dda742ac301f8a1858c0"}}
{"timestamp":"2025-09-01T17:53:44.518Z","level":"INFO","message":"Sound file upload progress: 81%","data":{"soundId":"68b5dda742ac301f8a1858c0"}}
{"timestamp":"2025-09-01T17:53:44.518Z","level":"INFO","message":"Sound file upload progress: 82%","data":{"soundId":"68b5dda742ac301f8a1858c0"}}
{"timestamp":"2025-09-01T17:53:44.518Z","level":"INFO","message":"Sound file upload progress: 82%","data":{"soundId":"68b5dda742ac301f8a1858c0"}}
{"timestamp":"2025-09-01T17:53:44.518Z","level":"INFO","message":"Sound file upload progress: 82%","data":{"soundId":"68b5dda742ac301f8a1858c0"}}
{"timestamp":"2025-09-01T17:53:44.518Z","level":"INFO","message":"Sound file upload progress: 82%","data":{"soundId":"68b5dda742ac301f8a1858c0"}}
{"timestamp":"2025-09-01T17:53:44.519Z","level":"INFO","message":"Sound file upload progress: 82%","data":{"soundId":"68b5dda742ac301f8a1858c0"}}
{"timestamp":"2025-09-01T17:53:44.519Z","level":"INFO","message":"Sound file upload progress: 82%","data":{"soundId":"68b5dda742ac301f8a1858c0"}}
{"timestamp":"2025-09-01T17:53:44.519Z","level":"INFO","message":"Sound file upload progress: 82%","data":{"soundId":"68b5dda742ac301f8a1858c0"}}
{"timestamp":"2025-09-01T17:53:44.519Z","level":"INFO","message":"Sound file upload progress: 82%","data":{"soundId":"68b5dda742ac301f8a1858c0"}}
{"timestamp":"2025-09-01T17:53:44.519Z","level":"INFO","message":"Sound file upload progress: 82%","data":{"soundId":"68b5dda742ac301f8a1858c0"}}
{"timestamp":"2025-09-01T17:53:44.521Z","level":"INFO","message":"Sound file upload progress: 83%","data":{"soundId":"68b5dda742ac301f8a1858c0"}}
{"timestamp":"2025-09-01T17:53:44.521Z","level":"INFO","message":"Sound file upload progress: 83%","data":{"soundId":"68b5dda742ac301f8a1858c0"}}
{"timestamp":"2025-09-01T17:53:44.522Z","level":"INFO","message":"Sound file upload progress: 83%","data":{"soundId":"68b5dda742ac301f8a1858c0"}}
{"timestamp":"2025-09-01T17:53:44.522Z","level":"INFO","message":"Sound file upload progress: 83%","data":{"soundId":"68b5dda742ac301f8a1858c0"}}
{"timestamp":"2025-09-01T17:53:44.523Z","level":"INFO","message":"Sound file upload progress: 83%","data":{"soundId":"68b5dda742ac301f8a1858c0"}}
{"timestamp":"2025-09-01T17:53:44.523Z","level":"INFO","message":"Sound file upload progress: 83%","data":{"soundId":"68b5dda742ac301f8a1858c0"}}
{"timestamp":"2025-09-01T17:53:44.523Z","level":"INFO","message":"Sound file upload progress: 83%","data":{"soundId":"68b5dda742ac301f8a1858c0"}}
{"timestamp":"2025-09-01T17:53:44.523Z","level":"INFO","message":"Sound file upload progress: 83%","data":{"soundId":"68b5dda742ac301f8a1858c0"}}
{"timestamp":"2025-09-01T17:53:44.523Z","level":"INFO","message":"Sound file upload progress: 83%","data":{"soundId":"68b5dda742ac301f8a1858c0"}}
{"timestamp":"2025-09-01T17:53:44.523Z","level":"INFO","message":"Sound file upload progress: 84%","data":{"soundId":"68b5dda742ac301f8a1858c0"}}
{"timestamp":"2025-09-01T17:53:44.523Z","level":"INFO","message":"Sound file upload progress: 84%","data":{"soundId":"68b5dda742ac301f8a1858c0"}}
{"timestamp":"2025-09-01T17:53:44.523Z","level":"INFO","message":"Sound file upload progress: 84%","data":{"soundId":"68b5dda742ac301f8a1858c0"}}
{"timestamp":"2025-09-01T17:53:44.523Z","level":"INFO","message":"Sound file upload progress: 84%","data":{"soundId":"68b5dda742ac301f8a1858c0"}}
{"timestamp":"2025-09-01T17:53:44.523Z","level":"INFO","message":"Sound file upload progress: 84%","data":{"soundId":"68b5dda742ac301f8a1858c0"}}
{"timestamp":"2025-09-01T17:53:44.523Z","level":"INFO","message":"Sound file upload progress: 84%","data":{"soundId":"68b5dda742ac301f8a1858c0"}}
{"timestamp":"2025-09-01T17:53:44.524Z","level":"INFO","message":"Sound file upload progress: 84%","data":{"soundId":"68b5dda742ac301f8a1858c0"}}
{"timestamp":"2025-09-01T17:53:44.524Z","level":"INFO","message":"Sound file upload progress: 84%","data":{"soundId":"68b5dda742ac301f8a1858c0"}}
{"timestamp":"2025-09-01T17:53:44.524Z","level":"INFO","message":"Sound file upload progress: 84%","data":{"soundId":"68b5dda742ac301f8a1858c0"}}
{"timestamp":"2025-09-01T17:53:44.524Z","level":"INFO","message":"Sound file upload progress: 85%","data":{"soundId":"68b5dda742ac301f8a1858c0"}}
{"timestamp":"2025-09-01T17:53:44.524Z","level":"INFO","message":"Sound file upload progress: 85%","data":{"soundId":"68b5dda742ac301f8a1858c0"}}
{"timestamp":"2025-09-01T17:53:44.524Z","level":"INFO","message":"Sound file upload progress: 85%","data":{"soundId":"68b5dda742ac301f8a1858c0"}}
{"timestamp":"2025-09-01T17:53:44.524Z","level":"INFO","message":"Sound file upload progress: 85%","data":{"soundId":"68b5dda742ac301f8a1858c0"}}
{"timestamp":"2025-09-01T17:53:44.524Z","level":"INFO","message":"Sound file upload progress: 85%","data":{"soundId":"68b5dda742ac301f8a1858c0"}}
{"timestamp":"2025-09-01T17:53:44.524Z","level":"INFO","message":"Sound file upload progress: 85%","data":{"soundId":"68b5dda742ac301f8a1858c0"}}
{"timestamp":"2025-09-01T17:53:44.524Z","level":"INFO","message":"Sound file upload progress: 85%","data":{"soundId":"68b5dda742ac301f8a1858c0"}}
{"timestamp":"2025-09-01T17:53:44.524Z","level":"INFO","message":"Sound file upload progress: 85%","data":{"soundId":"68b5dda742ac301f8a1858c0"}}
{"timestamp":"2025-09-01T17:53:44.524Z","level":"INFO","message":"Sound file upload progress: 86%","data":{"soundId":"68b5dda742ac301f8a1858c0"}}
{"timestamp":"2025-09-01T17:53:44.525Z","level":"INFO","message":"Sound file upload progress: 86%","data":{"soundId":"68b5dda742ac301f8a1858c0"}}
{"timestamp":"2025-09-01T17:53:44.525Z","level":"INFO","message":"Sound file upload progress: 86%","data":{"soundId":"68b5dda742ac301f8a1858c0"}}
{"timestamp":"2025-09-01T17:53:44.525Z","level":"INFO","message":"Sound file upload progress: 86%","data":{"soundId":"68b5dda742ac301f8a1858c0"}}
{"timestamp":"2025-09-01T17:53:44.525Z","level":"INFO","message":"Sound file upload progress: 86%","data":{"soundId":"68b5dda742ac301f8a1858c0"}}
{"timestamp":"2025-09-01T17:53:44.525Z","level":"INFO","message":"Sound file upload progress: 86%","data":{"soundId":"68b5dda742ac301f8a1858c0"}}
{"timestamp":"2025-09-01T17:53:44.525Z","level":"INFO","message":"Sound file upload progress: 86%","data":{"soundId":"68b5dda742ac301f8a1858c0"}}
{"timestamp":"2025-09-01T17:53:44.525Z","level":"INFO","message":"Sound file upload progress: 86%","data":{"soundId":"68b5dda742ac301f8a1858c0"}}
{"timestamp":"2025-09-01T17:53:44.525Z","level":"INFO","message":"Sound file upload progress: 86%","data":{"soundId":"68b5dda742ac301f8a1858c0"}}
{"timestamp":"2025-09-01T17:53:44.525Z","level":"INFO","message":"Sound file upload progress: 87%","data":{"soundId":"68b5dda742ac301f8a1858c0"}}
{"timestamp":"2025-09-01T17:53:44.525Z","level":"INFO","message":"Sound file upload progress: 87%","data":{"soundId":"68b5dda742ac301f8a1858c0"}}
{"timestamp":"2025-09-01T17:53:44.525Z","level":"INFO","message":"Sound file upload progress: 87%","data":{"soundId":"68b5dda742ac301f8a1858c0"}}
{"timestamp":"2025-09-01T17:53:44.526Z","level":"INFO","message":"Sound file upload progress: 87%","data":{"soundId":"68b5dda742ac301f8a1858c0"}}
{"timestamp":"2025-09-01T17:53:44.526Z","level":"INFO","message":"Sound file upload progress: 87%","data":{"soundId":"68b5dda742ac301f8a1858c0"}}
{"timestamp":"2025-09-01T17:53:44.526Z","level":"INFO","message":"Sound file upload progress: 87%","data":{"soundId":"68b5dda742ac301f8a1858c0"}}
{"timestamp":"2025-09-01T17:53:44.526Z","level":"INFO","message":"Sound file upload progress: 87%","data":{"soundId":"68b5dda742ac301f8a1858c0"}}
{"timestamp":"2025-09-01T17:53:44.526Z","level":"INFO","message":"Sound file upload progress: 87%","data":{"soundId":"68b5dda742ac301f8a1858c0"}}
{"timestamp":"2025-09-01T17:53:44.526Z","level":"INFO","message":"Sound file upload progress: 87%","data":{"soundId":"68b5dda742ac301f8a1858c0"}}
{"timestamp":"2025-09-01T17:53:44.526Z","level":"INFO","message":"Sound file upload progress: 88%","data":{"soundId":"68b5dda742ac301f8a1858c0"}}
{"timestamp":"2025-09-01T17:53:44.526Z","level":"INFO","message":"Sound file upload progress: 88%","data":{"soundId":"68b5dda742ac301f8a1858c0"}}
{"timestamp":"2025-09-01T17:53:44.526Z","level":"INFO","message":"Sound file upload progress: 88%","data":{"soundId":"68b5dda742ac301f8a1858c0"}}
{"timestamp":"2025-09-01T17:53:44.526Z","level":"INFO","message":"Sound file upload progress: 88%","data":{"soundId":"68b5dda742ac301f8a1858c0"}}
{"timestamp":"2025-09-01T17:53:44.526Z","level":"INFO","message":"Sound file upload progress: 88%","data":{"soundId":"68b5dda742ac301f8a1858c0"}}
{"timestamp":"2025-09-01T17:53:44.527Z","level":"INFO","message":"Sound file upload progress: 88%","data":{"soundId":"68b5dda742ac301f8a1858c0"}}
{"timestamp":"2025-09-01T17:53:44.527Z","level":"INFO","message":"Sound file upload progress: 88%","data":{"soundId":"68b5dda742ac301f8a1858c0"}}
{"timestamp":"2025-09-01T17:53:44.527Z","level":"INFO","message":"Sound file upload progress: 88%","data":{"soundId":"68b5dda742ac301f8a1858c0"}}
{"timestamp":"2025-09-01T17:53:44.527Z","level":"INFO","message":"Sound file upload progress: 88%","data":{"soundId":"68b5dda742ac301f8a1858c0"}}
{"timestamp":"2025-09-01T17:53:44.527Z","level":"INFO","message":"Sound file upload progress: 89%","data":{"soundId":"68b5dda742ac301f8a1858c0"}}
{"timestamp":"2025-09-01T17:53:44.528Z","level":"INFO","message":"Sound file upload progress: 89%","data":{"soundId":"68b5dda742ac301f8a1858c0"}}
{"timestamp":"2025-09-01T17:53:44.528Z","level":"INFO","message":"Sound file upload progress: 89%","data":{"soundId":"68b5dda742ac301f8a1858c0"}}
{"timestamp":"2025-09-01T17:53:44.528Z","level":"INFO","message":"Sound file upload progress: 89%","data":{"soundId":"68b5dda742ac301f8a1858c0"}}
{"timestamp":"2025-09-01T17:53:44.528Z","level":"INFO","message":"Sound file upload progress: 89%","data":{"soundId":"68b5dda742ac301f8a1858c0"}}
{"timestamp":"2025-09-01T17:53:44.528Z","level":"INFO","message":"Sound file upload progress: 89%","data":{"soundId":"68b5dda742ac301f8a1858c0"}}
{"timestamp":"2025-09-01T17:53:44.528Z","level":"INFO","message":"Sound file upload progress: 89%","data":{"soundId":"68b5dda742ac301f8a1858c0"}}
{"timestamp":"2025-09-01T17:53:44.528Z","level":"INFO","message":"Sound file upload progress: 89%","data":{"soundId":"68b5dda742ac301f8a1858c0"}}
{"timestamp":"2025-09-01T17:53:44.528Z","level":"INFO","message":"Sound file upload progress: 90%","data":{"soundId":"68b5dda742ac301f8a1858c0"}}
{"timestamp":"2025-09-01T17:53:44.528Z","level":"INFO","message":"Sound file upload progress: 90%","data":{"soundId":"68b5dda742ac301f8a1858c0"}}
{"timestamp":"2025-09-01T17:53:44.529Z","level":"INFO","message":"Sound file upload progress: 90%","data":{"soundId":"68b5dda742ac301f8a1858c0"}}
{"timestamp":"2025-09-01T17:53:44.529Z","level":"INFO","message":"Sound file upload progress: 90%","data":{"soundId":"68b5dda742ac301f8a1858c0"}}
{"timestamp":"2025-09-01T17:53:44.529Z","level":"INFO","message":"Sound file upload progress: 90%","data":{"soundId":"68b5dda742ac301f8a1858c0"}}
{"timestamp":"2025-09-01T17:53:44.529Z","level":"INFO","message":"Sound file upload progress: 90%","data":{"soundId":"68b5dda742ac301f8a1858c0"}}
{"timestamp":"2025-09-01T17:53:44.529Z","level":"INFO","message":"Sound file upload progress: 90%","data":{"soundId":"68b5dda742ac301f8a1858c0"}}
{"timestamp":"2025-09-01T17:53:44.530Z","level":"INFO","message":"Sound file upload progress: 90%","data":{"soundId":"68b5dda742ac301f8a1858c0"}}
{"timestamp":"2025-09-01T17:53:44.530Z","level":"INFO","message":"Sound file upload progress: 90%","data":{"soundId":"68b5dda742ac301f8a1858c0"}}
{"timestamp":"2025-09-01T17:53:44.530Z","level":"INFO","message":"Sound file upload progress: 91%","data":{"soundId":"68b5dda742ac301f8a1858c0"}}
{"timestamp":"2025-09-01T17:53:44.530Z","level":"INFO","message":"Sound file upload progress: 91%","data":{"soundId":"68b5dda742ac301f8a1858c0"}}
{"timestamp":"2025-09-01T17:53:44.530Z","level":"INFO","message":"Sound file upload progress: 91%","data":{"soundId":"68b5dda742ac301f8a1858c0"}}
{"timestamp":"2025-09-01T17:53:44.530Z","level":"INFO","message":"Sound file upload progress: 91%","data":{"soundId":"68b5dda742ac301f8a1858c0"}}
{"timestamp":"2025-09-01T17:53:44.530Z","level":"INFO","message":"Sound file upload progress: 91%","data":{"soundId":"68b5dda742ac301f8a1858c0"}}
{"timestamp":"2025-09-01T17:53:44.530Z","level":"INFO","message":"Sound file upload progress: 91%","data":{"soundId":"68b5dda742ac301f8a1858c0"}}
{"timestamp":"2025-09-01T17:53:44.531Z","level":"INFO","message":"Sound file upload progress: 91%","data":{"soundId":"68b5dda742ac301f8a1858c0"}}
{"timestamp":"2025-09-01T17:53:44.531Z","level":"INFO","message":"Sound file upload progress: 91%","data":{"soundId":"68b5dda742ac301f8a1858c0"}}
{"timestamp":"2025-09-01T17:53:44.531Z","level":"INFO","message":"Sound file upload progress: 91%","data":{"soundId":"68b5dda742ac301f8a1858c0"}}
{"timestamp":"2025-09-01T17:53:44.531Z","level":"INFO","message":"Sound file upload progress: 92%","data":{"soundId":"68b5dda742ac301f8a1858c0"}}
{"timestamp":"2025-09-01T17:53:44.531Z","level":"INFO","message":"Sound file upload progress: 92%","data":{"soundId":"68b5dda742ac301f8a1858c0"}}
{"timestamp":"2025-09-01T17:53:44.531Z","level":"INFO","message":"Sound file upload progress: 92%","data":{"soundId":"68b5dda742ac301f8a1858c0"}}
{"timestamp":"2025-09-01T17:53:44.531Z","level":"INFO","message":"Sound file upload progress: 92%","data":{"soundId":"68b5dda742ac301f8a1858c0"}}
{"timestamp":"2025-09-01T17:53:44.531Z","level":"INFO","message":"Sound file upload progress: 92%","data":{"soundId":"68b5dda742ac301f8a1858c0"}}
{"timestamp":"2025-09-01T17:53:44.531Z","level":"INFO","message":"Sound file upload progress: 92%","data":{"soundId":"68b5dda742ac301f8a1858c0"}}
{"timestamp":"2025-09-01T17:53:44.531Z","level":"INFO","message":"Sound file upload progress: 92%","data":{"soundId":"68b5dda742ac301f8a1858c0"}}
{"timestamp":"2025-09-01T17:53:44.532Z","level":"INFO","message":"Sound file upload progress: 92%","data":{"soundId":"68b5dda742ac301f8a1858c0"}}
{"timestamp":"2025-09-01T17:53:44.532Z","level":"INFO","message":"Sound file upload progress: 92%","data":{"soundId":"68b5dda742ac301f8a1858c0"}}
{"timestamp":"2025-09-01T17:53:44.532Z","level":"INFO","message":"Sound file upload progress: 93%","data":{"soundId":"68b5dda742ac301f8a1858c0"}}
{"timestamp":"2025-09-01T17:53:44.532Z","level":"INFO","message":"Sound file upload progress: 93%","data":{"soundId":"68b5dda742ac301f8a1858c0"}}
{"timestamp":"2025-09-01T17:53:44.532Z","level":"INFO","message":"Sound file upload progress: 93%","data":{"soundId":"68b5dda742ac301f8a1858c0"}}
{"timestamp":"2025-09-01T17:53:44.533Z","level":"INFO","message":"Sound file upload progress: 93%","data":{"soundId":"68b5dda742ac301f8a1858c0"}}
{"timestamp":"2025-09-01T17:53:44.533Z","level":"INFO","message":"Sound file upload progress: 93%","data":{"soundId":"68b5dda742ac301f8a1858c0"}}
{"timestamp":"2025-09-01T17:53:44.533Z","level":"INFO","message":"Sound file upload progress: 93%","data":{"soundId":"68b5dda742ac301f8a1858c0"}}
{"timestamp":"2025-09-01T17:53:44.533Z","level":"INFO","message":"Sound file upload progress: 93%","data":{"soundId":"68b5dda742ac301f8a1858c0"}}
{"timestamp":"2025-09-01T17:53:44.533Z","level":"INFO","message":"Sound file upload progress: 93%","data":{"soundId":"68b5dda742ac301f8a1858c0"}}
{"timestamp":"2025-09-01T17:53:44.533Z","level":"INFO","message":"Sound file upload progress: 93%","data":{"soundId":"68b5dda742ac301f8a1858c0"}}
{"timestamp":"2025-09-01T17:53:44.533Z","level":"INFO","message":"Sound file upload progress: 94%","data":{"soundId":"68b5dda742ac301f8a1858c0"}}
{"timestamp":"2025-09-01T17:53:44.533Z","level":"INFO","message":"Sound file upload progress: 94%","data":{"soundId":"68b5dda742ac301f8a1858c0"}}
{"timestamp":"2025-09-01T17:53:44.533Z","level":"INFO","message":"Sound file upload progress: 94%","data":{"soundId":"68b5dda742ac301f8a1858c0"}}
{"timestamp":"2025-09-01T17:53:44.534Z","level":"INFO","message":"Sound file upload progress: 94%","data":{"soundId":"68b5dda742ac301f8a1858c0"}}
{"timestamp":"2025-09-01T17:53:44.534Z","level":"INFO","message":"Sound file upload progress: 94%","data":{"soundId":"68b5dda742ac301f8a1858c0"}}
{"timestamp":"2025-09-01T17:53:44.534Z","level":"INFO","message":"Sound file upload progress: 94%","data":{"soundId":"68b5dda742ac301f8a1858c0"}}
{"timestamp":"2025-09-01T17:53:44.534Z","level":"INFO","message":"Sound file upload progress: 94%","data":{"soundId":"68b5dda742ac301f8a1858c0"}}
{"timestamp":"2025-09-01T17:53:44.534Z","level":"INFO","message":"Sound file upload progress: 94%","data":{"soundId":"68b5dda742ac301f8a1858c0"}}
{"timestamp":"2025-09-01T17:53:44.534Z","level":"INFO","message":"Sound file upload progress: 95%","data":{"soundId":"68b5dda742ac301f8a1858c0"}}
{"timestamp":"2025-09-01T17:53:44.534Z","level":"INFO","message":"Sound file upload progress: 95%","data":{"soundId":"68b5dda742ac301f8a1858c0"}}
{"timestamp":"2025-09-01T17:53:44.534Z","level":"INFO","message":"Sound file upload progress: 95%","data":{"soundId":"68b5dda742ac301f8a1858c0"}}
{"timestamp":"2025-09-01T17:53:44.535Z","level":"INFO","message":"Sound file upload progress: 95%","data":{"soundId":"68b5dda742ac301f8a1858c0"}}
{"timestamp":"2025-09-01T17:53:44.535Z","level":"INFO","message":"Sound file upload progress: 95%","data":{"soundId":"68b5dda742ac301f8a1858c0"}}
{"timestamp":"2025-09-01T17:53:44.535Z","level":"INFO","message":"Sound file upload progress: 95%","data":{"soundId":"68b5dda742ac301f8a1858c0"}}
{"timestamp":"2025-09-01T17:53:44.535Z","level":"INFO","message":"Sound file upload progress: 95%","data":{"soundId":"68b5dda742ac301f8a1858c0"}}
{"timestamp":"2025-09-01T17:53:44.535Z","level":"INFO","message":"Sound file upload progress: 95%","data":{"soundId":"68b5dda742ac301f8a1858c0"}}
{"timestamp":"2025-09-01T17:53:44.535Z","level":"INFO","message":"Sound file upload progress: 95%","data":{"soundId":"68b5dda742ac301f8a1858c0"}}
{"timestamp":"2025-09-01T17:53:44.535Z","level":"INFO","message":"Sound file upload progress: 96%","data":{"soundId":"68b5dda742ac301f8a1858c0"}}
{"timestamp":"2025-09-01T17:53:44.535Z","level":"INFO","message":"Sound file upload progress: 96%","data":{"soundId":"68b5dda742ac301f8a1858c0"}}
{"timestamp":"2025-09-01T17:53:44.535Z","level":"INFO","message":"Sound file upload progress: 96%","data":{"soundId":"68b5dda742ac301f8a1858c0"}}
{"timestamp":"2025-09-01T17:53:44.536Z","level":"INFO","message":"Sound file upload progress: 96%","data":{"soundId":"68b5dda742ac301f8a1858c0"}}
{"timestamp":"2025-09-01T17:53:44.536Z","level":"INFO","message":"Sound file upload progress: 96%","data":{"soundId":"68b5dda742ac301f8a1858c0"}}
{"timestamp":"2025-09-01T17:53:44.536Z","level":"INFO","message":"Sound file upload progress: 96%","data":{"soundId":"68b5dda742ac301f8a1858c0"}}
{"timestamp":"2025-09-01T17:53:44.536Z","level":"INFO","message":"Sound file upload progress: 96%","data":{"soundId":"68b5dda742ac301f8a1858c0"}}
{"timestamp":"2025-09-01T17:53:44.536Z","level":"INFO","message":"Sound file upload progress: 96%","data":{"soundId":"68b5dda742ac301f8a1858c0"}}
{"timestamp":"2025-09-01T17:53:44.536Z","level":"INFO","message":"Sound file upload progress: 96%","data":{"soundId":"68b5dda742ac301f8a1858c0"}}
{"timestamp":"2025-09-01T17:53:44.536Z","level":"INFO","message":"Sound file upload progress: 97%","data":{"soundId":"68b5dda742ac301f8a1858c0"}}
{"timestamp":"2025-09-01T17:53:44.538Z","level":"INFO","message":"Sound file upload progress: 97%","data":{"soundId":"68b5dda742ac301f8a1858c0"}}
{"timestamp":"2025-09-01T17:53:44.538Z","level":"INFO","message":"Sound file upload progress: 97%","data":{"soundId":"68b5dda742ac301f8a1858c0"}}
{"timestamp":"2025-09-01T17:53:44.538Z","level":"INFO","message":"Sound file upload progress: 97%","data":{"soundId":"68b5dda742ac301f8a1858c0"}}
{"timestamp":"2025-09-01T17:53:44.538Z","level":"INFO","message":"Sound file upload progress: 97%","data":{"soundId":"68b5dda742ac301f8a1858c0"}}
{"timestamp":"2025-09-01T17:53:44.539Z","level":"INFO","message":"Sound file upload progress: 97%","data":{"soundId":"68b5dda742ac301f8a1858c0"}}
{"timestamp":"2025-09-01T17:53:44.539Z","level":"INFO","message":"Sound file upload progress: 97%","data":{"soundId":"68b5dda742ac301f8a1858c0"}}
{"timestamp":"2025-09-01T17:53:44.539Z","level":"INFO","message":"Sound file upload progress: 97%","data":{"soundId":"68b5dda742ac301f8a1858c0"}}
{"timestamp":"2025-09-01T17:53:44.539Z","level":"INFO","message":"Sound file upload progress: 97%","data":{"soundId":"68b5dda742ac301f8a1858c0"}}
{"timestamp":"2025-09-01T17:53:44.539Z","level":"INFO","message":"Sound file upload progress: 98%","data":{"soundId":"68b5dda742ac301f8a1858c0"}}
{"timestamp":"2025-09-01T17:53:44.539Z","level":"INFO","message":"Sound file upload progress: 98%","data":{"soundId":"68b5dda742ac301f8a1858c0"}}
{"timestamp":"2025-09-01T17:53:44.539Z","level":"INFO","message":"Sound file upload progress: 98%","data":{"soundId":"68b5dda742ac301f8a1858c0"}}
{"timestamp":"2025-09-01T17:53:44.539Z","level":"INFO","message":"Sound file upload progress: 98%","data":{"soundId":"68b5dda742ac301f8a1858c0"}}
{"timestamp":"2025-09-01T17:53:44.539Z","level":"INFO","message":"Sound file upload progress: 98%","data":{"soundId":"68b5dda742ac301f8a1858c0"}}
{"timestamp":"2025-09-01T17:53:44.540Z","level":"INFO","message":"Sound file upload progress: 98%","data":{"soundId":"68b5dda742ac301f8a1858c0"}}
{"timestamp":"2025-09-01T17:53:44.542Z","level":"INFO","message":"Sound file upload progress: 98%","data":{"soundId":"68b5dda742ac301f8a1858c0"}}
{"timestamp":"2025-09-01T17:53:44.544Z","level":"INFO","message":"Sound file upload progress: 98%","data":{"soundId":"68b5dda742ac301f8a1858c0"}}
{"timestamp":"2025-09-01T17:53:44.544Z","level":"INFO","message":"Sound file upload progress: 98%","data":{"soundId":"68b5dda742ac301f8a1858c0"}}
{"timestamp":"2025-09-01T17:53:44.544Z","level":"INFO","message":"Sound file upload progress: 99%","data":{"soundId":"68b5dda742ac301f8a1858c0"}}
{"timestamp":"2025-09-01T17:53:44.545Z","level":"INFO","message":"Sound file upload progress: 99%","data":{"soundId":"68b5dda742ac301f8a1858c0"}}
{"timestamp":"2025-09-01T17:53:44.547Z","level":"INFO","message":"Sound file upload progress: 99%","data":{"soundId":"68b5dda742ac301f8a1858c0"}}
{"timestamp":"2025-09-01T17:53:44.548Z","level":"INFO","message":"Sound file upload progress: 99%","data":{"soundId":"68b5dda742ac301f8a1858c0"}}
{"timestamp":"2025-09-01T17:53:44.550Z","level":"INFO","message":"Sound file upload progress: 99%","data":{"soundId":"68b5dda742ac301f8a1858c0"}}
{"timestamp":"2025-09-01T17:53:44.553Z","level":"INFO","message":"Sound file upload progress: 99%","data":{"soundId":"68b5dda742ac301f8a1858c0"}}
{"timestamp":"2025-09-01T17:53:44.553Z","level":"INFO","message":"Sound file upload progress: 99%","data":{"soundId":"68b5dda742ac301f8a1858c0"}}
{"timestamp":"2025-09-01T17:53:44.553Z","level":"INFO","message":"Sound file upload progress: 99%","data":{"soundId":"68b5dda742ac301f8a1858c0"}}
{"timestamp":"2025-09-01T17:53:44.553Z","level":"INFO","message":"Sound file upload progress: 100%","data":{"soundId":"68b5dda742ac301f8a1858c0"}}
{"timestamp":"2025-09-01T17:53:44.553Z","level":"INFO","message":"Sound file upload progress: 100%","data":{"soundId":"68b5dda742ac301f8a1858c0"}}
{"timestamp":"2025-09-01T17:53:44.554Z","level":"INFO","message":"Sound file upload progress: 100%","data":{"soundId":"68b5dda742ac301f8a1858c0"}}
{"timestamp":"2025-09-01T17:53:44.555Z","level":"INFO","message":"Sound file upload progress: 100%","data":{"soundId":"68b5dda742ac301f8a1858c0"}}
{"timestamp":"2025-09-01T17:53:44.555Z","level":"INFO","message":"Sound file upload progress: 100%","data":{"soundId":"68b5dda742ac301f8a1858c0"}}
{"timestamp":"2025-09-01T17:53:44.556Z","level":"INFO","message":"Sound file upload progress: 100%","data":{"soundId":"68b5dda742ac301f8a1858c0"}}
{"timestamp":"2025-09-01T17:53:44.558Z","level":"INFO","message":"Sound file upload progress: 100%","data":{"soundId":"68b5dda742ac301f8a1858c0"}}
{"timestamp":"2025-09-01T17:53:45.200Z","level":"INFO","message":"User account status","data":{"activationMode":null,"_id":"6893398fedbebc3fbf926004","firstname":"Aremu","lastname":"Olakunle","email":"colprince31@gmail.com","password":"$2b$10$JWs.jQvK6M98mBafm5aPfubdF7lAN5PXcRhvPVa56f3g34s441aNm","status":"active","role":"admin","emailVerificationOTP":"2078","emailVerificationExpires":"2025-08-06T11:31:31.018Z","isEmailVerified":true,"isPro":true,"profileUpdateCount":0,"createdAt":"2025-08-06T11:16:31.021Z","updatedAt":"2025-08-11T16:14:38.859Z","__v":0,"proExpiresAt":"2026-08-11T16:14:38.596Z"}}
{"timestamp":"2025-09-01T17:54:11.609Z","level":"INFO","message":"User account status","data":{"activationMode":null,"_id":"6893398fedbebc3fbf926004","firstname":"Aremu","lastname":"Olakunle","email":"colprince31@gmail.com","password":"$2b$10$JWs.jQvK6M98mBafm5aPfubdF7lAN5PXcRhvPVa56f3g34s441aNm","status":"active","role":"admin","emailVerificationOTP":"2078","emailVerificationExpires":"2025-08-06T11:31:31.018Z","isEmailVerified":true,"isPro":true,"profileUpdateCount":0,"createdAt":"2025-08-06T11:16:31.021Z","updatedAt":"2025-08-11T16:14:38.859Z","__v":0,"proExpiresAt":"2026-08-11T16:14:38.596Z"}}
{"timestamp":"2025-09-01T17:54:13.157Z","level":"INFO","message":"User account status","data":{"activationMode":null,"_id":"6893398fedbebc3fbf926004","firstname":"Aremu","lastname":"Olakunle","email":"colprince31@gmail.com","password":"$2b$10$JWs.jQvK6M98mBafm5aPfubdF7lAN5PXcRhvPVa56f3g34s441aNm","status":"active","role":"admin","emailVerificationOTP":"2078","emailVerificationExpires":"2025-08-06T11:31:31.018Z","isEmailVerified":true,"isPro":true,"profileUpdateCount":0,"createdAt":"2025-08-06T11:16:31.021Z","updatedAt":"2025-08-11T16:14:38.859Z","__v":0,"proExpiresAt":"2026-08-11T16:14:38.596Z"}}
{"timestamp":"2025-09-01T17:54:13.162Z","level":"INFO","message":"User account status","data":{"activationMode":null,"_id":"6893398fedbebc3fbf926004","firstname":"Aremu","lastname":"Olakunle","email":"colprince31@gmail.com","password":"$2b$10$JWs.jQvK6M98mBafm5aPfubdF7lAN5PXcRhvPVa56f3g34s441aNm","status":"active","role":"admin","emailVerificationOTP":"2078","emailVerificationExpires":"2025-08-06T11:31:31.018Z","isEmailVerified":true,"isPro":true,"profileUpdateCount":0,"createdAt":"2025-08-06T11:16:31.021Z","updatedAt":"2025-08-11T16:14:38.859Z","__v":0,"proExpiresAt":"2026-08-11T16:14:38.596Z"}}
{"timestamp":"2025-09-01T17:54:13.606Z","level":"ERROR","message":"Request Error","data":{"method":"GET","url":"/admin/all-subscriptions","statusCode":404,"duration":"703ms","headers":{"authorization":"Bearer ***"},"body":null,"files":null}}
{"timestamp":"2025-09-01T17:54:14.311Z","level":"INFO","message":"User account status","data":{"activationMode":null,"_id":"6893398fedbebc3fbf926004","firstname":"Aremu","lastname":"Olakunle","email":"colprince31@gmail.com","password":"$2b$10$JWs.jQvK6M98mBafm5aPfubdF7lAN5PXcRhvPVa56f3g34s441aNm","status":"active","role":"admin","emailVerificationOTP":"2078","emailVerificationExpires":"2025-08-06T11:31:31.018Z","isEmailVerified":true,"isPro":true,"profileUpdateCount":0,"createdAt":"2025-08-06T11:16:31.021Z","updatedAt":"2025-08-11T16:14:38.859Z","__v":0,"proExpiresAt":"2026-08-11T16:14:38.596Z"}}
{"timestamp":"2025-09-01T17:54:14.948Z","level":"ERROR","message":"Request Error","data":{"method":"GET","url":"/admin/all-subscriptions","statusCode":404,"duration":"1339ms","headers":{"authorization":"Bearer ***"},"body":null,"files":null}}
{"timestamp":"2025-09-01T17:55:22.732Z","level":"INFO","message":"User account status","data":{"activationMode":null,"_id":"6893398fedbebc3fbf926004","firstname":"Aremu","lastname":"Olakunle","email":"colprince31@gmail.com","password":"$2b$10$JWs.jQvK6M98mBafm5aPfubdF7lAN5PXcRhvPVa56f3g34s441aNm","status":"active","role":"admin","emailVerificationOTP":"2078","emailVerificationExpires":"2025-08-06T11:31:31.018Z","isEmailVerified":true,"isPro":true,"profileUpdateCount":0,"createdAt":"2025-08-06T11:16:31.021Z","updatedAt":"2025-08-11T16:14:38.859Z","__v":0,"proExpiresAt":"2026-08-11T16:14:38.596Z"}}
{"timestamp":"2025-09-01T17:55:24.466Z","level":"INFO","message":"User account status","data":{"activationMode":null,"_id":"6893398fedbebc3fbf926004","firstname":"Aremu","lastname":"Olakunle","email":"colprince31@gmail.com","password":"$2b$10$JWs.jQvK6M98mBafm5aPfubdF7lAN5PXcRhvPVa56f3g34s441aNm","status":"active","role":"admin","emailVerificationOTP":"2078","emailVerificationExpires":"2025-08-06T11:31:31.018Z","isEmailVerified":true,"isPro":true,"profileUpdateCount":0,"createdAt":"2025-08-06T11:16:31.021Z","updatedAt":"2025-08-11T16:14:38.859Z","__v":0,"proExpiresAt":"2026-08-11T16:14:38.596Z"}}
{"timestamp":"2025-09-01T17:56:00.292Z","level":"INFO","message":"User account status","data":{"activationMode":null,"_id":"6893398fedbebc3fbf926004","firstname":"Aremu","lastname":"Olakunle","email":"colprince31@gmail.com","password":"$2b$10$JWs.jQvK6M98mBafm5aPfubdF7lAN5PXcRhvPVa56f3g34s441aNm","status":"active","role":"admin","emailVerificationOTP":"2078","emailVerificationExpires":"2025-08-06T11:31:31.018Z","isEmailVerified":true,"isPro":true,"profileUpdateCount":0,"createdAt":"2025-08-06T11:16:31.021Z","updatedAt":"2025-08-11T16:14:38.859Z","__v":0,"proExpiresAt":"2026-08-11T16:14:38.596Z"}}
{"timestamp":"2025-09-01T17:56:00.951Z","level":"INFO","message":"User account status","data":{"activationMode":null,"_id":"6893398fedbebc3fbf926004","firstname":"Aremu","lastname":"Olakunle","email":"colprince31@gmail.com","password":"$2b$10$JWs.jQvK6M98mBafm5aPfubdF7lAN5PXcRhvPVa56f3g34s441aNm","status":"active","role":"admin","emailVerificationOTP":"2078","emailVerificationExpires":"2025-08-06T11:31:31.018Z","isEmailVerified":true,"isPro":true,"profileUpdateCount":0,"createdAt":"2025-08-06T11:16:31.021Z","updatedAt":"2025-08-11T16:14:38.859Z","__v":0,"proExpiresAt":"2026-08-11T16:14:38.596Z"}}
{"timestamp":"2025-09-01T17:56:00.954Z","level":"INFO","message":"User account status","data":{"activationMode":null,"_id":"6893398fedbebc3fbf926004","firstname":"Aremu","lastname":"Olakunle","email":"colprince31@gmail.com","password":"$2b$10$JWs.jQvK6M98mBafm5aPfubdF7lAN5PXcRhvPVa56f3g34s441aNm","status":"active","role":"admin","emailVerificationOTP":"2078","emailVerificationExpires":"2025-08-06T11:31:31.018Z","isEmailVerified":true,"isPro":true,"profileUpdateCount":0,"createdAt":"2025-08-06T11:16:31.021Z","updatedAt":"2025-08-11T16:14:38.859Z","__v":0,"proExpiresAt":"2026-08-11T16:14:38.596Z"}}
{"timestamp":"2025-09-01T17:56:01.703Z","level":"ERROR","message":"Request Error","data":{"method":"GET","url":"/admin/all-subscriptions","statusCode":404,"duration":"1128ms","headers":{"authorization":"Bearer ***"},"body":null,"files":null}}
{"timestamp":"2025-09-01T17:56:02.361Z","level":"INFO","message":"User account status","data":{"activationMode":null,"_id":"6893398fedbebc3fbf926004","firstname":"Aremu","lastname":"Olakunle","email":"colprince31@gmail.com","password":"$2b$10$JWs.jQvK6M98mBafm5aPfubdF7lAN5PXcRhvPVa56f3g34s441aNm","status":"active","role":"admin","emailVerificationOTP":"2078","emailVerificationExpires":"2025-08-06T11:31:31.018Z","isEmailVerified":true,"isPro":true,"profileUpdateCount":0,"createdAt":"2025-08-06T11:16:31.021Z","updatedAt":"2025-08-11T16:14:38.859Z","__v":0,"proExpiresAt":"2026-08-11T16:14:38.596Z"}}
{"timestamp":"2025-09-01T17:56:02.523Z","level":"INFO","message":"User account status","data":{"activationMode":null,"_id":"6893398fedbebc3fbf926004","firstname":"Aremu","lastname":"Olakunle","email":"colprince31@gmail.com","password":"$2b$10$JWs.jQvK6M98mBafm5aPfubdF7lAN5PXcRhvPVa56f3g34s441aNm","status":"active","role":"admin","emailVerificationOTP":"2078","emailVerificationExpires":"2025-08-06T11:31:31.018Z","isEmailVerified":true,"isPro":true,"profileUpdateCount":0,"createdAt":"2025-08-06T11:16:31.021Z","updatedAt":"2025-08-11T16:14:38.859Z","__v":0,"proExpiresAt":"2026-08-11T16:14:38.596Z"}}
{"timestamp":"2025-09-01T17:56:02.901Z","level":"ERROR","message":"Request Error","data":{"method":"GET","url":"/admin/all-subscriptions","statusCode":404,"duration":"1195ms","headers":{"authorization":"Bearer ***"},"body":null,"files":null}}
{"timestamp":"2025-09-01T17:56:05.752Z","level":"INFO","message":"User account status","data":{"activationMode":null,"_id":"6893398fedbebc3fbf926004","firstname":"Aremu","lastname":"Olakunle","email":"colprince31@gmail.com","password":"$2b$10$JWs.jQvK6M98mBafm5aPfubdF7lAN5PXcRhvPVa56f3g34s441aNm","status":"active","role":"admin","emailVerificationOTP":"2078","emailVerificationExpires":"2025-08-06T11:31:31.018Z","isEmailVerified":true,"isPro":true,"profileUpdateCount":0,"createdAt":"2025-08-06T11:16:31.021Z","updatedAt":"2025-08-11T16:14:38.859Z","__v":0,"proExpiresAt":"2026-08-11T16:14:38.596Z"}}
{"timestamp":"2025-09-01T17:56:20.765Z","level":"INFO","message":"User account status","data":{"activationMode":null,"_id":"6893398fedbebc3fbf926004","firstname":"Aremu","lastname":"Olakunle","email":"colprince31@gmail.com","password":"$2b$10$JWs.jQvK6M98mBafm5aPfubdF7lAN5PXcRhvPVa56f3g34s441aNm","status":"active","role":"admin","emailVerificationOTP":"2078","emailVerificationExpires":"2025-08-06T11:31:31.018Z","isEmailVerified":true,"isPro":true,"profileUpdateCount":0,"createdAt":"2025-08-06T11:16:31.021Z","updatedAt":"2025-08-11T16:14:38.859Z","__v":0,"proExpiresAt":"2026-08-11T16:14:38.596Z"}}
{"timestamp":"2025-09-01T17:56:24.224Z","level":"INFO","message":"User account status","data":{"activationMode":null,"_id":"6893398fedbebc3fbf926004","firstname":"Aremu","lastname":"Olakunle","email":"colprince31@gmail.com","password":"$2b$10$JWs.jQvK6M98mBafm5aPfubdF7lAN5PXcRhvPVa56f3g34s441aNm","status":"active","role":"admin","emailVerificationOTP":"2078","emailVerificationExpires":"2025-08-06T11:31:31.018Z","isEmailVerified":true,"isPro":true,"profileUpdateCount":0,"createdAt":"2025-08-06T11:16:31.021Z","updatedAt":"2025-08-11T16:14:38.859Z","__v":0,"proExpiresAt":"2026-08-11T16:14:38.596Z"}}
{"timestamp":"2025-09-01T17:56:28.183Z","level":"INFO","message":"User account status","data":{"activationMode":null,"_id":"6893398fedbebc3fbf926004","firstname":"Aremu","lastname":"Olakunle","email":"colprince31@gmail.com","password":"$2b$10$JWs.jQvK6M98mBafm5aPfubdF7lAN5PXcRhvPVa56f3g34s441aNm","status":"active","role":"admin","emailVerificationOTP":"2078","emailVerificationExpires":"2025-08-06T11:31:31.018Z","isEmailVerified":true,"isPro":true,"profileUpdateCount":0,"createdAt":"2025-08-06T11:16:31.021Z","updatedAt":"2025-08-11T16:14:38.859Z","__v":0,"proExpiresAt":"2026-08-11T16:14:38.596Z"}}
{"timestamp":"2025-09-01T17:57:21.193Z","level":"INFO","message":"User account status","data":{"activationMode":null,"_id":"6893398fedbebc3fbf926004","firstname":"Aremu","lastname":"Olakunle","email":"colprince31@gmail.com","password":"$2b$10$JWs.jQvK6M98mBafm5aPfubdF7lAN5PXcRhvPVa56f3g34s441aNm","status":"active","role":"admin","emailVerificationOTP":"2078","emailVerificationExpires":"2025-08-06T11:31:31.018Z","isEmailVerified":true,"isPro":true,"profileUpdateCount":0,"createdAt":"2025-08-06T11:16:31.021Z","updatedAt":"2025-08-11T16:14:38.859Z","__v":0,"proExpiresAt":"2026-08-11T16:14:38.596Z"}}
{"timestamp":"2025-09-01T17:57:26.322Z","level":"INFO","message":"User account status","data":{"activationMode":null,"_id":"6893398fedbebc3fbf926004","firstname":"Aremu","lastname":"Olakunle","email":"colprince31@gmail.com","password":"$2b$10$JWs.jQvK6M98mBafm5aPfubdF7lAN5PXcRhvPVa56f3g34s441aNm","status":"active","role":"admin","emailVerificationOTP":"2078","emailVerificationExpires":"2025-08-06T11:31:31.018Z","isEmailVerified":true,"isPro":true,"profileUpdateCount":0,"createdAt":"2025-08-06T11:16:31.021Z","updatedAt":"2025-08-11T16:14:38.859Z","__v":0,"proExpiresAt":"2026-08-11T16:14:38.596Z"}}
{"timestamp":"2025-09-01T17:57:28.402Z","level":"INFO","message":"User account status","data":{"activationMode":null,"_id":"6893398fedbebc3fbf926004","firstname":"Aremu","lastname":"Olakunle","email":"colprince31@gmail.com","password":"$2b$10$JWs.jQvK6M98mBafm5aPfubdF7lAN5PXcRhvPVa56f3g34s441aNm","status":"active","role":"admin","emailVerificationOTP":"2078","emailVerificationExpires":"2025-08-06T11:31:31.018Z","isEmailVerified":true,"isPro":true,"profileUpdateCount":0,"createdAt":"2025-08-06T11:16:31.021Z","updatedAt":"2025-08-11T16:14:38.859Z","__v":0,"proExpiresAt":"2026-08-11T16:14:38.596Z"}}
{"timestamp":"2025-09-01T17:57:34.879Z","level":"INFO","message":"User account status","data":{"activationMode":null,"_id":"6893398fedbebc3fbf926004","firstname":"Aremu","lastname":"Olakunle","email":"colprince31@gmail.com","password":"$2b$10$JWs.jQvK6M98mBafm5aPfubdF7lAN5PXcRhvPVa56f3g34s441aNm","status":"active","role":"admin","emailVerificationOTP":"2078","emailVerificationExpires":"2025-08-06T11:31:31.018Z","isEmailVerified":true,"isPro":true,"profileUpdateCount":0,"createdAt":"2025-08-06T11:16:31.021Z","updatedAt":"2025-08-11T16:14:38.859Z","__v":0,"proExpiresAt":"2026-08-11T16:14:38.596Z"}}
{"timestamp":"2025-09-01T17:57:34.883Z","level":"INFO","message":"User account status","data":{"activationMode":null,"_id":"6893398fedbebc3fbf926004","firstname":"Aremu","lastname":"Olakunle","email":"colprince31@gmail.com","password":"$2b$10$JWs.jQvK6M98mBafm5aPfubdF7lAN5PXcRhvPVa56f3g34s441aNm","status":"active","role":"admin","emailVerificationOTP":"2078","emailVerificationExpires":"2025-08-06T11:31:31.018Z","isEmailVerified":true,"isPro":true,"profileUpdateCount":0,"createdAt":"2025-08-06T11:16:31.021Z","updatedAt":"2025-08-11T16:14:38.859Z","__v":0,"proExpiresAt":"2026-08-11T16:14:38.596Z"}}
{"timestamp":"2025-09-01T17:57:35.160Z","level":"ERROR","message":"Request Error","data":{"method":"GET","url":"/admin/all-subscriptions","statusCode":404,"duration":"523ms","headers":{"authorization":"Bearer ***"},"body":null,"files":null}}
{"timestamp":"2025-09-01T17:57:35.453Z","level":"INFO","message":"User account status","data":{"activationMode":null,"_id":"6893398fedbebc3fbf926004","firstname":"Aremu","lastname":"Olakunle","email":"colprince31@gmail.com","password":"$2b$10$JWs.jQvK6M98mBafm5aPfubdF7lAN5PXcRhvPVa56f3g34s441aNm","status":"active","role":"admin","emailVerificationOTP":"2078","emailVerificationExpires":"2025-08-06T11:31:31.018Z","isEmailVerified":true,"isPro":true,"profileUpdateCount":0,"createdAt":"2025-08-06T11:16:31.021Z","updatedAt":"2025-08-11T16:14:38.859Z","__v":0,"proExpiresAt":"2026-08-11T16:14:38.596Z"}}
{"timestamp":"2025-09-01T17:57:35.678Z","level":"ERROR","message":"Request Error","data":{"method":"GET","url":"/admin/all-subscriptions","statusCode":404,"duration":"510ms","headers":{"authorization":"Bearer ***"},"body":null,"files":null}}
{"timestamp":"2025-09-01T17:58:02.025Z","level":"INFO","message":"User account status","data":{"activationMode":null,"_id":"6893398fedbebc3fbf926004","firstname":"Aremu","lastname":"Olakunle","email":"colprince31@gmail.com","password":"$2b$10$JWs.jQvK6M98mBafm5aPfubdF7lAN5PXcRhvPVa56f3g34s441aNm","status":"active","role":"admin","emailVerificationOTP":"2078","emailVerificationExpires":"2025-08-06T11:31:31.018Z","isEmailVerified":true,"isPro":true,"profileUpdateCount":0,"createdAt":"2025-08-06T11:16:31.021Z","updatedAt":"2025-08-11T16:14:38.859Z","__v":0,"proExpiresAt":"2026-08-11T16:14:38.596Z"}}
{"timestamp":"2025-09-01T17:58:29.120Z","level":"INFO","message":"User account status","data":{"activationMode":null,"_id":"6893398fedbebc3fbf926004","firstname":"Aremu","lastname":"Olakunle","email":"colprince31@gmail.com","password":"$2b$10$JWs.jQvK6M98mBafm5aPfubdF7lAN5PXcRhvPVa56f3g34s441aNm","status":"active","role":"admin","emailVerificationOTP":"2078","emailVerificationExpires":"2025-08-06T11:31:31.018Z","isEmailVerified":true,"isPro":true,"profileUpdateCount":0,"createdAt":"2025-08-06T11:16:31.021Z","updatedAt":"2025-08-11T16:14:38.859Z","__v":0,"proExpiresAt":"2026-08-11T16:14:38.596Z"}}
{"timestamp":"2025-09-01T17:58:30.797Z","level":"INFO","message":"User account status","data":{"activationMode":null,"_id":"6893398fedbebc3fbf926004","firstname":"Aremu","lastname":"Olakunle","email":"colprince31@gmail.com","password":"$2b$10$JWs.jQvK6M98mBafm5aPfubdF7lAN5PXcRhvPVa56f3g34s441aNm","status":"active","role":"admin","emailVerificationOTP":"2078","emailVerificationExpires":"2025-08-06T11:31:31.018Z","isEmailVerified":true,"isPro":true,"profileUpdateCount":0,"createdAt":"2025-08-06T11:16:31.021Z","updatedAt":"2025-08-11T16:14:38.859Z","__v":0,"proExpiresAt":"2026-08-11T16:14:38.596Z"}}
{"timestamp":"2025-09-01T17:58:30.798Z","level":"INFO","message":"User account status","data":{"activationMode":null,"_id":"6893398fedbebc3fbf926004","firstname":"Aremu","lastname":"Olakunle","email":"colprince31@gmail.com","password":"$2b$10$JWs.jQvK6M98mBafm5aPfubdF7lAN5PXcRhvPVa56f3g34s441aNm","status":"active","role":"admin","emailVerificationOTP":"2078","emailVerificationExpires":"2025-08-06T11:31:31.018Z","isEmailVerified":true,"isPro":true,"profileUpdateCount":0,"createdAt":"2025-08-06T11:16:31.021Z","updatedAt":"2025-08-11T16:14:38.859Z","__v":0,"proExpiresAt":"2026-08-11T16:14:38.596Z"}}
{"timestamp":"2025-09-01T17:58:31.440Z","level":"ERROR","message":"Request Error","data":{"method":"GET","url":"/admin/all-subscriptions","statusCode":404,"duration":"1623ms","headers":{"authorization":"Bearer ***"},"body":null,"files":null}}
{"timestamp":"2025-09-01T17:58:33.341Z","level":"INFO","message":"User account status","data":{"activationMode":null,"_id":"6893398fedbebc3fbf926004","firstname":"Aremu","lastname":"Olakunle","email":"colprince31@gmail.com","password":"$2b$10$JWs.jQvK6M98mBafm5aPfubdF7lAN5PXcRhvPVa56f3g34s441aNm","status":"active","role":"admin","emailVerificationOTP":"2078","emailVerificationExpires":"2025-08-06T11:31:31.018Z","isEmailVerified":true,"isPro":true,"profileUpdateCount":0,"createdAt":"2025-08-06T11:16:31.021Z","updatedAt":"2025-08-11T16:14:38.859Z","__v":0,"proExpiresAt":"2026-08-11T16:14:38.596Z"}}
{"timestamp":"2025-09-01T17:58:33.658Z","level":"ERROR","message":"Request Error","data":{"method":"GET","url":"/admin/all-subscriptions","statusCode":404,"duration":"1186ms","headers":{"authorization":"Bearer ***"},"body":null,"files":null}}
{"timestamp":"2025-09-01T18:00:05.953Z","level":"INFO","message":"User account status","data":{"activationMode":null,"_id":"6893398fedbebc3fbf926004","firstname":"Aremu","lastname":"Olakunle","email":"colprince31@gmail.com","password":"$2b$10$JWs.jQvK6M98mBafm5aPfubdF7lAN5PXcRhvPVa56f3g34s441aNm","status":"active","role":"admin","emailVerificationOTP":"2078","emailVerificationExpires":"2025-08-06T11:31:31.018Z","isEmailVerified":true,"isPro":true,"profileUpdateCount":0,"createdAt":"2025-08-06T11:16:31.021Z","updatedAt":"2025-08-11T16:14:38.859Z","__v":0,"proExpiresAt":"2026-08-11T16:14:38.596Z"}}
{"timestamp":"2025-09-01T18:00:06.880Z","level":"INFO","message":"User account status","data":{"activationMode":null,"_id":"6893398fedbebc3fbf926004","firstname":"Aremu","lastname":"Olakunle","email":"colprince31@gmail.com","password":"$2b$10$JWs.jQvK6M98mBafm5aPfubdF7lAN5PXcRhvPVa56f3g34s441aNm","status":"active","role":"admin","emailVerificationOTP":"2078","emailVerificationExpires":"2025-08-06T11:31:31.018Z","isEmailVerified":true,"isPro":true,"profileUpdateCount":0,"createdAt":"2025-08-06T11:16:31.021Z","updatedAt":"2025-08-11T16:14:38.859Z","__v":0,"proExpiresAt":"2026-08-11T16:14:38.596Z"}}
{"timestamp":"2025-09-01T18:00:06.901Z","level":"INFO","message":"User account status","data":{"activationMode":null,"_id":"6893398fedbebc3fbf926004","firstname":"Aremu","lastname":"Olakunle","email":"colprince31@gmail.com","password":"$2b$10$JWs.jQvK6M98mBafm5aPfubdF7lAN5PXcRhvPVa56f3g34s441aNm","status":"active","role":"admin","emailVerificationOTP":"2078","emailVerificationExpires":"2025-08-06T11:31:31.018Z","isEmailVerified":true,"isPro":true,"profileUpdateCount":0,"createdAt":"2025-08-06T11:16:31.021Z","updatedAt":"2025-08-11T16:14:38.859Z","__v":0,"proExpiresAt":"2026-08-11T16:14:38.596Z"}}
{"timestamp":"2025-09-01T18:00:08.521Z","level":"ERROR","message":"Request Error","data":{"method":"GET","url":"/admin/all-subscriptions","statusCode":404,"duration":"2033ms","headers":{"authorization":"Bearer ***"},"body":null,"files":null}}
{"timestamp":"2025-09-01T18:00:09.017Z","level":"INFO","message":"User account status","data":{"activationMode":null,"_id":"6893398fedbebc3fbf926004","firstname":"Aremu","lastname":"Olakunle","email":"colprince31@gmail.com","password":"$2b$10$JWs.jQvK6M98mBafm5aPfubdF7lAN5PXcRhvPVa56f3g34s441aNm","status":"active","role":"admin","emailVerificationOTP":"2078","emailVerificationExpires":"2025-08-06T11:31:31.018Z","isEmailVerified":true,"isPro":true,"profileUpdateCount":0,"createdAt":"2025-08-06T11:16:31.021Z","updatedAt":"2025-08-11T16:14:38.859Z","__v":0,"proExpiresAt":"2026-08-11T16:14:38.596Z"}}
{"timestamp":"2025-09-01T18:00:09.317Z","level":"ERROR","message":"Request Error","data":{"method":"GET","url":"/admin/all-subscriptions","statusCode":404,"duration":"788ms","headers":{"authorization":"Bearer ***"},"body":null,"files":null}}
{"timestamp":"2025-09-01T18:00:56.248Z","level":"INFO","message":"User account status","data":{"activationMode":null,"_id":"6893398fedbebc3fbf926004","firstname":"Aremu","lastname":"Olakunle","email":"colprince31@gmail.com","password":"$2b$10$JWs.jQvK6M98mBafm5aPfubdF7lAN5PXcRhvPVa56f3g34s441aNm","status":"active","role":"admin","emailVerificationOTP":"2078","emailVerificationExpires":"2025-08-06T11:31:31.018Z","isEmailVerified":true,"isPro":true,"profileUpdateCount":0,"createdAt":"2025-08-06T11:16:31.021Z","updatedAt":"2025-08-11T16:14:38.859Z","__v":0,"proExpiresAt":"2026-08-11T16:14:38.596Z"}}
{"timestamp":"2025-09-01T18:00:58.511Z","level":"INFO","message":"User account status","data":{"activationMode":null,"_id":"6893398fedbebc3fbf926004","firstname":"Aremu","lastname":"Olakunle","email":"colprince31@gmail.com","password":"$2b$10$JWs.jQvK6M98mBafm5aPfubdF7lAN5PXcRhvPVa56f3g34s441aNm","status":"active","role":"admin","emailVerificationOTP":"2078","emailVerificationExpires":"2025-08-06T11:31:31.018Z","isEmailVerified":true,"isPro":true,"profileUpdateCount":0,"createdAt":"2025-08-06T11:16:31.021Z","updatedAt":"2025-08-11T16:14:38.859Z","__v":0,"proExpiresAt":"2026-08-11T16:14:38.596Z"}}
{"timestamp":"2025-09-01T18:00:58.516Z","level":"INFO","message":"User account status","data":{"activationMode":null,"_id":"6893398fedbebc3fbf926004","firstname":"Aremu","lastname":"Olakunle","email":"colprince31@gmail.com","password":"$2b$10$JWs.jQvK6M98mBafm5aPfubdF7lAN5PXcRhvPVa56f3g34s441aNm","status":"active","role":"admin","emailVerificationOTP":"2078","emailVerificationExpires":"2025-08-06T11:31:31.018Z","isEmailVerified":true,"isPro":true,"profileUpdateCount":0,"createdAt":"2025-08-06T11:16:31.021Z","updatedAt":"2025-08-11T16:14:38.859Z","__v":0,"proExpiresAt":"2026-08-11T16:14:38.596Z"}}
{"timestamp":"2025-09-01T18:00:58.748Z","level":"ERROR","message":"Request Error","data":{"method":"GET","url":"/admin/all-subscriptions","statusCode":404,"duration":"1082ms","headers":{"authorization":"Bearer ***"},"body":null,"files":null}}
{"timestamp":"2025-09-01T18:00:59.517Z","level":"INFO","message":"User account status","data":{"activationMode":null,"_id":"6893398fedbebc3fbf926004","firstname":"Aremu","lastname":"Olakunle","email":"colprince31@gmail.com","password":"$2b$10$JWs.jQvK6M98mBafm5aPfubdF7lAN5PXcRhvPVa56f3g34s441aNm","status":"active","role":"admin","emailVerificationOTP":"2078","emailVerificationExpires":"2025-08-06T11:31:31.018Z","isEmailVerified":true,"isPro":true,"profileUpdateCount":0,"createdAt":"2025-08-06T11:16:31.021Z","updatedAt":"2025-08-11T16:14:38.859Z","__v":0,"proExpiresAt":"2026-08-11T16:14:38.596Z"}}
{"timestamp":"2025-09-01T18:01:00.120Z","level":"ERROR","message":"Request Error","data":{"method":"GET","url":"/admin/all-subscriptions","statusCode":404,"duration":"1367ms","headers":{"authorization":"Bearer ***"},"body":null,"files":null}}
{"timestamp":"2025-09-01T18:01:12.147Z","level":"INFO","message":"User account status","data":{"activationMode":null,"_id":"6893398fedbebc3fbf926004","firstname":"Aremu","lastname":"Olakunle","email":"colprince31@gmail.com","password":"$2b$10$JWs.jQvK6M98mBafm5aPfubdF7lAN5PXcRhvPVa56f3g34s441aNm","status":"active","role":"admin","emailVerificationOTP":"2078","emailVerificationExpires":"2025-08-06T11:31:31.018Z","isEmailVerified":true,"isPro":true,"profileUpdateCount":0,"createdAt":"2025-08-06T11:16:31.021Z","updatedAt":"2025-08-11T16:14:38.859Z","__v":0,"proExpiresAt":"2026-08-11T16:14:38.596Z"}}
{"timestamp":"2025-09-01T18:01:13.314Z","level":"INFO","message":"User account status","data":{"activationMode":null,"_id":"6893398fedbebc3fbf926004","firstname":"Aremu","lastname":"Olakunle","email":"colprince31@gmail.com","password":"$2b$10$JWs.jQvK6M98mBafm5aPfubdF7lAN5PXcRhvPVa56f3g34s441aNm","status":"active","role":"admin","emailVerificationOTP":"2078","emailVerificationExpires":"2025-08-06T11:31:31.018Z","isEmailVerified":true,"isPro":true,"profileUpdateCount":0,"createdAt":"2025-08-06T11:16:31.021Z","updatedAt":"2025-08-11T16:14:38.859Z","__v":0,"proExpiresAt":"2026-08-11T16:14:38.596Z"}}
{"timestamp":"2025-09-01T18:01:13.315Z","level":"INFO","message":"User account status","data":{"activationMode":null,"_id":"6893398fedbebc3fbf926004","firstname":"Aremu","lastname":"Olakunle","email":"colprince31@gmail.com","password":"$2b$10$JWs.jQvK6M98mBafm5aPfubdF7lAN5PXcRhvPVa56f3g34s441aNm","status":"active","role":"admin","emailVerificationOTP":"2078","emailVerificationExpires":"2025-08-06T11:31:31.018Z","isEmailVerified":true,"isPro":true,"profileUpdateCount":0,"createdAt":"2025-08-06T11:16:31.021Z","updatedAt":"2025-08-11T16:14:38.859Z","__v":0,"proExpiresAt":"2026-08-11T16:14:38.596Z"}}
{"timestamp":"2025-09-01T18:01:13.862Z","level":"ERROR","message":"Request Error","data":{"method":"GET","url":"/admin/all-subscriptions","statusCode":404,"duration":"1292ms","headers":{"authorization":"Bearer ***"},"body":null,"files":null}}
{"timestamp":"2025-09-01T18:01:14.396Z","level":"INFO","message":"User account status","data":{"activationMode":null,"_id":"6893398fedbebc3fbf926004","firstname":"Aremu","lastname":"Olakunle","email":"colprince31@gmail.com","password":"$2b$10$JWs.jQvK6M98mBafm5aPfubdF7lAN5PXcRhvPVa56f3g34s441aNm","status":"active","role":"admin","emailVerificationOTP":"2078","emailVerificationExpires":"2025-08-06T11:31:31.018Z","isEmailVerified":true,"isPro":true,"profileUpdateCount":0,"createdAt":"2025-08-06T11:16:31.021Z","updatedAt":"2025-08-11T16:14:38.859Z","__v":0,"proExpiresAt":"2026-08-11T16:14:38.596Z"}}
{"timestamp":"2025-09-01T18:01:14.778Z","level":"ERROR","message":"Request Error","data":{"method":"GET","url":"/admin/all-subscriptions","statusCode":404,"duration":"914ms","headers":{"authorization":"Bearer ***"},"body":null,"files":null}}
{"timestamp":"2025-09-01T18:01:25.082Z","level":"INFO","message":"User account status","data":{"activationMode":null,"_id":"6893398fedbebc3fbf926004","firstname":"Aremu","lastname":"Olakunle","email":"colprince31@gmail.com","password":"$2b$10$JWs.jQvK6M98mBafm5aPfubdF7lAN5PXcRhvPVa56f3g34s441aNm","status":"active","role":"admin","emailVerificationOTP":"2078","emailVerificationExpires":"2025-08-06T11:31:31.018Z","isEmailVerified":true,"isPro":true,"profileUpdateCount":0,"createdAt":"2025-08-06T11:16:31.021Z","updatedAt":"2025-08-11T16:14:38.859Z","__v":0,"proExpiresAt":"2026-08-11T16:14:38.596Z"}}
{"timestamp":"2025-09-01T18:01:26.314Z","level":"INFO","message":"User account status","data":{"activationMode":null,"_id":"6893398fedbebc3fbf926004","firstname":"Aremu","lastname":"Olakunle","email":"colprince31@gmail.com","password":"$2b$10$JWs.jQvK6M98mBafm5aPfubdF7lAN5PXcRhvPVa56f3g34s441aNm","status":"active","role":"admin","emailVerificationOTP":"2078","emailVerificationExpires":"2025-08-06T11:31:31.018Z","isEmailVerified":true,"isPro":true,"profileUpdateCount":0,"createdAt":"2025-08-06T11:16:31.021Z","updatedAt":"2025-08-11T16:14:38.859Z","__v":0,"proExpiresAt":"2026-08-11T16:14:38.596Z"}}
{"timestamp":"2025-09-01T18:01:26.496Z","level":"INFO","message":"User account status","data":{"activationMode":null,"_id":"6893398fedbebc3fbf926004","firstname":"Aremu","lastname":"Olakunle","email":"colprince31@gmail.com","password":"$2b$10$JWs.jQvK6M98mBafm5aPfubdF7lAN5PXcRhvPVa56f3g34s441aNm","status":"active","role":"admin","emailVerificationOTP":"2078","emailVerificationExpires":"2025-08-06T11:31:31.018Z","isEmailVerified":true,"isPro":true,"profileUpdateCount":0,"createdAt":"2025-08-06T11:16:31.021Z","updatedAt":"2025-08-11T16:14:38.859Z","__v":0,"proExpiresAt":"2026-08-11T16:14:38.596Z"}}
{"timestamp":"2025-09-01T18:01:26.831Z","level":"ERROR","message":"Request Error","data":{"method":"GET","url":"/admin/all-subscriptions","statusCode":404,"duration":"1000ms","headers":{"authorization":"Bearer ***"},"body":null,"files":null}}
{"timestamp":"2025-09-01T18:01:27.070Z","level":"INFO","message":"User account status","data":{"activationMode":null,"_id":"6893398fedbebc3fbf926004","firstname":"Aremu","lastname":"Olakunle","email":"colprince31@gmail.com","password":"$2b$10$JWs.jQvK6M98mBafm5aPfubdF7lAN5PXcRhvPVa56f3g34s441aNm","status":"active","role":"admin","emailVerificationOTP":"2078","emailVerificationExpires":"2025-08-06T11:31:31.018Z","isEmailVerified":true,"isPro":true,"profileUpdateCount":0,"createdAt":"2025-08-06T11:16:31.021Z","updatedAt":"2025-08-11T16:14:38.859Z","__v":0,"proExpiresAt":"2026-08-11T16:14:38.596Z"}}
{"timestamp":"2025-09-01T18:01:27.349Z","level":"ERROR","message":"Request Error","data":{"method":"GET","url":"/admin/all-subscriptions","statusCode":404,"duration":"512ms","headers":{"authorization":"Bearer ***"},"body":null,"files":null}}
{"timestamp":"2025-09-01T18:01:34.851Z","level":"INFO","message":"User account status","data":{"activationMode":null,"_id":"6893398fedbebc3fbf926004","firstname":"Aremu","lastname":"Olakunle","email":"colprince31@gmail.com","password":"$2b$10$JWs.jQvK6M98mBafm5aPfubdF7lAN5PXcRhvPVa56f3g34s441aNm","status":"active","role":"admin","emailVerificationOTP":"2078","emailVerificationExpires":"2025-08-06T11:31:31.018Z","isEmailVerified":true,"isPro":true,"profileUpdateCount":0,"createdAt":"2025-08-06T11:16:31.021Z","updatedAt":"2025-08-11T16:14:38.859Z","__v":0,"proExpiresAt":"2026-08-11T16:14:38.596Z"}}
{"timestamp":"2025-09-01T18:01:37.053Z","level":"INFO","message":"User account status","data":{"activationMode":null,"_id":"6893398fedbebc3fbf926004","firstname":"Aremu","lastname":"Olakunle","email":"colprince31@gmail.com","password":"$2b$10$JWs.jQvK6M98mBafm5aPfubdF7lAN5PXcRhvPVa56f3g34s441aNm","status":"active","role":"admin","emailVerificationOTP":"2078","emailVerificationExpires":"2025-08-06T11:31:31.018Z","isEmailVerified":true,"isPro":true,"profileUpdateCount":0,"createdAt":"2025-08-06T11:16:31.021Z","updatedAt":"2025-08-11T16:14:38.859Z","__v":0,"proExpiresAt":"2026-08-11T16:14:38.596Z"}}
{"timestamp":"2025-09-01T18:01:43.797Z","level":"INFO","message":"User account status","data":{"activationMode":null,"_id":"6893398fedbebc3fbf926004","firstname":"Aremu","lastname":"Olakunle","email":"colprince31@gmail.com","password":"$2b$10$JWs.jQvK6M98mBafm5aPfubdF7lAN5PXcRhvPVa56f3g34s441aNm","status":"active","role":"admin","emailVerificationOTP":"2078","emailVerificationExpires":"2025-08-06T11:31:31.018Z","isEmailVerified":true,"isPro":true,"profileUpdateCount":0,"createdAt":"2025-08-06T11:16:31.021Z","updatedAt":"2025-08-11T16:14:38.859Z","__v":0,"proExpiresAt":"2026-08-11T16:14:38.596Z"}}
{"timestamp":"2025-09-01T18:01:44.398Z","level":"INFO","message":"User account status","data":{"activationMode":null,"_id":"6893398fedbebc3fbf926004","firstname":"Aremu","lastname":"Olakunle","email":"colprince31@gmail.com","password":"$2b$10$JWs.jQvK6M98mBafm5aPfubdF7lAN5PXcRhvPVa56f3g34s441aNm","status":"active","role":"admin","emailVerificationOTP":"2078","emailVerificationExpires":"2025-08-06T11:31:31.018Z","isEmailVerified":true,"isPro":true,"profileUpdateCount":0,"createdAt":"2025-08-06T11:16:31.021Z","updatedAt":"2025-08-11T16:14:38.859Z","__v":0,"proExpiresAt":"2026-08-11T16:14:38.596Z"}}
{"timestamp":"2025-09-01T18:01:44.405Z","level":"INFO","message":"User account status","data":{"activationMode":null,"_id":"6893398fedbebc3fbf926004","firstname":"Aremu","lastname":"Olakunle","email":"colprince31@gmail.com","password":"$2b$10$JWs.jQvK6M98mBafm5aPfubdF7lAN5PXcRhvPVa56f3g34s441aNm","status":"active","role":"admin","emailVerificationOTP":"2078","emailVerificationExpires":"2025-08-06T11:31:31.018Z","isEmailVerified":true,"isPro":true,"profileUpdateCount":0,"createdAt":"2025-08-06T11:16:31.021Z","updatedAt":"2025-08-11T16:14:38.859Z","__v":0,"proExpiresAt":"2026-08-11T16:14:38.596Z"}}
{"timestamp":"2025-09-01T18:01:44.811Z","level":"ERROR","message":"Request Error","data":{"method":"GET","url":"/admin/all-subscriptions","statusCode":404,"duration":"669ms","headers":{"authorization":"Bearer ***"},"body":null,"files":null}}
{"timestamp":"2025-09-01T18:01:45.116Z","level":"INFO","message":"User account status","data":{"activationMode":null,"_id":"6893398fedbebc3fbf926004","firstname":"Aremu","lastname":"Olakunle","email":"colprince31@gmail.com","password":"$2b$10$JWs.jQvK6M98mBafm5aPfubdF7lAN5PXcRhvPVa56f3g34s441aNm","status":"active","role":"admin","emailVerificationOTP":"2078","emailVerificationExpires":"2025-08-06T11:31:31.018Z","isEmailVerified":true,"isPro":true,"profileUpdateCount":0,"createdAt":"2025-08-06T11:16:31.021Z","updatedAt":"2025-08-11T16:14:38.859Z","__v":0,"proExpiresAt":"2026-08-11T16:14:38.596Z"}}
{"timestamp":"2025-09-01T18:01:45.765Z","level":"ERROR","message":"Request Error","data":{"method":"GET","url":"/admin/all-subscriptions","statusCode":404,"duration":"951ms","headers":{"authorization":"Bearer ***"},"body":null,"files":null}}
{"timestamp":"2025-09-01T18:01:45.885Z","level":"INFO","message":"User account status","data":{"activationMode":null,"_id":"6893398fedbebc3fbf926004","firstname":"Aremu","lastname":"Olakunle","email":"colprince31@gmail.com","password":"$2b$10$JWs.jQvK6M98mBafm5aPfubdF7lAN5PXcRhvPVa56f3g34s441aNm","status":"active","role":"admin","emailVerificationOTP":"2078","emailVerificationExpires":"2025-08-06T11:31:31.018Z","isEmailVerified":true,"isPro":true,"profileUpdateCount":0,"createdAt":"2025-08-06T11:16:31.021Z","updatedAt":"2025-08-11T16:14:38.859Z","__v":0,"proExpiresAt":"2026-08-11T16:14:38.596Z"}}
{"timestamp":"2025-09-01T18:01:46.683Z","level":"INFO","message":"User account status","data":{"activationMode":null,"_id":"6893398fedbebc3fbf926004","firstname":"Aremu","lastname":"Olakunle","email":"colprince31@gmail.com","password":"$2b$10$JWs.jQvK6M98mBafm5aPfubdF7lAN5PXcRhvPVa56f3g34s441aNm","status":"active","role":"admin","emailVerificationOTP":"2078","emailVerificationExpires":"2025-08-06T11:31:31.018Z","isEmailVerified":true,"isPro":true,"profileUpdateCount":0,"createdAt":"2025-08-06T11:16:31.021Z","updatedAt":"2025-08-11T16:14:38.859Z","__v":0,"proExpiresAt":"2026-08-11T16:14:38.596Z"}}
{"timestamp":"2025-09-01T18:01:50.117Z","level":"INFO","message":"User account status","data":{"activationMode":null,"_id":"6893398fedbebc3fbf926004","firstname":"Aremu","lastname":"Olakunle","email":"colprince31@gmail.com","password":"$2b$10$JWs.jQvK6M98mBafm5aPfubdF7lAN5PXcRhvPVa56f3g34s441aNm","status":"active","role":"admin","emailVerificationOTP":"2078","emailVerificationExpires":"2025-08-06T11:31:31.018Z","isEmailVerified":true,"isPro":true,"profileUpdateCount":0,"createdAt":"2025-08-06T11:16:31.021Z","updatedAt":"2025-08-11T16:14:38.859Z","__v":0,"proExpiresAt":"2026-08-11T16:14:38.596Z"}}
{"timestamp":"2025-09-01T18:02:15.955Z","level":"INFO","message":"User account status","data":{"activationMode":null,"_id":"6893398fedbebc3fbf926004","firstname":"Aremu","lastname":"Olakunle","email":"colprince31@gmail.com","password":"$2b$10$JWs.jQvK6M98mBafm5aPfubdF7lAN5PXcRhvPVa56f3g34s441aNm","status":"active","role":"admin","emailVerificationOTP":"2078","emailVerificationExpires":"2025-08-06T11:31:31.018Z","isEmailVerified":true,"isPro":true,"profileUpdateCount":0,"createdAt":"2025-08-06T11:16:31.021Z","updatedAt":"2025-08-11T16:14:38.859Z","__v":0,"proExpiresAt":"2026-08-11T16:14:38.596Z"}}
{"timestamp":"2025-09-01T18:02:15.972Z","level":"DEBUG","message":"Multer upload successful","data":{"files":["soundFile","thumbnail"],"body":{"title":"test1234","description":"test","status":"Standard","categories":"[]"}}}
{"timestamp":"2025-09-01T18:02:15.972Z","level":"INFO","message":"Creating new sound","data":{"body":{"title":"test1234","description":"test","status":"Standard","categories":"[]"},"files":["soundFile","thumbnail"],"userId":"6893398fedbebc3fbf926004"}}
{"timestamp":"2025-09-01T18:02:16.470Z","level":"DEBUG","message":"Local file paths","data":{"soundFilePath":"uploads/sounds/1756749735963-gentle-ocean-waves-birdsong-and-gull-7109.mp3","thumbnailPath":"uploads/thumbnails/1756749735971-bd982ea0d9628183a2b138e65531ee45.jpg"}}
{"timestamp":"2025-09-01T18:02:16.471Z","level":"DEBUG","message":"Extracting audio metadata from local file","data":null}
{"timestamp":"2025-09-01T18:02:16.477Z","level":"DEBUG","message":"Audio metadata extracted","data":{"duration":115.152}}
{"timestamp":"2025-09-01T18:02:16.477Z","level":"DEBUG","message":"Categories parsed successfully","data":{"categories":[]}}
{"timestamp":"2025-09-01T18:02:16.479Z","level":"INFO","message":"New sound object created","data":{"title":"test1234","status":"Standard","duration":115.152,"soundId":"68b5dfa842ac301f8a185952"}}
{"timestamp":"2025-09-01T18:02:19.348Z","level":"INFO","message":"Sound saved successfully","data":{"soundId":"68b5dfa842ac301f8a185952"}}
{"timestamp":"2025-09-01T18:02:19.350Z","level":"INFO","message":"Starting asynchronous file uploads","data":{"soundId":"68b5dfa842ac301f8a185952"}}
{"timestamp":"2025-09-01T18:02:19.359Z","level":"INFO","message":"Uploading file to DigitalOcean Spaces using streaming","data":{"objectKey":"dev/sounds/sound-1756749739352.mp3","fileSize":2303040,"bucket":"comeaway-audio","region":"nyc3"}}
{"timestamp":"2025-09-01T18:02:19.384Z","level":"INFO","message":"Sound file upload progress: 3%","data":{"soundId":"68b5dfa842ac301f8a185952"}}
{"timestamp":"2025-09-01T18:02:19.385Z","level":"INFO","message":"Sound file upload progress: 3%","data":{"soundId":"68b5dfa842ac301f8a185952"}}
{"timestamp":"2025-09-01T18:02:19.386Z","level":"INFO","message":"Sound file upload progress: 6%","data":{"soundId":"68b5dfa842ac301f8a185952"}}
{"timestamp":"2025-09-01T18:02:19.391Z","level":"INFO","message":"Sound file upload progress: 9%","data":{"soundId":"68b5dfa842ac301f8a185952"}}
{"timestamp":"2025-09-01T18:02:19.402Z","level":"INFO","message":"Sound file upload progress: 11%","data":{"soundId":"68b5dfa842ac301f8a185952"}}
{"timestamp":"2025-09-01T18:02:19.403Z","level":"INFO","message":"Sound file upload progress: 14%","data":{"soundId":"68b5dfa842ac301f8a185952"}}
{"timestamp":"2025-09-01T18:02:19.403Z","level":"INFO","message":"Sound file upload progress: 17%","data":{"soundId":"68b5dfa842ac301f8a185952"}}
{"timestamp":"2025-09-01T18:02:19.404Z","level":"INFO","message":"Sound file upload progress: 20%","data":{"soundId":"68b5dfa842ac301f8a185952"}}
{"timestamp":"2025-09-01T18:02:19.404Z","level":"INFO","message":"Sound file upload progress: 23%","data":{"soundId":"68b5dfa842ac301f8a185952"}}
{"timestamp":"2025-09-01T18:02:19.404Z","level":"INFO","message":"Sound file upload progress: 26%","data":{"soundId":"68b5dfa842ac301f8a185952"}}
{"timestamp":"2025-09-01T18:02:19.405Z","level":"INFO","message":"Sound file upload progress: 28%","data":{"soundId":"68b5dfa842ac301f8a185952"}}
{"timestamp":"2025-09-01T18:02:19.406Z","level":"INFO","message":"Sound file upload progress: 31%","data":{"soundId":"68b5dfa842ac301f8a185952"}}
{"timestamp":"2025-09-01T18:02:19.407Z","level":"INFO","message":"Sound file upload progress: 34%","data":{"soundId":"68b5dfa842ac301f8a185952"}}
{"timestamp":"2025-09-01T18:02:19.417Z","level":"INFO","message":"Sound file upload progress: 37%","data":{"soundId":"68b5dfa842ac301f8a185952"}}
{"timestamp":"2025-09-01T18:02:19.419Z","level":"INFO","message":"Sound file upload progress: 40%","data":{"soundId":"68b5dfa842ac301f8a185952"}}
{"timestamp":"2025-09-01T18:02:19.420Z","level":"INFO","message":"Sound file upload progress: 43%","data":{"soundId":"68b5dfa842ac301f8a185952"}}
{"timestamp":"2025-09-01T18:02:19.422Z","level":"INFO","message":"Sound file upload progress: 46%","data":{"soundId":"68b5dfa842ac301f8a185952"}}
{"timestamp":"2025-09-01T18:02:19.423Z","level":"INFO","message":"Sound file upload progress: 48%","data":{"soundId":"68b5dfa842ac301f8a185952"}}
{"timestamp":"2025-09-01T18:02:19.424Z","level":"INFO","message":"Sound file upload progress: 51%","data":{"soundId":"68b5dfa842ac301f8a185952"}}
{"timestamp":"2025-09-01T18:02:19.424Z","level":"INFO","message":"Sound file upload progress: 54%","data":{"soundId":"68b5dfa842ac301f8a185952"}}
{"timestamp":"2025-09-01T18:02:19.425Z","level":"INFO","message":"Sound file upload progress: 57%","data":{"soundId":"68b5dfa842ac301f8a185952"}}
{"timestamp":"2025-09-01T18:02:19.425Z","level":"INFO","message":"Sound file upload progress: 60%","data":{"soundId":"68b5dfa842ac301f8a185952"}}
{"timestamp":"2025-09-01T18:02:19.426Z","level":"INFO","message":"Sound file upload progress: 63%","data":{"soundId":"68b5dfa842ac301f8a185952"}}
{"timestamp":"2025-09-01T18:02:19.429Z","level":"INFO","message":"Sound file upload progress: 65%","data":{"soundId":"68b5dfa842ac301f8a185952"}}
{"timestamp":"2025-09-01T18:02:19.433Z","level":"INFO","message":"Sound file upload progress: 68%","data":{"soundId":"68b5dfa842ac301f8a185952"}}
{"timestamp":"2025-09-01T18:02:19.433Z","level":"INFO","message":"Sound file upload progress: 71%","data":{"soundId":"68b5dfa842ac301f8a185952"}}
{"timestamp":"2025-09-01T18:02:19.433Z","level":"INFO","message":"Sound file upload progress: 74%","data":{"soundId":"68b5dfa842ac301f8a185952"}}
{"timestamp":"2025-09-01T18:02:19.434Z","level":"INFO","message":"Sound file upload progress: 77%","data":{"soundId":"68b5dfa842ac301f8a185952"}}
{"timestamp":"2025-09-01T18:02:19.434Z","level":"INFO","message":"Sound file upload progress: 80%","data":{"soundId":"68b5dfa842ac301f8a185952"}}
{"timestamp":"2025-09-01T18:02:19.434Z","level":"INFO","message":"Sound file upload progress: 83%","data":{"soundId":"68b5dfa842ac301f8a185952"}}
{"timestamp":"2025-09-01T18:02:19.434Z","level":"INFO","message":"Sound file upload progress: 85%","data":{"soundId":"68b5dfa842ac301f8a185952"}}
{"timestamp":"2025-09-01T18:02:19.434Z","level":"INFO","message":"Sound file upload progress: 88%","data":{"soundId":"68b5dfa842ac301f8a185952"}}
{"timestamp":"2025-09-01T18:02:19.437Z","level":"INFO","message":"Sound file upload progress: 91%","data":{"soundId":"68b5dfa842ac301f8a185952"}}
{"timestamp":"2025-09-01T18:02:19.439Z","level":"INFO","message":"Sound file upload progress: 94%","data":{"soundId":"68b5dfa842ac301f8a185952"}}
{"timestamp":"2025-09-01T18:02:19.441Z","level":"INFO","message":"Sound file upload progress: 97%","data":{"soundId":"68b5dfa842ac301f8a185952"}}
{"timestamp":"2025-09-01T18:02:19.442Z","level":"INFO","message":"Sound file upload progress: 100%","data":{"soundId":"68b5dfa842ac301f8a185952"}}
{"timestamp":"2025-09-01T18:02:19.442Z","level":"INFO","message":"Sound file upload progress: 100%","data":{"soundId":"68b5dfa842ac301f8a185952"}}
{"timestamp":"2025-09-01T18:02:19.443Z","level":"INFO","message":"Sound file upload progress: 100%","data":{"soundId":"68b5dfa842ac301f8a185952"}}
{"timestamp":"2025-09-01T18:02:19.619Z","level":"INFO","message":"User account status","data":{"activationMode":null,"_id":"6893398fedbebc3fbf926004","firstname":"Aremu","lastname":"Olakunle","email":"colprince31@gmail.com","password":"$2b$10$JWs.jQvK6M98mBafm5aPfubdF7lAN5PXcRhvPVa56f3g34s441aNm","status":"active","role":"admin","emailVerificationOTP":"2078","emailVerificationExpires":"2025-08-06T11:31:31.018Z","isEmailVerified":true,"isPro":true,"profileUpdateCount":0,"createdAt":"2025-08-06T11:16:31.021Z","updatedAt":"2025-08-11T16:14:38.859Z","__v":0,"proExpiresAt":"2026-08-11T16:14:38.596Z"}}
{"timestamp":"2025-09-01T18:02:21.280Z","level":"INFO","message":"User account status","data":{"activationMode":null,"_id":"6893398fedbebc3fbf926004","firstname":"Aremu","lastname":"Olakunle","email":"colprince31@gmail.com","password":"$2b$10$JWs.jQvK6M98mBafm5aPfubdF7lAN5PXcRhvPVa56f3g34s441aNm","status":"active","role":"admin","emailVerificationOTP":"2078","emailVerificationExpires":"2025-08-06T11:31:31.018Z","isEmailVerified":true,"isPro":true,"profileUpdateCount":0,"createdAt":"2025-08-06T11:16:31.021Z","updatedAt":"2025-08-11T16:14:38.859Z","__v":0,"proExpiresAt":"2026-08-11T16:14:38.596Z"}}
{"timestamp":"2025-09-01T18:02:28.549Z","level":"INFO","message":"User account status","data":{"activationMode":null,"_id":"6893398fedbebc3fbf926004","firstname":"Aremu","lastname":"Olakunle","email":"colprince31@gmail.com","password":"$2b$10$JWs.jQvK6M98mBafm5aPfubdF7lAN5PXcRhvPVa56f3g34s441aNm","status":"active","role":"admin","emailVerificationOTP":"2078","emailVerificationExpires":"2025-08-06T11:31:31.018Z","isEmailVerified":true,"isPro":true,"profileUpdateCount":0,"createdAt":"2025-08-06T11:16:31.021Z","updatedAt":"2025-08-11T16:14:38.859Z","__v":0,"proExpiresAt":"2026-08-11T16:14:38.596Z"}}
{"timestamp":"2025-09-01T18:02:29.313Z","level":"INFO","message":"User account status","data":{"activationMode":null,"_id":"6893398fedbebc3fbf926004","firstname":"Aremu","lastname":"Olakunle","email":"colprince31@gmail.com","password":"$2b$10$JWs.jQvK6M98mBafm5aPfubdF7lAN5PXcRhvPVa56f3g34s441aNm","status":"active","role":"admin","emailVerificationOTP":"2078","emailVerificationExpires":"2025-08-06T11:31:31.018Z","isEmailVerified":true,"isPro":true,"profileUpdateCount":0,"createdAt":"2025-08-06T11:16:31.021Z","updatedAt":"2025-08-11T16:14:38.859Z","__v":0,"proExpiresAt":"2026-08-11T16:14:38.596Z"}}
{"timestamp":"2025-09-01T18:02:29.328Z","level":"INFO","message":"User account status","data":{"activationMode":null,"_id":"6893398fedbebc3fbf926004","firstname":"Aremu","lastname":"Olakunle","email":"colprince31@gmail.com","password":"$2b$10$JWs.jQvK6M98mBafm5aPfubdF7lAN5PXcRhvPVa56f3g34s441aNm","status":"active","role":"admin","emailVerificationOTP":"2078","emailVerificationExpires":"2025-08-06T11:31:31.018Z","isEmailVerified":true,"isPro":true,"profileUpdateCount":0,"createdAt":"2025-08-06T11:16:31.021Z","updatedAt":"2025-08-11T16:14:38.859Z","__v":0,"proExpiresAt":"2026-08-11T16:14:38.596Z"}}
{"timestamp":"2025-09-01T18:02:29.822Z","level":"ERROR","message":"Request Error","data":{"method":"GET","url":"/admin/all-subscriptions","statusCode":404,"duration":"813ms","headers":{"authorization":"Bearer ***"},"body":null,"files":null}}
{"timestamp":"2025-09-01T18:02:31.200Z","level":"INFO","message":"User account status","data":{"activationMode":null,"_id":"6893398fedbebc3fbf926004","firstname":"Aremu","lastname":"Olakunle","email":"colprince31@gmail.com","password":"$2b$10$JWs.jQvK6M98mBafm5aPfubdF7lAN5PXcRhvPVa56f3g34s441aNm","status":"active","role":"admin","emailVerificationOTP":"2078","emailVerificationExpires":"2025-08-06T11:31:31.018Z","isEmailVerified":true,"isPro":true,"profileUpdateCount":0,"createdAt":"2025-08-06T11:16:31.021Z","updatedAt":"2025-08-11T16:14:38.859Z","__v":0,"proExpiresAt":"2026-08-11T16:14:38.596Z"}}
{"timestamp":"2025-09-01T18:02:31.682Z","level":"ERROR","message":"Request Error","data":{"method":"GET","url":"/admin/all-subscriptions","statusCode":404,"duration":"1856ms","headers":{"authorization":"Bearer ***"},"body":null,"files":null}}
{"timestamp":"2025-09-01T18:02:31.688Z","level":"INFO","message":"User account status","data":{"activationMode":null,"_id":"6893398fedbebc3fbf926004","firstname":"Aremu","lastname":"Olakunle","email":"colprince31@gmail.com","password":"$2b$10$JWs.jQvK6M98mBafm5aPfubdF7lAN5PXcRhvPVa56f3g34s441aNm","status":"active","role":"admin","emailVerificationOTP":"2078","emailVerificationExpires":"2025-08-06T11:31:31.018Z","isEmailVerified":true,"isPro":true,"profileUpdateCount":0,"createdAt":"2025-08-06T11:16:31.021Z","updatedAt":"2025-08-11T16:14:38.859Z","__v":0,"proExpiresAt":"2026-08-11T16:14:38.596Z"}}
{"timestamp":"2025-09-01T18:02:33.030Z","level":"INFO","message":"User account status","data":{"activationMode":null,"_id":"6893398fedbebc3fbf926004","firstname":"Aremu","lastname":"Olakunle","email":"colprince31@gmail.com","password":"$2b$10$JWs.jQvK6M98mBafm5aPfubdF7lAN5PXcRhvPVa56f3g34s441aNm","status":"active","role":"admin","emailVerificationOTP":"2078","emailVerificationExpires":"2025-08-06T11:31:31.018Z","isEmailVerified":true,"isPro":true,"profileUpdateCount":0,"createdAt":"2025-08-06T11:16:31.021Z","updatedAt":"2025-08-11T16:14:38.859Z","__v":0,"proExpiresAt":"2026-08-11T16:14:38.596Z"}}
{"timestamp":"2025-09-01T18:02:44.411Z","level":"INFO","message":"User account status","data":{"activationMode":null,"_id":"6893398fedbebc3fbf926004","firstname":"Aremu","lastname":"Olakunle","email":"colprince31@gmail.com","password":"$2b$10$JWs.jQvK6M98mBafm5aPfubdF7lAN5PXcRhvPVa56f3g34s441aNm","status":"active","role":"admin","emailVerificationOTP":"2078","emailVerificationExpires":"2025-08-06T11:31:31.018Z","isEmailVerified":true,"isPro":true,"profileUpdateCount":0,"createdAt":"2025-08-06T11:16:31.021Z","updatedAt":"2025-08-11T16:14:38.859Z","__v":0,"proExpiresAt":"2026-08-11T16:14:38.596Z"}}
{"timestamp":"2025-09-01T18:02:45.045Z","level":"INFO","message":"User account status","data":{"activationMode":null,"_id":"6893398fedbebc3fbf926004","firstname":"Aremu","lastname":"Olakunle","email":"colprince31@gmail.com","password":"$2b$10$JWs.jQvK6M98mBafm5aPfubdF7lAN5PXcRhvPVa56f3g34s441aNm","status":"active","role":"admin","emailVerificationOTP":"2078","emailVerificationExpires":"2025-08-06T11:31:31.018Z","isEmailVerified":true,"isPro":true,"profileUpdateCount":0,"createdAt":"2025-08-06T11:16:31.021Z","updatedAt":"2025-08-11T16:14:38.859Z","__v":0,"proExpiresAt":"2026-08-11T16:14:38.596Z"}}
{"timestamp":"2025-09-01T18:02:45.047Z","level":"INFO","message":"User account status","data":{"activationMode":null,"_id":"6893398fedbebc3fbf926004","firstname":"Aremu","lastname":"Olakunle","email":"colprince31@gmail.com","password":"$2b$10$JWs.jQvK6M98mBafm5aPfubdF7lAN5PXcRhvPVa56f3g34s441aNm","status":"active","role":"admin","emailVerificationOTP":"2078","emailVerificationExpires":"2025-08-06T11:31:31.018Z","isEmailVerified":true,"isPro":true,"profileUpdateCount":0,"createdAt":"2025-08-06T11:16:31.021Z","updatedAt":"2025-08-11T16:14:38.859Z","__v":0,"proExpiresAt":"2026-08-11T16:14:38.596Z"}}
{"timestamp":"2025-09-01T18:02:45.777Z","level":"ERROR","message":"Request Error","data":{"method":"GET","url":"/admin/all-subscriptions","statusCode":404,"duration":"1124ms","headers":{"authorization":"Bearer ***"},"body":null,"files":null}}
{"timestamp":"2025-09-01T18:02:46.218Z","level":"INFO","message":"User account status","data":{"activationMode":null,"_id":"6893398fedbebc3fbf926004","firstname":"Aremu","lastname":"Olakunle","email":"colprince31@gmail.com","password":"$2b$10$JWs.jQvK6M98mBafm5aPfubdF7lAN5PXcRhvPVa56f3g34s441aNm","status":"active","role":"admin","emailVerificationOTP":"2078","emailVerificationExpires":"2025-08-06T11:31:31.018Z","isEmailVerified":true,"isPro":true,"profileUpdateCount":0,"createdAt":"2025-08-06T11:16:31.021Z","updatedAt":"2025-08-11T16:14:38.859Z","__v":0,"proExpiresAt":"2026-08-11T16:14:38.596Z"}}
{"timestamp":"2025-09-01T18:02:46.538Z","level":"ERROR","message":"Request Error","data":{"method":"GET","url":"/admin/all-subscriptions","statusCode":404,"duration":"752ms","headers":{"authorization":"Bearer ***"},"body":null,"files":null}}
{"timestamp":"2025-09-01T18:03:02.045Z","level":"INFO","message":"File uploaded successfully using streaming","data":{"objectKey":"dev/sounds/sound-1756749739352.mp3","fileSize":2303040}}
{"timestamp":"2025-09-01T18:03:02.048Z","level":"INFO","message":"Uploading file to DigitalOcean Spaces using streaming","data":{"objectKey":"dev/thumbnails/test/thumbnail-1756749782046.jpg","fileSize":57365,"bucket":"comeaway-audio","region":"nyc3"}}
{"timestamp":"2025-09-01T18:03:02.054Z","level":"INFO","message":"Thumbnail upload progress: 100%","data":{"soundId":"68b5dfa842ac301f8a185952"}}
{"timestamp":"2025-09-01T18:03:02.055Z","level":"INFO","message":"Thumbnail upload progress: 100%","data":{"soundId":"68b5dfa842ac301f8a185952"}}
{"timestamp":"2025-09-01T18:03:02.741Z","level":"INFO","message":"File uploaded successfully using streaming","data":{"objectKey":"dev/thumbnails/test/thumbnail-1756749782046.jpg","fileSize":57365}}
{"timestamp":"2025-09-01T18:03:02.742Z","level":"INFO","message":"Files uploaded to DigitalOcean Spaces successfully","data":{"soundId":"68b5dfa842ac301f8a185952","soundFileUrl":"https://comeaway-audio.nyc3.digitaloceanspaces.com/dev/sounds/sound-1756749739352.mp3","thumbnailUrl":"https://comeaway-audio.nyc3.digitaloceanspaces.com/dev/thumbnails/test/thumbnail-1756749782046.jpg"}}
{"timestamp":"2025-09-01T18:03:02.744Z","level":"DEBUG","message":"Local files cleaned up successfully","data":{"soundId":"68b5dfa842ac301f8a185952"}}
{"timestamp":"2025-09-01T18:03:03.012Z","level":"INFO","message":"Sound record updated with file URLs","data":{"soundId":"68b5dfa842ac301f8a185952","soundFileUrl":"https://comeaway-audio.nyc3.digitaloceanspaces.com/dev/sounds/sound-1756749739352.mp3","thumbnailUrl":"https://comeaway-audio.nyc3.digitaloceanspaces.com/dev/thumbnails/test/thumbnail-1756749782046.jpg"}}
{"timestamp":"2025-09-01T18:03:18.567Z","level":"INFO","message":"User account status","data":{"activationMode":null,"_id":"6893398fedbebc3fbf926004","firstname":"Aremu","lastname":"Olakunle","email":"colprince31@gmail.com","password":"$2b$10$JWs.jQvK6M98mBafm5aPfubdF7lAN5PXcRhvPVa56f3g34s441aNm","status":"active","role":"admin","emailVerificationOTP":"2078","emailVerificationExpires":"2025-08-06T11:31:31.018Z","isEmailVerified":true,"isPro":true,"profileUpdateCount":0,"createdAt":"2025-08-06T11:16:31.021Z","updatedAt":"2025-08-11T16:14:38.859Z","__v":0,"proExpiresAt":"2026-08-11T16:14:38.596Z"}}
{"timestamp":"2025-09-01T18:03:19.696Z","level":"INFO","message":"User account status","data":{"activationMode":null,"_id":"6893398fedbebc3fbf926004","firstname":"Aremu","lastname":"Olakunle","email":"colprince31@gmail.com","password":"$2b$10$JWs.jQvK6M98mBafm5aPfubdF7lAN5PXcRhvPVa56f3g34s441aNm","status":"active","role":"admin","emailVerificationOTP":"2078","emailVerificationExpires":"2025-08-06T11:31:31.018Z","isEmailVerified":true,"isPro":true,"profileUpdateCount":0,"createdAt":"2025-08-06T11:16:31.021Z","updatedAt":"2025-08-11T16:14:38.859Z","__v":0,"proExpiresAt":"2026-08-11T16:14:38.596Z"}}
{"timestamp":"2025-09-01T18:05:26.270Z","level":"INFO","message":"User account status","data":{"activationMode":null,"_id":"6893398fedbebc3fbf926004","firstname":"Aremu","lastname":"Olakunle","email":"colprince31@gmail.com","password":"$2b$10$JWs.jQvK6M98mBafm5aPfubdF7lAN5PXcRhvPVa56f3g34s441aNm","status":"active","role":"admin","emailVerificationOTP":"2078","emailVerificationExpires":"2025-08-06T11:31:31.018Z","isEmailVerified":true,"isPro":true,"profileUpdateCount":0,"createdAt":"2025-08-06T11:16:31.021Z","updatedAt":"2025-08-11T16:14:38.859Z","__v":0,"proExpiresAt":"2026-08-11T16:14:38.596Z"}}
{"timestamp":"2025-09-01T18:05:27.868Z","level":"INFO","message":"User account status","data":{"activationMode":null,"_id":"6893398fedbebc3fbf926004","firstname":"Aremu","lastname":"Olakunle","email":"colprince31@gmail.com","password":"$2b$10$JWs.jQvK6M98mBafm5aPfubdF7lAN5PXcRhvPVa56f3g34s441aNm","status":"active","role":"admin","emailVerificationOTP":"2078","emailVerificationExpires":"2025-08-06T11:31:31.018Z","isEmailVerified":true,"isPro":true,"profileUpdateCount":0,"createdAt":"2025-08-06T11:16:31.021Z","updatedAt":"2025-08-11T16:14:38.859Z","__v":0,"proExpiresAt":"2026-08-11T16:14:38.596Z"}}
{"timestamp":"2025-09-01T18:05:27.873Z","level":"INFO","message":"User account status","data":{"activationMode":null,"_id":"6893398fedbebc3fbf926004","firstname":"Aremu","lastname":"Olakunle","email":"colprince31@gmail.com","password":"$2b$10$JWs.jQvK6M98mBafm5aPfubdF7lAN5PXcRhvPVa56f3g34s441aNm","status":"active","role":"admin","emailVerificationOTP":"2078","emailVerificationExpires":"2025-08-06T11:31:31.018Z","isEmailVerified":true,"isPro":true,"profileUpdateCount":0,"createdAt":"2025-08-06T11:16:31.021Z","updatedAt":"2025-08-11T16:14:38.859Z","__v":0,"proExpiresAt":"2026-08-11T16:14:38.596Z"}}
{"timestamp":"2025-09-01T18:05:27.924Z","level":"INFO","message":"User account status","data":{"activationMode":null,"_id":"6893398fedbebc3fbf926004","firstname":"Aremu","lastname":"Olakunle","email":"colprince31@gmail.com","password":"$2b$10$JWs.jQvK6M98mBafm5aPfubdF7lAN5PXcRhvPVa56f3g34s441aNm","status":"active","role":"admin","emailVerificationOTP":"2078","emailVerificationExpires":"2025-08-06T11:31:31.018Z","isEmailVerified":true,"isPro":true,"profileUpdateCount":0,"createdAt":"2025-08-06T11:16:31.021Z","updatedAt":"2025-08-11T16:14:38.859Z","__v":0,"proExpiresAt":"2026-08-11T16:14:38.596Z"}}
{"timestamp":"2025-09-01T18:05:28.190Z","level":"ERROR","message":"Request Error","data":{"method":"GET","url":"/admin/all-subscriptions","statusCode":404,"duration":"1177ms","headers":{"authorization":"Bearer ***"},"body":null,"files":null}}
{"timestamp":"2025-09-01T18:05:28.771Z","level":"INFO","message":"User account status","data":{"activationMode":null,"_id":"6893398fedbebc3fbf926004","firstname":"Aremu","lastname":"Olakunle","email":"colprince31@gmail.com","password":"$2b$10$JWs.jQvK6M98mBafm5aPfubdF7lAN5PXcRhvPVa56f3g34s441aNm","status":"active","role":"admin","emailVerificationOTP":"2078","emailVerificationExpires":"2025-08-06T11:31:31.018Z","isEmailVerified":true,"isPro":true,"profileUpdateCount":0,"createdAt":"2025-08-06T11:16:31.021Z","updatedAt":"2025-08-11T16:14:38.859Z","__v":0,"proExpiresAt":"2026-08-11T16:14:38.596Z"}}
{"timestamp":"2025-09-01T18:05:31.000Z","level":"INFO","message":"User account status","data":{"activationMode":null,"_id":"6893398fedbebc3fbf926004","firstname":"Aremu","lastname":"Olakunle","email":"colprince31@gmail.com","password":"$2b$10$JWs.jQvK6M98mBafm5aPfubdF7lAN5PXcRhvPVa56f3g34s441aNm","status":"active","role":"admin","emailVerificationOTP":"2078","emailVerificationExpires":"2025-08-06T11:31:31.018Z","isEmailVerified":true,"isPro":true,"profileUpdateCount":0,"createdAt":"2025-08-06T11:16:31.021Z","updatedAt":"2025-08-11T16:14:38.859Z","__v":0,"proExpiresAt":"2026-08-11T16:14:38.596Z"}}
{"timestamp":"2025-09-01T18:05:31.004Z","level":"ERROR","message":"Request Error","data":{"method":"GET","url":"/admin/all-subscriptions","statusCode":404,"duration":"2805ms","headers":{"authorization":"Bearer ***"},"body":null,"files":null}}
{"timestamp":"2025-09-01T18:05:48.920Z","level":"INFO","message":"User account status","data":{"activationMode":null,"_id":"6893398fedbebc3fbf926004","firstname":"Aremu","lastname":"Olakunle","email":"colprince31@gmail.com","password":"$2b$10$JWs.jQvK6M98mBafm5aPfubdF7lAN5PXcRhvPVa56f3g34s441aNm","status":"active","role":"admin","emailVerificationOTP":"2078","emailVerificationExpires":"2025-08-06T11:31:31.018Z","isEmailVerified":true,"isPro":true,"profileUpdateCount":0,"createdAt":"2025-08-06T11:16:31.021Z","updatedAt":"2025-08-11T16:14:38.859Z","__v":0,"proExpiresAt":"2026-08-11T16:14:38.596Z"}}
{"timestamp":"2025-09-01T18:05:50.543Z","level":"INFO","message":"File uploaded successfully using streaming","data":{"objectKey":"dev/sounds/sound-1756749224209.mp3","fileSize":57625344}}
{"timestamp":"2025-09-01T18:05:50.547Z","level":"INFO","message":"Uploading file to DigitalOcean Spaces using streaming","data":{"objectKey":"dev/thumbnails/test/thumbnail-1756749950544.jpg","fileSize":57365,"bucket":"comeaway-audio","region":"nyc3"}}
{"timestamp":"2025-09-01T18:05:50.553Z","level":"INFO","message":"Thumbnail upload progress: 100%","data":{"soundId":"68b5dda742ac301f8a1858c0"}}
{"timestamp":"2025-09-01T18:05:50.554Z","level":"INFO","message":"Thumbnail upload progress: 100%","data":{"soundId":"68b5dda742ac301f8a1858c0"}}
{"timestamp":"2025-09-01T18:05:51.427Z","level":"INFO","message":"File uploaded successfully using streaming","data":{"objectKey":"dev/thumbnails/test/thumbnail-1756749950544.jpg","fileSize":57365}}
{"timestamp":"2025-09-01T18:05:51.428Z","level":"INFO","message":"Files uploaded to DigitalOcean Spaces successfully","data":{"soundId":"68b5dda742ac301f8a1858c0","soundFileUrl":"https://comeaway-audio.nyc3.digitaloceanspaces.com/dev/sounds/sound-1756749224209.mp3","thumbnailUrl":"https://comeaway-audio.nyc3.digitaloceanspaces.com/dev/thumbnails/test/thumbnail-1756749950544.jpg"}}
{"timestamp":"2025-09-01T18:05:51.438Z","level":"DEBUG","message":"Local files cleaned up successfully","data":{"soundId":"68b5dda742ac301f8a1858c0"}}
{"timestamp":"2025-09-01T18:05:51.684Z","level":"INFO","message":"Sound record updated with file URLs","data":{"soundId":"68b5dda742ac301f8a1858c0","soundFileUrl":"https://comeaway-audio.nyc3.digitaloceanspaces.com/dev/sounds/sound-1756749224209.mp3","thumbnailUrl":"https://comeaway-audio.nyc3.digitaloceanspaces.com/dev/thumbnails/test/thumbnail-1756749950544.jpg"}}
{"timestamp":"2025-09-01T18:07:03.247Z","level":"INFO","message":"User account status","data":{"activationMode":null,"_id":"6893398fedbebc3fbf926004","firstname":"Aremu","lastname":"Olakunle","email":"colprince31@gmail.com","password":"$2b$10$JWs.jQvK6M98mBafm5aPfubdF7lAN5PXcRhvPVa56f3g34s441aNm","status":"active","role":"admin","emailVerificationOTP":"2078","emailVerificationExpires":"2025-08-06T11:31:31.018Z","isEmailVerified":true,"isPro":true,"profileUpdateCount":0,"createdAt":"2025-08-06T11:16:31.021Z","updatedAt":"2025-08-11T16:14:38.859Z","__v":0,"proExpiresAt":"2026-08-11T16:14:38.596Z"}}
{"timestamp":"2025-09-01T18:07:09.677Z","level":"INFO","message":"User account status","data":{"activationMode":null,"_id":"6893398fedbebc3fbf926004","firstname":"Aremu","lastname":"Olakunle","email":"colprince31@gmail.com","password":"$2b$10$JWs.jQvK6M98mBafm5aPfubdF7lAN5PXcRhvPVa56f3g34s441aNm","status":"active","role":"admin","emailVerificationOTP":"2078","emailVerificationExpires":"2025-08-06T11:31:31.018Z","isEmailVerified":true,"isPro":true,"profileUpdateCount":0,"createdAt":"2025-08-06T11:16:31.021Z","updatedAt":"2025-08-11T16:14:38.859Z","__v":0,"proExpiresAt":"2026-08-11T16:14:38.596Z"}}
{"timestamp":"2025-09-01T18:07:16.403Z","level":"INFO","message":"User account status","data":{"activationMode":null,"_id":"6893398fedbebc3fbf926004","firstname":"Aremu","lastname":"Olakunle","email":"colprince31@gmail.com","password":"$2b$10$JWs.jQvK6M98mBafm5aPfubdF7lAN5PXcRhvPVa56f3g34s441aNm","status":"active","role":"admin","emailVerificationOTP":"2078","emailVerificationExpires":"2025-08-06T11:31:31.018Z","isEmailVerified":true,"isPro":true,"profileUpdateCount":0,"createdAt":"2025-08-06T11:16:31.021Z","updatedAt":"2025-08-11T16:14:38.859Z","__v":0,"proExpiresAt":"2026-08-11T16:14:38.596Z"}}
{"timestamp":"2025-09-01T18:07:17.053Z","level":"INFO","message":"User account status","data":{"activationMode":null,"_id":"6893398fedbebc3fbf926004","firstname":"Aremu","lastname":"Olakunle","email":"colprince31@gmail.com","password":"$2b$10$JWs.jQvK6M98mBafm5aPfubdF7lAN5PXcRhvPVa56f3g34s441aNm","status":"active","role":"admin","emailVerificationOTP":"2078","emailVerificationExpires":"2025-08-06T11:31:31.018Z","isEmailVerified":true,"isPro":true,"profileUpdateCount":0,"createdAt":"2025-08-06T11:16:31.021Z","updatedAt":"2025-08-11T16:14:38.859Z","__v":0,"proExpiresAt":"2026-08-11T16:14:38.596Z"}}
{"timestamp":"2025-09-01T18:07:17.054Z","level":"INFO","message":"User account status","data":{"activationMode":null,"_id":"6893398fedbebc3fbf926004","firstname":"Aremu","lastname":"Olakunle","email":"colprince31@gmail.com","password":"$2b$10$JWs.jQvK6M98mBafm5aPfubdF7lAN5PXcRhvPVa56f3g34s441aNm","status":"active","role":"admin","emailVerificationOTP":"2078","emailVerificationExpires":"2025-08-06T11:31:31.018Z","isEmailVerified":true,"isPro":true,"profileUpdateCount":0,"createdAt":"2025-08-06T11:16:31.021Z","updatedAt":"2025-08-11T16:14:38.859Z","__v":0,"proExpiresAt":"2026-08-11T16:14:38.596Z"}}
{"timestamp":"2025-09-01T18:07:17.307Z","level":"ERROR","message":"Request Error","data":{"method":"GET","url":"/admin/all-subscriptions","statusCode":404,"duration":"485ms","headers":{"authorization":"Bearer ***"},"body":null,"files":null}}
{"timestamp":"2025-09-01T18:07:17.569Z","level":"INFO","message":"User account status","data":{"activationMode":null,"_id":"6893398fedbebc3fbf926004","firstname":"Aremu","lastname":"Olakunle","email":"colprince31@gmail.com","password":"$2b$10$JWs.jQvK6M98mBafm5aPfubdF7lAN5PXcRhvPVa56f3g34s441aNm","status":"active","role":"admin","emailVerificationOTP":"2078","emailVerificationExpires":"2025-08-06T11:31:31.018Z","isEmailVerified":true,"isPro":true,"profileUpdateCount":0,"createdAt":"2025-08-06T11:16:31.021Z","updatedAt":"2025-08-11T16:14:38.859Z","__v":0,"proExpiresAt":"2026-08-11T16:14:38.596Z"}}
{"timestamp":"2025-09-01T18:07:17.822Z","level":"ERROR","message":"Request Error","data":{"method":"GET","url":"/admin/all-subscriptions","statusCode":404,"duration":"503ms","headers":{"authorization":"Bearer ***"},"body":null,"files":null}}
{"timestamp":"2025-09-01T18:07:18.158Z","level":"INFO","message":"User account status","data":{"activationMode":null,"_id":"6893398fedbebc3fbf926004","firstname":"Aremu","lastname":"Olakunle","email":"colprince31@gmail.com","password":"$2b$10$JWs.jQvK6M98mBafm5aPfubdF7lAN5PXcRhvPVa56f3g34s441aNm","status":"active","role":"admin","emailVerificationOTP":"2078","emailVerificationExpires":"2025-08-06T11:31:31.018Z","isEmailVerified":true,"isPro":true,"profileUpdateCount":0,"createdAt":"2025-08-06T11:16:31.021Z","updatedAt":"2025-08-11T16:14:38.859Z","__v":0,"proExpiresAt":"2026-08-11T16:14:38.596Z"}}
{"timestamp":"2025-09-01T18:07:19.005Z","level":"INFO","message":"User account status","data":{"activationMode":null,"_id":"6893398fedbebc3fbf926004","firstname":"Aremu","lastname":"Olakunle","email":"colprince31@gmail.com","password":"$2b$10$JWs.jQvK6M98mBafm5aPfubdF7lAN5PXcRhvPVa56f3g34s441aNm","status":"active","role":"admin","emailVerificationOTP":"2078","emailVerificationExpires":"2025-08-06T11:31:31.018Z","isEmailVerified":true,"isPro":true,"profileUpdateCount":0,"createdAt":"2025-08-06T11:16:31.021Z","updatedAt":"2025-08-11T16:14:38.859Z","__v":0,"proExpiresAt":"2026-08-11T16:14:38.596Z"}}
{"timestamp":"2025-09-01T18:07:23.412Z","level":"INFO","message":"User account status","data":{"activationMode":null,"_id":"6893398fedbebc3fbf926004","firstname":"Aremu","lastname":"Olakunle","email":"colprince31@gmail.com","password":"$2b$10$JWs.jQvK6M98mBafm5aPfubdF7lAN5PXcRhvPVa56f3g34s441aNm","status":"active","role":"admin","emailVerificationOTP":"2078","emailVerificationExpires":"2025-08-06T11:31:31.018Z","isEmailVerified":true,"isPro":true,"profileUpdateCount":0,"createdAt":"2025-08-06T11:16:31.021Z","updatedAt":"2025-08-11T16:14:38.859Z","__v":0,"proExpiresAt":"2026-08-11T16:14:38.596Z"}}
{"timestamp":"2025-09-01T18:08:26.476Z","level":"INFO","message":"User account status","data":{"activationMode":null,"_id":"6893398fedbebc3fbf926004","firstname":"Aremu","lastname":"Olakunle","email":"colprince31@gmail.com","password":"$2b$10$JWs.jQvK6M98mBafm5aPfubdF7lAN5PXcRhvPVa56f3g34s441aNm","status":"active","role":"admin","emailVerificationOTP":"2078","emailVerificationExpires":"2025-08-06T11:31:31.018Z","isEmailVerified":true,"isPro":true,"profileUpdateCount":0,"createdAt":"2025-08-06T11:16:31.021Z","updatedAt":"2025-08-11T16:14:38.859Z","__v":0,"proExpiresAt":"2026-08-11T16:14:38.596Z"}}
